window_index,window_start,window_end,dataset,spearman,spearman_pvalue,auroc,n_valid
0,1,81,incarnato_invitro,0.5310432851274042,5.1162916862638596e-05,0.8757396449704142,52
0,1,81,incarnato_invivo,0.560600169345569,1.5443457483163173e-05,0.893491124260355,52
0,1,81,pyle,0.2704642036949076,0.018931876361901422,0.775623268698061,75
0,1,81,zhang_invitro,0.6343757816130342,7.615680282259283e-10,0.9556786703601108,76
0,1,81,zhang_invivo,0.7197379656644964,2.374091988463788e-13,0.9889196675900276,76
1,82,162,incarnato_invitro,0.4719116116618566,8.690893419191773e-06,0.8072562358276644,81
1,82,162,incarnato_invivo,0.49575008179126834,2.52798525088785e-06,0.8095238095238095,81
1,82,162,pyle,0.3644017445143601,0.0008245385147595748,0.7857142857142856,81
1,82,162,zhang_invitro,0.3067003682874246,0.0053551887783800985,0.8073593073593074,81
1,82,162,zhang_invivo,0.47249743983782866,8.440361030519032e-06,0.7868480725623582,81
2,163,243,incarnato_invitro,0.3712152790032959,0.0006453949938403572,0.7641723356009069,81
2,163,243,incarnato_invivo,0.40874867825858036,0.00015158271988958158,0.7573696145124716,81
2,163,243,pyle,0.38159063806400567,0.00043986306737090706,0.7936507936507937,81
2,163,243,zhang_invitro,0.047243592733663915,0.6753494124413219,0.5714285714285714,81
2,163,243,zhang_invivo,0.6042803970344116,2.3281701538947488e-09,0.9070294784580499,81
3,244,324,incarnato_invitro,-0.012961129085590047,0.9085704458064505,0.46031746031746035,81
3,244,324,incarnato_invivo,0.0582961058132306,0.605190951237119,0.5328798185941043,81
3,244,324,pyle,-0.13541399164721107,0.22807033197933058,0.37414965986394555,81
3,244,324,zhang_invitro,0.15471736374341655,0.16785354633487568,0.6601731601731602,81
3,244,324,zhang_invivo,0.06952506191272777,0.5374016096793761,0.5317460317460317,81
4,325,405,incarnato_invitro,0.6554840103450579,3.130719717213768e-11,0.9206349206349207,81
4,325,405,incarnato_invivo,0.6908932328085063,9.473871396520106e-13,0.9319727891156462,81
4,325,405,pyle,0.4437427237032602,3.3356840142233056e-05,0.8412698412698412,81
4,325,405,zhang_invitro,0.6620641863473691,1.6934302678974153e-11,0.981859410430839,81
4,325,405,zhang_invivo,0.5689976098730534,2.986060944557144e-08,0.9160997732426304,81
5,406,486,incarnato_invitro,0.4762807631468482,6.978414199177996e-06,0.7950310559006211,81
5,406,486,incarnato_invivo,0.45837030613074137,1.683811144773556e-05,0.7913832199546484,81
5,406,486,pyle,0.3858641036860611,0.0003742156955212838,0.7936507936507936,81
5,406,486,zhang_invitro,0.3774485610933068,0.0005133949547258786,0.81859410430839,81
5,406,486,zhang_invivo,0.5896768556109084,6.946556803515801e-09,0.9068322981366459,81
6,487,567,incarnato_invitro,0.5547696048648595,7.695057495819521e-08,0.8435374149659864,81
6,487,567,incarnato_invivo,0.7228639709277634,2.5480685948092986e-14,0.9614512471655329,81
6,487,567,pyle,0.38080665324621665,0.0004529936379234673,0.782312925170068,81
6,487,567,zhang_invitro,0.33449032689761055,0.0022728419502714265,0.732919254658385,81
6,487,567,zhang_invivo,0.6703605644761804,7.63221975194656e-12,0.9478458049886622,81
7,568,648,incarnato_invitro,0.5409815744568748,1.8481126288229532e-07,0.9070294784580499,81
7,568,648,incarnato_invivo,0.48608989388485613,4.216551726892359e-06,0.8480725623582765,81
7,568,648,pyle,0.45712908684866294,1.7865572747617074e-05,0.8117913832199546,81
7,568,648,zhang_invitro,0.4655742257038536,1.1885195101263923e-05,0.7687074829931972,81
7,568,648,zhang_invivo,0.5761311811336343,1.826275840946049e-08,0.9029304029304029,81
8,649,729,incarnato_invitro,0.5066295365963166,1.3940981352852896e-06,0.8419913419913421,81
8,649,729,incarnato_invivo,0.5512843640154096,9.638692988962863e-08,0.8956916099773242,81
8,649,729,pyle,0.39743961350194884,0.00023885979783101096,0.8072562358276645,81
8,649,729,zhang_invitro,0.49060298983503337,3.3265871910795964e-06,0.8266666666666667,81
8,649,729,zhang_invivo,0.5865794739095781,8.698814495607e-09,0.8834154351395731,81
9,730,810,incarnato_invitro,0.5002745929658877,1.9786019152315147e-06,0.8181818181818181,81
9,730,810,incarnato_invivo,0.4635525542665904,1.3116193778833795e-05,0.7891156462585034,81
9,730,810,pyle,0.05728912042816228,0.6114493356368266,0.5238095238095237,81
9,730,810,zhang_invitro,0.45646566259639315,1.84384796934395e-05,0.8027210884353742,81
9,730,810,zhang_invivo,0.4607326488299375,1.5033433725354558e-05,0.829004329004329,81
10,811,891,incarnato_invitro,0.3685411545660179,0.0007109770470653287,0.8117913832199547,81
10,811,891,incarnato_invivo,0.33302267401554225,0.0023828306515171244,0.764172335600907,81
10,811,891,pyle,0.20061021559557338,0.07253710652798533,0.6825396825396826,81
10,811,891,zhang_invitro,0.13164372726639442,0.2414038797558856,0.5668934240362812,81
10,811,891,zhang_invivo,0.2542145154885867,0.02201368344409586,0.7346938775510203,81
11,892,972,incarnato_invitro,0.489027125816486,3.615064123168005e-06,0.8208616780045351,81
11,892,972,incarnato_invivo,0.4061425750590606,0.00016857229589191232,0.8276643990929706,81
11,892,972,pyle,0.22271443385902284,0.04566772346068627,0.6938775510204082,81
11,892,972,zhang_invitro,0.37937765524550576,0.0004778538984306224,0.782312925170068,81
11,892,972,zhang_invivo,0.47421246439860426,7.745278571129429e-06,0.8253968253968254,81
12,973,1053,incarnato_invitro,0.3938716972651251,0.0003006603557199256,0.8150000000000001,80
12,973,1053,incarnato_invivo,0.2553124524955143,0.02227384364643318,0.615,80
12,973,1053,pyle,-0.04655394621113371,0.679828489092748,0.5306122448979591,81
12,973,1053,zhang_invitro,0.40439470384373116,0.00018093308436405625,0.7683982683982684,81
12,973,1053,zhang_invivo,0.4493952174189068,2.570785080561446e-05,0.7965367965367965,81
13,1054,1134,incarnato_invitro,0.21768836625545665,0.05091156839004435,0.6439909297052153,81
13,1054,1134,incarnato_invivo,0.3020572212625446,0.006132883205287982,0.6984126984126985,81
13,1054,1134,pyle,0.17950286611193414,0.10883106337131424,0.603174603174603,81
13,1054,1134,zhang_invitro,0.47131410139667,8.95358831747001e-06,0.8321995464852607,81
13,1054,1134,zhang_invivo,0.6931725466224871,7.435504302266297e-13,0.909297052154195,81
14,1135,1215,incarnato_invitro,0.5866984000752417,8.62438359309652e-09,0.9070294784580499,81
14,1135,1215,incarnato_invivo,0.5547633906160507,7.698165694805424e-08,0.8435374149659863,81
14,1135,1215,pyle,0.2328062619687234,0.03648137773648515,0.7891156462585034,81
14,1135,1215,zhang_invitro,0.43617874378270705,4.693121467196057e-05,0.7835497835497834,81
14,1135,1215,zhang_invivo,0.5144427813381088,8.975926541034413e-07,0.8390022675736961,81
15,1216,1296,incarnato_invitro,0.4254006394047856,7.529615540751714e-05,0.8435374149659863,81
15,1216,1296,incarnato_invivo,0.4623921295938519,1.387565277903366e-05,0.7845804988662131,81
15,1216,1296,pyle,0.33970821332318535,0.0019177749858510136,0.7392290249433107,81
15,1216,1296,zhang_invitro,0.4038604023490163,0.00018487517856174895,0.8276643990929705,81
15,1216,1296,zhang_invivo,0.5736833961856139,2.1647611129091274e-08,0.896103896103896,81
16,1297,1377,incarnato_invitro,0.24093738296584308,0.030253053430906653,0.6870748299319728,81
16,1297,1377,incarnato_invivo,0.264443728848438,0.01704954653343374,0.6825396825396826,81
16,1297,1377,pyle,0.09301697052961361,0.40884166081286905,0.5986394557823129,81
16,1297,1377,zhang_invitro,0.19546704778528745,0.08033044391213667,0.6598639455782314,81
16,1297,1377,zhang_invivo,0.19504214404923506,0.08100303183454251,0.7551020408163265,81
17,1378,1458,incarnato_invitro,0.31411955020717086,0.0042928617198235925,0.6961451247165533,81
17,1378,1458,incarnato_invivo,0.3492602412848261,0.0013946181278229853,0.7596371882086168,81
17,1378,1458,pyle,-0.18951416784775016,0.09016831783590791,0.3854875283446712,81
17,1378,1458,zhang_invitro,0.2656376924709101,0.01653840626839651,0.6558441558441558,81
17,1378,1458,zhang_invivo,0.12666128413091665,0.25983609455830325,0.6213151927437642,81
18,1459,1539,incarnato_invitro,0.47149887653149747,8.871567875076437e-06,0.8231292517006803,81
18,1459,1539,incarnato_invivo,0.40611767972233087,0.0001687427448660079,0.8185941043083901,81
18,1459,1539,pyle,0.37032776872419304,0.000666522301796758,0.7664399092970522,81
18,1459,1539,zhang_invitro,0.3768596370350682,0.0005247170368096146,0.7664399092970522,81
18,1459,1539,zhang_invivo,0.3213663078356354,0.0034405307057227895,0.7445887445887446,81
19,1540,1620,incarnato_invitro,0.03327418776001074,0.7680742579412702,0.5351473922902494,81
19,1540,1620,incarnato_invivo,0.10936461385510056,0.33109920034574375,0.5986394557823129,81
19,1540,1620,pyle,0.040508712904590856,0.7195507447048621,0.5034013605442177,81
19,1540,1620,zhang_invitro,0.02873789212434438,0.7989752041598166,0.5173160173160173,81
19,1540,1620,zhang_invivo,0.17667612590718215,0.11460923313568566,0.582766439909297,81
20,1621,1701,incarnato_invitro,0.4759102720826973,7.110323489001582e-06,0.7959183673469388,81
20,1621,1701,incarnato_invivo,0.5296588226725206,3.6874958186140697e-07,0.8701298701298701,81
20,1621,1701,pyle,0.31611485417540697,0.0040412153224546775,0.7414965986394557,81
20,1621,1701,zhang_invitro,0.42150005381300537,8.899864261941258e-05,0.8051948051948052,81
20,1621,1701,zhang_invivo,0.624624302851188,4.6160240970904886e-10,0.8979591836734695,81
21,1702,1782,incarnato_invitro,0.4625878821673385,1.374472043551313e-05,0.8140589569160998,81
21,1702,1782,incarnato_invivo,0.48698448602824945,4.024065075612349e-06,0.8616780045351473,81
21,1702,1782,pyle,0.4897176266707306,3.4858809724244075e-06,0.81859410430839,81
21,1702,1782,zhang_invitro,0.2841809418609023,0.010137016522762814,0.7120181405895691,81
21,1702,1782,zhang_invivo,0.5204344006808309,6.356058885889911e-07,0.876984126984127,81
22,1783,1863,incarnato_invitro,0.08030282455831374,0.4788888471308323,0.655,80
22,1783,1863,incarnato_invivo,0.22253615712266886,0.045845772525579254,0.5691609977324262,81
22,1783,1863,pyle,0.030136111278483,0.7894152255866929,0.4988662131519275,81
22,1783,1863,zhang_invitro,0.5070383644652873,1.3627160016832918e-06,0.8503401360544217,81
22,1783,1863,zhang_invivo,0.5533380244947015,8.44347735729856e-08,0.8701298701298701,81
23,1864,1944,incarnato_invitro,0.4473978854221919,2.8201069715074757e-05,0.7959183673469388,81
23,1864,1944,incarnato_invivo,0.4016340229780277,0.00020216886191007103,0.7029478458049886,81
23,1864,1944,pyle,0.45555070277865695,1.9256797268327597e-05,0.81859410430839,81
23,1864,1944,zhang_invitro,0.4493697754835519,2.573827372819628e-05,0.8321995464852607,81
23,1864,1944,zhang_invivo,0.4322381271187926,5.588956083099412e-05,0.768595041322314,81
24,1945,2025,incarnato_invitro,0.2892806044401247,0.00881059458968478,0.6303854875283446,81
24,1945,2025,incarnato_invivo,0.3384955221395,0.001995516530157083,0.7256235827664399,81
24,1945,2025,pyle,0.2200590359921091,0.04837963735808175,0.6258503401360545,81
24,1945,2025,zhang_invitro,0.27947477467965964,0.011512555955027867,0.7052154195011338,81
24,1945,2025,zhang_invivo,0.3945782048906591,0.00026730474782774233,0.8163265306122449,81
25,2026,2106,incarnato_invitro,-0.056205875615643476,0.6182128690847231,0.48072562358276644,81
25,2026,2106,incarnato_invivo,0.38521566164033155,0.00038356111766150617,0.7835497835497836,81
25,2026,2106,pyle,0.3309322425995245,0.002547745460656636,0.7074829931972789,81
25,2026,2106,zhang_invitro,-0.06234419307568065,0.5803216099427468,0.45124716553287986,81
25,2026,2106,zhang_invivo,0.13727460385904053,0.2216835127230354,0.5649350649350648,81
26,2107,2187,incarnato_invitro,0.3878918767847928,0.0003463217712319297,0.7959183673469388,81
26,2107,2187,incarnato_invivo,0.41368176664267836,0.00012367346125001622,0.8253968253968254,81
26,2107,2187,pyle,0.3210301373311941,0.0034764486833466558,0.746031746031746,81
26,2107,2187,zhang_invitro,0.46071958912478655,1.5042893322666123e-05,0.782312925170068,81
26,2107,2187,zhang_invivo,0.5145075220314923,8.942829363195804e-07,0.8072562358276644,81
27,2188,2268,incarnato_invitro,0.4972856408374408,2.3271738300751476e-06,0.8435374149659863,81
27,2188,2268,incarnato_invivo,0.6161488198639321,9.186403941148356e-10,0.909297052154195,81
27,2188,2268,pyle,0.5174070992594955,7.573203928704896e-07,0.8866213151927438,81
27,2188,2268,zhang_invitro,0.5599743347882644,5.470850083025631e-08,0.9138321995464852,81
27,2188,2268,zhang_invivo,0.6817179064660942,2.4575588797597714e-12,0.9047619047619048,81
28,2269,2349,incarnato_invitro,0.49168253569723697,3.141616153831539e-06,0.870748299319728,81
28,2269,2349,incarnato_invivo,0.3646708738676938,0.000816681432207078,0.7981859410430839,81
28,2269,2349,pyle,0.2036746661749816,0.06819008613085713,0.7233560090702948,81
28,2269,2349,zhang_invitro,0.13844382153480692,0.21773490183321814,0.6122448979591837,81
28,2269,2349,zhang_invivo,0.18984673382639516,0.08959473901616259,0.63718820861678,81
29,2350,2430,incarnato_invitro,0.06108734781602219,0.5879926263041629,0.5306122448979592,81
29,2350,2430,incarnato_invivo,0.009661237653086314,0.9317830856014909,0.49206349206349204,81
29,2350,2430,pyle,-0.06734540973108961,0.5502624847746712,0.46258503401360546,81
29,2350,2430,zhang_invitro,0.3382863710091232,0.0020092077029391373,0.7596371882086168,81
29,2350,2430,zhang_invivo,0.2288247461181628,0.03990201368303207,0.6984126984126984,81
30,2431,2511,incarnato_invitro,0.07630709751363587,0.49835658875033284,0.4988662131519274,81
30,2431,2511,incarnato_invivo,0.12862658896530413,0.25245462548785225,0.603896103896104,81
30,2431,2511,pyle,-0.23401532230123095,0.03549249099191542,0.33549783549783546,81
30,2431,2511,zhang_invitro,0.539531031922996,2.0219813936528693e-07,0.8639455782312925,81
30,2431,2511,zhang_invivo,0.37921691007284886,0.0004807271028227865,0.7619047619047619,81
31,2512,2592,incarnato_invitro,-0.10627769846542161,0.3450109926618501,0.39909297052154197,81
31,2512,2592,incarnato_invivo,-0.056441648232479415,0.6167380279177995,0.48752834467120176,81
31,2512,2592,pyle,-0.13328891978313914,0.23552092631912452,0.4126984126984127,81
31,2512,2592,zhang_invitro,0.07324531337267154,0.5157984353699794,0.5192743764172336,81
31,2512,2592,zhang_invivo,-0.12439799225058931,0.26851668927193817,0.4058956916099773,81
32,2593,2673,incarnato_invitro,0.18184629624562465,0.1042143901867661,0.6190476190476191,81
32,2593,2673,incarnato_invivo,0.20956465839458974,0.06042568647383342,0.6802721088435374,81
32,2593,2673,pyle,0.24818365425061278,0.025482249079138774,0.7233560090702947,81
32,2593,2673,zhang_invitro,0.27442405393302016,0.01316686034062462,0.6956521739130435,81
32,2593,2673,zhang_invivo,0.35590199719130344,0.0011109809209521259,0.696969696969697,81
33,2674,2754,incarnato_invitro,0.4395964593359997,4.0262298456776195e-05,0.8594104308390023,81
33,2674,2754,incarnato_invivo,0.6219308445086628,5.757349193264413e-10,0.8843537414965986,81
33,2674,2754,pyle,0.3611042943621981,0.0009265498642860462,0.782312925170068,81
33,2674,2754,zhang_invitro,0.5786668380681113,1.5290851768324267e-08,0.9365079365079365,81
33,2674,2754,zhang_invivo,0.6901484466289882,1.0249421819967608e-12,0.9523809523809524,81
34,2755,2835,incarnato_invitro,0.5724569918249837,2.3560327442823543e-08,0.9410430839002267,81
34,2755,2835,incarnato_invivo,0.4660358799438976,1.1619686099638546e-05,0.820861678004535,81
34,2755,2835,pyle,0.23932208889907874,0.03141342669937683,0.6848072562358276,81
34,2755,2835,zhang_invitro,0.3903313276505262,0.0003152972960959962,0.7959183673469388,81
34,2755,2835,zhang_invivo,0.5485316130912629,1.1494364211491812e-07,0.8752834467120181,81
35,2836,2916,incarnato_invitro,0.561920217447666,4.8084927778778804e-08,0.8831168831168832,81
35,2836,2916,incarnato_invivo,0.6097668756914534,1.5219143538891651e-09,0.8979591836734695,81
35,2836,2916,pyle,0.38296270509411257,0.00041771852207867773,0.7936507936507935,81
35,2836,2916,zhang_invitro,0.5715247145447474,2.5120800362431997e-08,0.8775510204081632,81
35,2836,2916,zhang_invivo,0.6032108383244835,2.5269660451595723e-09,0.8985507246376812,81
36,2917,2997,incarnato_invitro,0.014046312773495556,0.9009526085059855,0.473922902494331,81
36,2917,2997,incarnato_invivo,0.10012658110409105,0.3738038595255655,0.577922077922078,81
36,2917,2997,pyle,0.14479099372770515,0.19716428348145337,0.5986394557823129,81
36,2917,2997,zhang_invitro,0.03022787554853761,0.7887888792831406,0.4852607709750567,81
36,2917,2997,zhang_invivo,0.27117333791545273,0.014337414760148326,0.7346938775510203,81
37,2998,3078,incarnato_invitro,0.5327639237558773,3.0587745532969155e-07,0.8299319727891156,81
37,2998,3078,incarnato_invivo,0.5427108683849272,1.659339183394152e-07,0.8866213151927438,81
37,2998,3078,pyle,0.2648814168069974,0.016860614016510886,0.6689342403628118,81
37,2998,3078,zhang_invitro,0.3636908406474856,0.000845624857466654,0.7755102040816326,81
37,2998,3078,zhang_invivo,0.5399925904361298,1.965042095990583e-07,0.8163265306122449,81
38,3079,3159,incarnato_invitro,0.4076373286836451,0.00015862456653452638,0.7392290249433106,81
38,3079,3159,incarnato_invivo,0.3447590904970632,0.0016224857484481746,0.7392290249433107,81
38,3079,3159,pyle,-0.09826046510971327,0.38281925168838926,0.4081632653061225,81
38,3079,3159,zhang_invitro,0.4143943131880018,0.00012005994684127784,0.8231292517006803,81
38,3079,3159,zhang_invivo,0.38300178283587355,0.00041710305045724737,0.8163265306122449,81
39,3160,3240,incarnato_invitro,0.4908342874287495,3.286114600835844e-06,0.870748299319728,81
39,3160,3240,incarnato_invivo,0.592337201702811,5.7153018826969306e-09,0.8843537414965986,81
39,3160,3240,pyle,0.3410528540025846,0.0018347724498119014,0.7619047619047619,81
39,3160,3240,zhang_invitro,0.6068390140180172,1.91140323727267e-09,0.9437229437229437,81
39,3160,3240,zhang_invivo,0.6911798078351803,9.19076634986662e-13,0.9420289855072463,81
40,3241,3321,incarnato_invitro,0.048741950367946145,0.6656569146648292,0.5850340136054422,81
40,3241,3321,incarnato_invivo,0.13989336509506753,0.2129087931026002,0.6054421768707483,81
40,3241,3321,pyle,-0.035988912301568164,0.749749838156556,0.49433106575963714,81
40,3241,3321,zhang_invitro,0.216203218107152,0.05255248171788994,0.673469387755102,81
40,3241,3321,zhang_invivo,0.059865625123876845,0.5954930408035046,0.5,81
41,3322,3402,incarnato_invitro,0.3977399272562307,0.00023604186625595178,0.7868480725623582,81
41,3322,3402,incarnato_invivo,0.4946805399293433,2.6773705750568877e-06,0.8435374149659863,81
41,3322,3402,pyle,0.2731428499421687,0.013617923388646532,0.7210884353741498,81
41,3322,3402,zhang_invitro,0.33358184473355623,0.0023403740373559223,0.7683982683982684,81
41,3322,3402,zhang_invivo,0.37943632770200264,0.00047680908983380865,0.7687074829931972,81
42,3403,3483,incarnato_invitro,0.18589834793620502,0.09659329782409333,0.6255411255411255,81
42,3403,3483,incarnato_invivo,0.45515578128944606,1.9620380440227473e-05,0.8095238095238095,81
42,3403,3483,pyle,0.23496050597579998,0.034735139714258435,0.7052154195011338,81
42,3403,3483,zhang_invitro,0.4802731465861674,5.69530861251173e-06,0.8639455782312926,81
42,3403,3483,zhang_invivo,0.700483397991857,3.366570520866812e-13,0.9632034632034632,81
43,3484,3564,incarnato_invitro,0.3720894299971116,0.0006251845844956122,0.7619047619047619,81
43,3484,3564,incarnato_invivo,0.2947750955041669,0.00755406667716708,0.6462585034013605,81
43,3484,3564,pyle,0.005242939058034587,0.9629489159623256,0.562358276643991,81
43,3484,3564,zhang_invitro,0.4768867419496048,6.767597928818159e-06,0.8412698412698412,81
43,3484,3564,zhang_invivo,0.4084334872936136,0.00015354996425223587,0.7709750566893423,81
44,3565,3645,incarnato_invitro,0.10345586591554352,0.3580431377143173,0.5600907029478458,81
44,3565,3645,incarnato_invivo,0.1811433327850835,0.10558294901763297,0.5986394557823129,81
44,3565,3645,pyle,0.24433050245224008,0.027932830131284572,0.6054421768707483,81
44,3565,3645,zhang_invitro,0.16944731367022214,0.13046226713530507,0.5941043083900226,81
44,3565,3645,zhang_invivo,0.43051832198871526,6.0276778422650106e-05,0.8299319727891157,81
45,3646,3726,incarnato_invitro,0.13633311041609367,0.22489943669182957,0.5963718820861678,81
45,3646,3726,incarnato_invivo,-0.02602289909575493,0.8176217592201696,0.4852607709750567,81
45,3646,3726,pyle,-6.779739234673452e-05,0.9995207167420349,0.5011337868480725,81
45,3646,3726,zhang_invitro,0.25988705925953787,0.01912716757532973,0.7052154195011338,81
45,3646,3726,zhang_invivo,0.2033879769846549,0.0685876397230988,0.5930735930735931,81
46,3727,3807,incarnato_invitro,0.22700235436769184,0.0415544872726277,0.6417233560090703,81
46,3727,3807,incarnato_invivo,0.2059639608546382,0.06508176022873545,0.6298701298701299,81
46,3727,3807,pyle,-0.04760479985133648,0.6730079448961067,0.5056689342403629,81
46,3727,3807,zhang_invitro,0.26668581846186906,0.01610063467127803,0.6802721088435374,81
46,3727,3807,zhang_invivo,0.23973099247020102,0.031116200615139828,0.696969696969697,81
47,3808,3888,incarnato_invitro,0.4734906454505576,8.031014809008623e-06,0.8276643990929705,81
47,3808,3888,incarnato_invivo,0.3730651347672603,0.0006033094326106664,0.7845804988662131,81
47,3808,3888,pyle,0.0876507287389366,0.4365131750418224,0.5011337868480725,81
47,3808,3888,zhang_invitro,0.5852913560108828,9.545227671579092e-09,0.8979591836734694,81
47,3808,3888,zhang_invivo,0.5874002118534031,8.197359812036768e-09,0.9274376417233561,81
48,3889,3969,incarnato_invitro,0.36765395913095017,0.0007340416327231171,0.8390022675736961,81
48,3889,3969,incarnato_invivo,0.30567415049532337,0.005519121920719929,0.8004535147392291,81
48,3889,3969,pyle,0.22733467083053374,0.04124898911492388,0.6281179138321995,81
48,3889,3969,zhang_invitro,0.27855702858593434,0.011798954883009721,0.7034632034632035,81
48,3889,3969,zhang_invivo,0.5346886079416847,2.7215523049553045e-07,0.9160997732426304,81
49,3970,4050,incarnato_invitro,0.17610770929100292,0.1157992223955284,0.6281179138321995,81
49,3970,4050,incarnato_invivo,0.30585132921513825,0.005490505157066983,0.7619047619047619,81
49,3970,4050,pyle,0.03529964270960721,0.7543897622516664,0.564625850340136,81
49,3970,4050,zhang_invitro,0.19516847489359954,0.08080259366972624,0.6666666666666666,81
49,3970,4050,zhang_invivo,0.40693628024588324,0.0001632206339168456,0.7233560090702948,81
50,4051,4131,incarnato_invitro,0.039025122301756525,0.7294187201572028,0.54421768707483,81
50,4051,4131,incarnato_invivo,0.15381142331439873,0.17038731289497733,0.63718820861678,81
50,4051,4131,pyle,0.016519777807858977,0.8836237146153307,0.4988662131519274,81
50,4051,4131,zhang_invitro,0.21565212337322057,0.05317230188537747,0.7414965986394557,81
50,4051,4131,zhang_invivo,0.3186210293769564,0.0037437934470071293,0.7052154195011338,81
51,4132,4212,incarnato_invitro,0.27940180583709107,0.011535103640752853,0.6757369614512472,81
51,4132,4212,incarnato_invivo,0.17128074894208464,0.12629184893251583,0.6145124716553287,81
51,4132,4212,pyle,0.11004584518209495,0.32807771934435526,0.5691609977324263,81
51,4132,4212,zhang_invitro,0.40080548273641053,0.00020897649647309458,0.8231292517006802,81
51,4132,4212,zhang_invivo,0.38475790084594386,0.0003902867024214464,0.7777777777777778,81
52,4213,4293,incarnato_invitro,0.3235446531429607,0.003215707875388727,0.7528344671201814,81
52,4213,4293,incarnato_invivo,0.3190289762410877,0.0039222181610118504,0.725,80
52,4213,4293,pyle,0.2903745897411927,0.008546732766001167,0.6848072562358276,81
52,4213,4293,zhang_invitro,0.37006120718337265,0.0006729898840418546,0.7256235827664399,81
52,4213,4293,zhang_invivo,0.36909471706599284,0.0006969225841156311,0.7414965986394557,81
53,4294,4374,incarnato_invitro,0.29905834586595853,0.0070445784415166,0.715,80
53,4294,4374,incarnato_invivo,0.35413438589437607,0.0011808491488312295,0.6948051948051948,81
53,4294,4374,pyle,0.2348940373390892,0.03478795310512366,0.6802721088435374,81
53,4294,4374,zhang_invitro,0.4507435292478553,2.4142724372437816e-05,0.7813852813852814,81
53,4294,4374,zhang_invivo,0.5184207484137823,7.14304345380395e-07,0.8390022675736962,81
54,4375,4455,incarnato_invitro,-0.20744148695035705,0.06313721622641913,0.31746031746031744,81
54,4375,4455,incarnato_invivo,-0.22781440185119708,0.04081126587768849,0.326530612244898,81
54,4375,4455,pyle,-0.13802419125256032,0.21914630544331049,0.326530612244898,81
54,4375,4455,zhang_invitro,0.31616566944274405,0.0040349817338122635,0.6969696969696969,81
54,4375,4455,zhang_invivo,0.09590060814008543,0.3944052229580653,0.5865800865800865,81
55,4456,4536,incarnato_invitro,-0.127500438896966,0.2566665885452818,0.40589569160997735,81
55,4456,4536,incarnato_invivo,-0.14017883102640086,0.2119673623412209,0.43764172335600904,81
55,4456,4536,pyle,-0.16222786032034456,0.1479076731439113,0.3854875283446712,81
55,4456,4536,zhang_invitro,0.04865556853175005,0.6662142302461346,0.49886621315192736,81
55,4456,4536,zhang_invivo,0.052248942182578764,0.6431864339683228,0.5260770975056689,81
56,4537,4617,incarnato_invitro,0.11703058925061854,0.2981146424900552,0.5873015873015872,81
56,4537,4617,incarnato_invivo,0.0683003656939838,0.5446095790103126,0.5578231292517006,81
56,4537,4617,pyle,-0.20711869166761632,0.06355796931595602,0.4308390022675737,81
56,4537,4617,zhang_invitro,0.04560318296894944,0.6860216402946757,0.5532879818594104,81
56,4537,4617,zhang_invivo,0.11715404095228973,0.29760172881427566,0.5714285714285714,81
57,4618,4698,incarnato_invitro,0.24493614344632164,0.027534935944819514,0.6780045351473922,81
57,4618,4698,incarnato_invivo,0.26577178841991583,0.016481832432116428,0.7210884353741497,81
57,4618,4698,pyle,0.4291074432498308,6.41124617868847e-05,0.834467120181406,81
57,4618,4698,zhang_invitro,0.27197231940934635,0.014041664741267336,0.7619047619047619,81
57,4618,4698,zhang_invivo,0.7006785973356741,3.295019259197134e-13,0.9696969696969696,81
58,4699,4779,incarnato_invitro,0.4085383458519444,0.00015289289527779017,0.8208616780045351,81
58,4699,4779,incarnato_invivo,0.4011978323158966,0.0002057268936174515,0.782312925170068,81
58,4699,4779,pyle,0.3516610977675698,0.001285298752003022,0.7256235827664399,81
58,4699,4779,zhang_invitro,0.3800909030206701,0.0004652936306593597,0.7891156462585034,81
58,4699,4779,zhang_invivo,0.5276599162266415,4.1549557933698426e-07,0.8684807256235828,81
59,4780,4860,incarnato_invitro,0.36747922425867346,0.0007386638029151741,0.7142857142857143,81
59,4780,4860,incarnato_invivo,0.4860563013421144,4.2239455815148685e-06,0.8208616780045351,81
59,4780,4860,pyle,0.42311874130854127,8.305364877247947e-05,0.8458049886621315,81
59,4780,4860,zhang_invitro,0.217458241263556,0.05116303841214407,0.6623376623376623,81
59,4780,4860,zhang_invivo,0.5840631974348945,1.0424910448981573e-08,0.9705215419501133,81
60,4861,4941,incarnato_invitro,0.180384612993775,0.10707570640945605,0.6530612244897959,81
60,4861,4941,incarnato_invivo,0.017316285740034434,0.8780546512745524,0.4718614718614718,81
60,4861,4941,pyle,0.17713198707123504,0.11366171860885674,0.6757369614512472,81
60,4861,4941,zhang_invitro,0.41334710428464855,0.00012540509295033098,0.803030303030303,81
60,4861,4941,zhang_invivo,0.48357917828372127,4.804020482594507e-06,0.8787878787878788,81
61,4942,5022,incarnato_invitro,0.25017159791849286,0.02429095041989533,0.6643990929705216,81
61,4942,5022,incarnato_invivo,0.1817000933369996,0.10449787977670154,0.5895691609977325,81
61,4942,5022,pyle,0.39504187220569065,0.00026249357049695066,0.7981859410430839,81
61,4942,5022,zhang_invitro,0.29108607288356503,0.00837887004041785,0.6790890269151139,81
61,4942,5022,zhang_invivo,0.49901272619060305,2.119291426274783e-06,0.8701298701298701,81
62,5023,5103,incarnato_invitro,0.38688841088585063,0.00035987777351751185,0.8140589569160998,81
62,5023,5103,incarnato_invivo,0.4653797191829304,1.199875196507256e-05,0.8072562358276644,81
62,5023,5103,pyle,0.2658305695675036,0.016457085819728347,0.7074829931972789,81
62,5023,5103,zhang_invitro,0.30809670499352027,0.005139061888289669,0.7596371882086167,81
62,5023,5103,zhang_invivo,0.5533148275589406,8.45615533771581e-08,0.9002267573696145,81
63,5104,5184,incarnato_invitro,0.4598090194919717,1.5716344383952172e-05,0.8276643990929705,81
63,5104,5184,incarnato_invivo,0.5991039991557596,3.4516202750438706e-09,0.873015873015873,81
63,5104,5184,pyle,0.28403556939545344,0.010177255583215247,0.671201814058957,81
63,5104,5184,zhang_invitro,0.5153666964501309,8.51436538532911e-07,0.8486394557823129,81
63,5104,5184,zhang_invivo,0.5211018791731375,6.11380319166557e-07,0.8866213151927437,81
64,5185,5265,incarnato_invitro,-0.03222181217763511,0.7752127683638766,0.4512471655328798,81
64,5185,5265,incarnato_invivo,0.07827253199327025,0.4873246250753854,0.5822510822510822,81
64,5185,5265,pyle,-0.0007457670994987439,0.99472795128725,0.43764172335600904,81
64,5185,5265,zhang_invitro,0.1815640366942573,0.10476223486061106,0.5604395604395604,81
64,5185,5265,zhang_invivo,0.2617530965486104,0.018251480159806165,0.7359307359307359,81
65,5266,5346,incarnato_invitro,0.4987088292312149,2.154554307234679e-06,0.8367346938775511,81
65,5266,5346,incarnato_invivo,0.35709178249983525,0.0010660863076022533,0.7256235827664399,81
65,5266,5346,pyle,0.34442010545183654,0.0016409371750346403,0.7891156462585034,81
65,5266,5346,zhang_invitro,0.4521156580554181,2.2641569300723326e-05,0.8591269841269841,81
65,5266,5346,zhang_invivo,0.6105932078405064,1.4265178435281704e-09,0.9004329004329005,81
66,5347,5427,incarnato_invitro,-0.0084418731541527,0.9403760065675487,0.5170068027210885,81
66,5347,5427,incarnato_invivo,-0.10784366180796467,0.33790858976307275,0.4421768707482993,81
66,5347,5427,pyle,0.010870120450269569,0.9232717185538855,0.49659863945578236,81
66,5347,5427,zhang_invitro,-0.14655532978563557,0.1917025844457542,0.28787878787878785,81
66,5347,5427,zhang_invivo,-0.11435344704214262,0.3093799732928031,0.3849206349206349,81
67,5428,5508,incarnato_invitro,0.11415406678536712,0.3102298547343861,0.5850340136054422,81
67,5428,5508,incarnato_invivo,0.20572686631024228,0.06539825999188018,0.6848072562358276,81
67,5428,5508,pyle,0.1915491495561016,0.08670356568656096,0.6757369614512472,81
67,5428,5508,zhang_invitro,0.07106804645848697,0.5283877946873653,0.551948051948052,81
67,5428,5508,zhang_invivo,0.3368458701627561,0.002105823059058029,0.7913832199546486,81
68,5509,5589,incarnato_invitro,0.3761179441214054,0.0005393006777216724,0.7823129251700681,81
68,5509,5589,incarnato_invivo,0.36788557209207146,0.0007279555044820724,0.7709750566893424,81
68,5509,5589,pyle,0.23156199356027174,0.03752299847904446,0.7097505668934241,81
68,5509,5589,zhang_invitro,0.5466281460737289,1.2970600747839752e-07,0.8701298701298702,81
68,5509,5589,zhang_invivo,0.6183304962760648,7.710173988576186e-10,0.9155844155844155,81
69,5590,5670,incarnato_invitro,0.051960555730929496,0.6450225418602857,0.5555555555555556,81
69,5590,5670,incarnato_invivo,-0.015062405824603615,0.8938278667799748,0.4489795918367347,81
69,5590,5670,pyle,-0.08510736419206145,0.4499891463107129,0.4671201814058957,81
69,5590,5670,zhang_invitro,0.1857023647659356,0.09695154586060614,0.6666666666666667,81
69,5590,5670,zhang_invivo,0.14529863984161429,0.1955814864622959,0.6363636363636364,81
70,5671,5751,incarnato_invitro,0.4725572878652169,8.415151390455326e-06,0.8276643990929705,81
70,5671,5751,incarnato_invivo,0.29909352879921147,0.006679952498329922,0.691609977324263,81
70,5671,5751,pyle,0.18112998512994485,0.10560906942960374,0.6009070294784581,81
70,5671,5751,zhang_invitro,0.11796538503984633,0.2942451804656672,0.5918367346938775,81
70,5671,5751,zhang_invivo,0.1251205446946438,0.26572445279228235,0.5995670995670995,81
71,5752,5832,incarnato_invitro,0.32719049161010755,0.002868670131886197,0.6991341991341992,81
71,5752,5832,incarnato_invivo,0.32196102533268645,0.003377799100442373,0.746031746031746,81
71,5752,5832,pyle,0.2207232145682061,0.04768918317569141,0.6485260770975056,81
71,5752,5832,zhang_invitro,0.10359063072908524,0.3574139274954757,0.5759637188208616,81
71,5752,5832,zhang_invivo,0.2875997004042282,0.00922992945935051,0.6213151927437641,81
72,5833,5913,incarnato_invitro,0.2815657541983682,0.01088253040060632,0.7097505668934241,81
72,5833,5913,incarnato_invivo,0.252573722285116,0.022914929840234816,0.6780045351473922,81
72,5833,5913,pyle,0.02919857221286113,0.7958220764938149,0.5454545454545454,81
72,5833,5913,zhang_invitro,0.48260998301072483,5.050712609690662e-06,0.8798185941043084,81
72,5833,5913,zhang_invivo,0.4205120641885704,9.281852296210681e-05,0.7913832199546486,81
73,5914,5994,incarnato_invitro,0.015243199893015962,0.8925610206396173,0.41496598639455784,81
73,5914,5994,incarnato_invivo,-0.04359129685869917,0.6991947847707425,0.4421768707482993,81
73,5914,5994,pyle,0.2252907347681988,0.043157888330456154,0.6371882086167799,81
73,5914,5994,zhang_invitro,-0.09326571772574495,0.407584327305216,0.47845804988662133,81
73,5914,5994,zhang_invivo,0.27144930055899863,0.014234661232754863,0.6598639455782312,81
74,5995,6075,incarnato_invitro,0.1453608965235458,0.19538800621606722,0.5963718820861678,81
74,5995,6075,incarnato_invivo,0.0447393285673806,0.6916666828926553,0.5351473922902494,81
74,5995,6075,pyle,-0.017807913697117476,0.8746201970528446,0.4285714285714286,81
74,5995,6075,zhang_invitro,0.22036835442864583,0.04805706422692453,0.7165532879818595,81
74,5995,6075,zhang_invivo,0.09942905844675094,0.37715846983338025,0.6031746031746033,81
75,6076,6156,incarnato_invitro,0.17837492494883583,0.11110898773791072,0.6796536796536797,81
75,6076,6156,incarnato_invivo,0.11127736799241507,0.32266020037009785,0.6258503401360543,81
75,6076,6156,pyle,0.060022612664395965,0.5945268673396923,0.5328798185941043,81
75,6076,6156,zhang_invitro,0.4077491778458791,0.0001579024311828128,0.782312925170068,81
75,6076,6156,zhang_invivo,0.34131224500139307,0.001819138267167024,0.7732426303854876,81
76,6157,6237,incarnato_invitro,0.3890486106397926,0.0003312773531291536,0.8004535147392291,81
76,6157,6237,incarnato_invivo,0.41025661551694975,0.00014248893779232922,0.8095238095238095,81
76,6157,6237,pyle,0.30079613132104144,0.006360634947603316,0.6825396825396824,81
76,6157,6237,zhang_invitro,0.4036131706428471,0.00018672592619017493,0.7321428571428572,81
76,6157,6237,zhang_invivo,0.39735564761114384,0.00023965319307163219,0.7551020408163265,81
77,6238,6318,incarnato_invitro,0.36503796302374136,0.0008060742956251733,0.7709750566893424,81
77,6238,6318,incarnato_invivo,0.4985650372665165,2.1714311985889322e-06,0.8594104308390023,81
77,6238,6318,pyle,0.07654239047225495,0.4970290637893312,0.5850340136054422,81
77,6238,6318,zhang_invitro,0.3898932675620822,0.00032067327728007563,0.7845804988662132,81
77,6238,6318,zhang_invivo,0.5761538757622647,1.823387206105843e-08,0.8819875776397514,81
78,6319,6399,incarnato_invitro,0.5344363884252408,2.763647332092575e-07,0.8820861678004535,81
78,6319,6399,incarnato_invivo,0.508942650759865,1.2251193709146864e-06,0.91156462585034,81
78,6319,6399,pyle,0.26146898664422485,0.01838254228401242,0.691609977324263,81
78,6319,6399,zhang_invitro,0.5248982773652398,4.893674469043914e-07,0.8299319727891157,81
78,6319,6399,zhang_invivo,0.6059549921171591,2.046610511986443e-09,0.8571428571428572,81
79,6400,6480,incarnato_invitro,0.18153469348068052,0.10481931629435172,0.6780045351473922,81
79,6400,6480,incarnato_invivo,0.141094888272481,0.20896625668384605,0.5396825396825397,81
79,6400,6480,pyle,0.15446418560830041,0.1685588328805134,0.5941043083900226,81
79,6400,6480,zhang_invitro,0.3350405486907286,0.0022327975526072593,0.7515527950310559,81
79,6400,6480,zhang_invivo,0.4287954894841077,6.499058687788314e-05,0.8012422360248447,81
80,6481,6561,incarnato_invitro,0.2990630167873981,0.006685801564737961,0.7294372294372296,81
80,6481,6561,incarnato_invivo,0.3512241142271094,0.0013045992761874313,0.8140589569160999,81
80,6481,6561,pyle,0.18742695079722443,0.09383461146781176,0.5963718820861679,81
80,6481,6561,zhang_invitro,0.3006297293405329,0.0063912377250658165,0.7278911564625851,81
80,6481,6561,zhang_invivo,0.4041417194151105,0.00018278984904004865,0.8138528138528138,81
81,6562,6642,incarnato_invitro,0.08687744388102205,0.4405860910774763,0.5555555555555556,81
81,6562,6642,incarnato_invivo,0.14099465427032956,0.2092931552910927,0.5850340136054422,81
81,6562,6642,pyle,-0.003627139983925709,0.974362817754641,0.5079365079365079,81
81,6562,6642,zhang_invitro,-0.019383796429916913,0.8636271818301178,0.4716553287981859,81
81,6562,6642,zhang_invivo,-0.03127367810297033,0.7816601984273337,0.4671201814058957,81
82,6643,6723,incarnato_invitro,0.47315179925770606,9.326765573244266e-06,0.8125,80
82,6643,6723,incarnato_invivo,0.19791789708773214,0.07843768729757715,0.6625,80
82,6643,6723,pyle,0.5276302228953612,4.1623049671363745e-07,0.8636363636363636,81
82,6643,6723,zhang_invitro,0.2999121350107841,0.0065247030626870775,0.7120181405895691,81
82,6643,6723,zhang_invivo,0.5104955062258805,1.1227290141126745e-06,0.8281573498964803,81
83,6724,6804,incarnato_invitro,0.4730669212226204,8.203320851272924e-06,0.8684807256235828,81
83,6724,6804,incarnato_invivo,0.3231829880793361,0.00763996956507479,0.6885813148788927,67
83,6724,6804,pyle,0.41464885159262826,0.00011879295960666446,0.7800453514739228,81
83,6724,6804,zhang_invitro,0.08737573562997941,0.4379591287277533,0.5562770562770563,81
83,6724,6804,zhang_invivo,0.4256306568513585,7.455266753144412e-05,0.8095238095238095,81
84,6805,6885,incarnato_invitro,0.24145977411539238,0.029885603071715422,0.5963718820861678,81
84,6805,6885,incarnato_invivo,-0.07760636632969312,0.5661024742109624,0.4666666666666667,57
84,6805,6885,pyle,0.09013714273283051,0.4235623295488378,0.5351473922902494,81
84,6805,6885,zhang_invitro,0.09801711878927893,0.38400443698750186,0.5691609977324262,81
84,6805,6885,zhang_invivo,0.37040121246801494,0.0006647503226519547,0.8095238095238096,81
85,6886,6966,incarnato_invitro,0.3494042921832806,0.001387829134757624,0.7097505668934241,81
85,6886,6966,incarnato_invivo,0.25613878892039044,0.021829607536435727,0.6975,80
85,6886,6966,pyle,0.21010174320063602,0.05975498721378677,0.6507936507936507,81
85,6886,6966,zhang_invitro,0.47387372187582394,7.87816373190812e-06,0.8225108225108224,81
85,6886,6966,zhang_invivo,0.47300314999813786,8.229551238759204e-06,0.8321995464852607,81
86,6967,7047,incarnato_invitro,0.329557234975391,0.002661729597705332,0.7777777777777779,81
86,6967,7047,incarnato_invivo,0.10756084165951277,0.33918445203847186,0.5978835978835979,81
86,6967,7047,pyle,0.08152590337702176,0.4693515508877285,0.5555555555555556,81
86,6967,7047,zhang_invitro,0.30838002922303825,0.005096164293521548,0.7582644628099173,81
86,6967,7047,zhang_invivo,0.43099678264364033,5.902516614216595e-05,0.7942857142857143,81
87,7048,7128,incarnato_invitro,0.11823857012025524,0.2931206325234354,0.6303854875283447,81
87,7048,7128,incarnato_invivo,0.1253794821759392,0.2647286034833882,0.6031746031746033,81
87,7048,7128,pyle,0.14123406631786992,0.2085129496946192,0.5850340136054422,81
87,7048,7128,zhang_invitro,0.0833004129404695,0.4597020525668991,0.562358276643991,81
87,7048,7128,zhang_invivo,0.14758675370866164,0.18856070330049288,0.6349206349206349,81
88,7129,7209,incarnato_invitro,0.17257374659170474,0.12341251360964492,0.6122448979591837,81
88,7129,7209,incarnato_invivo,0.10066506578458104,0.3712265426836385,0.5873015873015872,81
88,7129,7209,pyle,0.2998870745694783,0.006529408155493951,0.7528344671201814,81
88,7129,7209,zhang_invitro,0.14730497655214556,0.18941531869261366,0.5079365079365079,81
88,7129,7209,zhang_invivo,0.17214941584410956,0.12435184668181623,0.600907029478458,81
89,7210,7290,incarnato_invitro,-0.08741498763190356,0.4406857871779627,0.4625,80
89,7210,7290,incarnato_invivo,-0.06996025608838331,0.537464585252893,0.4775,80
89,7210,7290,pyle,0.39157292524287074,0.00030050651642718175,0.7959183673469388,81
89,7210,7290,zhang_invitro,0.3915181779101785,0.0003011450356714099,0.8095238095238095,81
89,7210,7290,zhang_invivo,0.5151194687807455,8.635626879066628e-07,0.8594104308390023,81
90,7291,7371,incarnato_invitro,0.2950876199890175,0.007487589442373197,0.7188208616780045,81
90,7291,7371,incarnato_invivo,0.2829701158848441,0.010476453562555485,0.6825396825396826,81
90,7291,7371,pyle,0.0882044074431016,0.4336100522386316,0.5532879818594104,81
90,7291,7371,zhang_invitro,0.34644264211224257,0.001533592789983566,0.761904761904762,81
90,7291,7371,zhang_invivo,0.40179059664431427,0.0002009055711631632,0.8208616780045351,81
91,7372,7452,incarnato_invitro,0.49521385907638615,2.601871737729314e-06,0.8299319727891157,81
91,7372,7452,incarnato_invivo,0.40495409389744363,0.00017688904955268295,0.7987012987012987,81
91,7372,7452,pyle,0.19072428594604995,0.08809504739308975,0.6303854875283447,81
91,7372,7452,zhang_invitro,0.2078871252280746,0.0625600547378639,0.6984126984126984,81
91,7372,7452,zhang_invivo,0.22560331792440824,0.04286130037258085,0.6530612244897959,81
92,7453,7533,incarnato_invitro,0.5490294647443187,1.1135412206713481e-07,0.8616780045351474,81
92,7453,7533,incarnato_invivo,0.5560455134013509,7.081511595186167e-08,0.873015873015873,81
92,7453,7533,pyle,0.40751652187003323,0.00015940795845776566,0.8049886621315192,81
92,7453,7533,zhang_invitro,0.45553036967049015,1.9275362164882872e-05,0.780045351473923,81
92,7453,7533,zhang_invivo,0.4335933058574505,5.2643511597095116e-05,0.7912087912087912,81
93,7534,7614,incarnato_invitro,0.26039012921370885,0.018887613383956066,0.6439909297052153,81
93,7534,7614,incarnato_invivo,0.22291800343297447,0.04546511306237749,0.6623376623376622,81
93,7534,7614,pyle,0.25832774298445416,0.019886310859494424,0.7664399092970522,81
93,7534,7614,zhang_invitro,0.44430323523063064,3.251299108154136e-05,0.8458049886621315,81
93,7534,7614,zhang_invivo,0.4968466456964605,2.3829943774937966e-06,0.8344671201814059,81
94,7615,7695,incarnato_invitro,0.3733495604606536,0.0005970654718081641,0.764172335600907,81
94,7615,7695,incarnato_invivo,0.38926522372384487,0.00032852767329562824,0.8095238095238095,81
94,7615,7695,pyle,0.5174522975210601,7.553513090825947e-07,0.8412698412698413,81
94,7615,7695,zhang_invitro,0.3188967795010807,0.0037122908557579493,0.7554112554112554,81
94,7615,7695,zhang_invivo,0.6361504113029868,1.7500822961348277e-10,0.9478458049886621,81
95,7696,7776,incarnato_invitro,0.3544077505846403,0.0011697899684589132,0.7482993197278911,81
95,7696,7776,incarnato_invivo,0.34285780845519237,0.001728446640345315,0.7619047619047619,81
95,7696,7776,pyle,0.2671993121491939,0.01588983443599785,0.6666666666666666,81
95,7696,7776,zhang_invitro,0.39582073751714203,0.0002545906413258357,0.7891156462585034,81
95,7696,7776,zhang_invivo,0.4751056030225921,7.404914220761584e-06,0.8480725623582767,81
96,7777,7857,incarnato_invitro,0.004329251334904291,0.9694023802367621,0.49433106575963726,81
96,7777,7857,incarnato_invivo,0.1071264419729938,0.3411500172079702,0.6009070294784581,81
96,7777,7857,pyle,-0.02287006175315087,0.8394024702704455,0.4557823129251701,81
96,7777,7857,zhang_invitro,-0.01626817070610025,0.8853840997842054,0.4807256235827664,81
96,7777,7857,zhang_invivo,0.20731252026644445,0.06330504841525365,0.6099773242630386,81
97,7858,7938,incarnato_invitro,0.1747186183613004,0.11874738397797088,0.5850340136054422,81
97,7858,7938,incarnato_invivo,0.18259980483540697,0.10276281721847412,0.608695652173913,81
97,7858,7938,pyle,0.09813728026007681,0.38341893178163144,0.5578231292517006,81
97,7858,7938,zhang_invitro,0.22017172820451086,0.048261910204436015,0.7029478458049887,81
97,7858,7938,zhang_invivo,0.4610921234988461,1.4775226919512515e-05,0.8140589569160998,81
98,7939,8019,incarnato_invitro,0.7525095219429728,5.512766969340281e-16,0.9773242630385488,81
98,7939,8019,incarnato_invivo,0.6305645667320348,2.814254190117131e-10,0.9138321995464853,81
98,7939,8019,pyle,0.4573134250138358,1.7709363637392505e-05,0.8367346938775511,81
98,7939,8019,zhang_invitro,0.4707638487297483,9.20207026299832e-06,0.8390022675736961,81
98,7939,8019,zhang_invivo,0.5921735362604702,5.784608710402671e-09,0.9004329004329004,81
99,8020,8100,incarnato_invitro,0.6020884757346746,2.752959995293555e-09,0.9433106575963719,81
99,8020,8100,incarnato_invivo,0.43536048925119675,4.8673519217311994e-05,0.8049886621315193,81
99,8020,8100,pyle,0.31861866699079394,0.003971271159846783,0.7350000000000001,80
99,8020,8100,zhang_invitro,0.6248999348621567,4.5122877813638637e-10,0.8775510204081632,81
99,8020,8100,zhang_invivo,0.6644541082990696,1.3495312175316265e-11,0.9155844155844155,81
100,8101,8181,incarnato_invitro,0.22675736919172126,0.04178090310341279,0.6515151515151515,81
100,8101,8181,incarnato_invivo,0.18408248738619915,0.09995264955887168,0.6190476190476191,81
100,8101,8181,pyle,0.022373012984962314,0.8428477097116059,0.44444444444444436,81
100,8101,8181,zhang_invitro,0.11341111275450587,0.3134100828694553,0.5555555555555556,81
100,8101,8181,zhang_invivo,0.0578302736637103,0.6080825860759095,0.5279503105590062,81
101,8182,8262,incarnato_invitro,0.2830156712161314,0.010463505482020406,0.7424242424242424,81
101,8182,8262,incarnato_invivo,0.3080253020295998,0.0051499232459031475,0.7012987012987012,81
101,8182,8262,pyle,0.3423203335240536,0.0017595117326406732,0.780045351473923,81
101,8182,8262,zhang_invitro,0.18968370794714978,0.08987554975878781,0.6349206349206349,81
101,8182,8262,zhang_invivo,0.4471660215799014,2.8504668801314667e-05,0.8140589569160998,81
102,8263,8343,incarnato_invitro,0.41136399231568577,0.00013613461968877493,0.8548752834467119,81
102,8263,8343,incarnato_invivo,0.2749667333920496,0.012979745275861205,0.7165532879818594,81
102,8263,8343,pyle,0.32745770237466015,0.0028446057986266735,0.7505668934240363,81
102,8263,8343,zhang_invitro,0.3150626009543535,0.004172238465458625,0.7369614512471655,81
102,8263,8343,zhang_invivo,0.48813164455982466,3.7893060668567324e-06,0.8276643990929705,81
103,8344,8424,incarnato_invitro,0.6774799202125529,3.773128785720933e-12,0.9659863945578232,81
103,8344,8424,incarnato_invivo,0.5424800517142135,1.6834338911858156e-07,0.9206349206349207,81
103,8344,8424,pyle,0.4812909672128712,5.405598823371941e-06,0.8639455782312925,81
103,8344,8424,zhang_invitro,0.6436808646457363,9.08317290025966e-11,0.8911564625850341,81
103,8344,8424,zhang_invivo,0.6902038929185659,1.018964210268226e-12,0.9637188208616779,81
104,8425,8505,incarnato_invitro,0.4012792854594837,0.00020505812695074764,0.7845804988662132,81
104,8425,8505,incarnato_invivo,0.41070068839119955,0.00013990857180361818,0.7959183673469388,81
104,8425,8505,pyle,0.18746084968505175,0.09377414378950732,0.6031746031746033,81
104,8425,8505,zhang_invitro,0.34875707940244144,0.0014185680349362744,0.7424242424242424,81
104,8425,8505,zhang_invivo,0.42405223572029904,7.979472320638745e-05,0.7913832199546484,81
105,8506,8586,incarnato_invitro,0.1143774342007211,0.309277827042604,0.6575963718820861,81
105,8506,8586,incarnato_invivo,0.10074901487233112,0.37082571899819516,0.5941043083900226,81
105,8506,8586,pyle,0.1777863567198975,0.11231219281896754,0.6439909297052154,81
105,8506,8586,zhang_invitro,0.29602265923437765,0.007291759417930609,0.7316017316017316,81
105,8506,8586,zhang_invivo,0.3974494611961098,0.0002387669053052875,0.7664399092970522,81
106,8587,8667,incarnato_invitro,0.1390482032998581,0.21571338056317074,0.5909090909090908,81
106,8587,8667,incarnato_invivo,0.19633196953074156,0.07897509426806792,0.6349206349206349,81
106,8587,8667,pyle,0.21253232385563442,0.05679505397766077,0.6394557823129252,81
106,8587,8667,zhang_invitro,0.03562954411495347,0.752167883823046,0.5759637188208617,81
106,8587,8667,zhang_invivo,0.2389612994524461,0.03167765961245569,0.6731601731601733,81
107,8668,8748,incarnato_invitro,0.4837566341005535,4.760096170552256e-06,0.816017316017316,81
107,8668,8748,incarnato_invivo,0.3812941694994235,0.0004447869459306642,0.8140589569160998,81
107,8668,8748,pyle,0.27141249175429044,0.01424832990073378,0.7482993197278911,81
107,8668,8748,zhang_invitro,0.21151893388778703,0.05801426720556106,0.6462585034013606,81
107,8668,8748,zhang_invivo,0.4065935149607267,0.00016551224467864612,0.8027210884353742,81
108,8749,8829,incarnato_invitro,0.3652923499642055,0.0007987974309621319,0.7369614512471655,81
108,8749,8829,incarnato_invivo,0.3875047593658238,0.0003514949182783574,0.7528344671201814,81
108,8749,8829,pyle,0.13166428887316012,0.24434978131429427,0.6224999999999999,80
108,8749,8829,zhang_invitro,0.5036277772389632,1.6462775132524453e-06,0.8073593073593073,81
108,8749,8829,zhang_invivo,0.4061697671018937,0.00016838630373300188,0.7913832199546486,81
109,8830,8910,incarnato_invitro,0.5444311683481088,1.489786331555083e-07,0.8874458874458874,81
109,8830,8910,incarnato_invivo,0.5199875491760151,6.523278960541296e-07,0.8390022675736961,81
109,8830,8910,pyle,0.3660339824266647,0.0007779225916873811,0.746031746031746,81
109,8830,8910,zhang_invitro,0.5529324883367898,8.667739618568787e-08,0.8639455782312926,81
109,8830,8910,zhang_invivo,0.6393963089301768,1.32204927798265e-10,0.9307359307359307,81
110,8911,8991,incarnato_invitro,0.29169027927107616,0.008238595732571775,0.7551020408163265,81
110,8911,8991,incarnato_invivo,0.16545291361064596,0.13991001894461672,0.6371882086167799,81
110,8911,8991,pyle,0.045898315633052786,0.6840969452276966,0.47845804988662133,81
110,8911,8991,zhang_invitro,0.22913035562044193,0.03963032656662029,0.6757369614512471,81
110,8911,8991,zhang_invivo,0.2909527245901829,0.008410109323052178,0.6598639455782314,81
111,8992,9072,incarnato_invitro,0.3550378483473413,0.001144655557825236,0.7233560090702947,81
111,8992,9072,incarnato_invivo,0.25325301870248584,0.022538066621465406,0.6938775510204082,81
111,8992,9072,pyle,0.16942376775036766,0.13051649915506605,0.6553287981859411,81
111,8992,9072,zhang_invitro,0.4728085742878665,8.310070842154408e-06,0.8866213151927437,81
111,8992,9072,zhang_invivo,0.3847420786637947,0.0003905210881622516,0.8072562358276644,81
112,9073,9153,incarnato_invitro,0.4858097297608636,4.278591049589999e-06,0.8321995464852607,81
112,9073,9153,incarnato_invivo,0.44505223110516584,3.141640095866765e-05,0.8616780045351473,81
112,9073,9153,pyle,0.35583461373183606,0.0011135740941469465,0.746031746031746,81
112,9073,9153,zhang_invitro,0.2861649117097337,0.009601581697489262,0.7575757575757576,81
112,9073,9153,zhang_invivo,0.40950691701979464,0.00014694514901677719,0.7784679089026916,81
113,9154,9234,incarnato_invitro,0.3250345823911685,0.0030695913803001334,0.746031746031746,81
113,9154,9234,incarnato_invivo,0.2619667110661511,0.018153467320360016,0.6753246753246753,81
113,9154,9234,pyle,0.29314296761054415,0.007909738715727704,0.6848072562358277,81
113,9154,9234,zhang_invitro,0.1582516400870892,0.15823384561917775,0.5850340136054422,81
113,9154,9234,zhang_invivo,0.46540217820031504,1.1985588269542468e-05,0.7971014492753623,81
114,9235,9315,incarnato_invitro,0.1640800613912312,0.14327363945434107,0.6281179138321995,81
114,9235,9315,incarnato_invivo,0.17167526758679877,0.12540792057378317,0.63718820861678,81
114,9235,9315,pyle,0.16961777608613862,0.1300701617920151,0.6281179138321995,81
114,9235,9315,zhang_invitro,-0.15226966561838742,0.174763796562038,0.4353741496598639,81
114,9235,9315,zhang_invivo,0.08309972436683603,0.460787870664313,0.5124716553287982,81
115,9316,9396,incarnato_invitro,0.5865396853048055,8.723852915877714e-09,0.8866213151927437,81
115,9316,9396,incarnato_invivo,0.4595846248168547,1.5886580083779785e-05,0.8480725623582765,81
115,9316,9396,pyle,0.17430709572345443,0.11963177590597937,0.6349206349206349,81
115,9316,9396,zhang_invitro,0.3982124817604341,0.00023166963263189638,0.7959183673469389,81
115,9316,9396,zhang_invivo,0.5001299757363616,1.994267539344412e-06,0.8458049886621315,81
116,9397,9477,incarnato_invitro,0.36849877976755757,0.0007120634758814332,0.7207792207792207,81
116,9397,9477,incarnato_invivo,0.21826395216348776,0.05028703763591631,0.6621315192743764,81
116,9397,9477,pyle,0.25947485406762694,0.019325390574219663,0.6938775510204082,81
116,9397,9477,zhang_invitro,0.26101239316158503,0.018594865073638965,0.7074829931972788,81
116,9397,9477,zhang_invivo,0.47187838467434434,8.705309893079196e-06,0.8506493506493507,81
117,9478,9558,incarnato_invitro,0.2900314024132996,0.00862875122376973,0.7505668934240363,81
117,9478,9558,incarnato_invivo,0.24054043517311696,0.0316136274193188,0.725,80
117,9478,9558,pyle,0.18130050168874762,0.10527575862282393,0.546485260770975,81
117,9478,9558,zhang_invitro,0.03901933814298815,0.729457280373457,0.5850340136054422,81
117,9478,9558,zhang_invivo,0.19149699905396791,0.08679102098499199,0.5918367346938775,81
118,9559,9639,incarnato_invitro,0.11382760139593098,0.31162471267568637,0.546485260770975,81
118,9559,9639,incarnato_invivo,0.06366503195814449,0.5723099481973699,0.5215419501133787,81
118,9559,9639,pyle,0.24185316292709547,0.029611383370614867,0.7233560090702947,81
118,9559,9639,zhang_invitro,0.10710577838480018,0.34124369337200716,0.5606060606060606,81
118,9559,9639,zhang_invivo,0.19105230377690283,0.0875396060632889,0.673469387755102,81
119,9640,9720,incarnato_invitro,0.39067975377180963,0.00031108054280278876,0.727891156462585,81
119,9640,9720,incarnato_invivo,0.35916872284229184,0.000991643419264872,0.7437641723356009,81
119,9640,9720,pyle,0.2589182413721791,0.019595849010098792,0.7052154195011338,81
119,9640,9720,zhang_invitro,0.3696461711531115,0.0006831738752802849,0.782312925170068,81
119,9640,9720,zhang_invivo,0.46367830678038474,1.3036270766574e-05,0.7959183673469388,81
120,9721,9801,incarnato_invitro,0.28011579937723274,0.011316119849297585,0.7301587301587301,81
120,9721,9801,incarnato_invivo,0.26412181578103744,0.017189663824216397,0.709750566893424,81
120,9721,9801,pyle,0.177966142594924,0.11194359392740832,0.6530612244897959,81
120,9721,9801,zhang_invitro,0.18534525266121388,0.09760700876255242,0.6848072562358277,81
120,9721,9801,zhang_invivo,0.29934624185822484,0.006631681296252635,0.7369614512471655,81
121,9802,9882,incarnato_invitro,0.39000977910958834,0.0003192352650663497,0.7777777777777778,81
121,9802,9882,incarnato_invivo,0.28143699742101663,0.0109204385609109,0.6734693877551019,81
121,9802,9882,pyle,0.3125798774146195,0.004496471933429328,0.6938775510204082,81
121,9802,9882,zhang_invitro,0.48537369043657747,4.376855975829818e-06,0.8051948051948052,81
121,9802,9882,zhang_invivo,0.5397563521317246,1.993992615308452e-07,0.8500881834215168,81
122,9883,9963,incarnato_invitro,0.06689438509601686,0.5529421634109024,0.5215419501133787,81
122,9883,9963,incarnato_invivo,0.1336294158152756,0.23431590286824608,0.6125541125541125,81
122,9883,9963,pyle,-0.017016953063362254,0.8801468609765145,0.45351473922902497,81
122,9883,9963,zhang_invitro,0.09053179665971826,0.42152719729821464,0.6145124716553287,81
122,9883,9963,zhang_invivo,0.28976739967697795,0.008692314104025526,0.7165532879818595,81
123,9964,10044,incarnato_invitro,0.3007424033966558,0.006370501814061252,0.7868480725623583,81
123,9964,10044,incarnato_invivo,0.16195727512931896,0.1485939493269673,0.6077097505668934,81
123,9964,10044,pyle,0.14726973361076592,0.18952240538036422,0.6258503401360545,81
123,9964,10044,zhang_invitro,0.2982521750906808,0.0068429011085633495,0.7482993197278911,81
123,9964,10044,zhang_invivo,0.318646610051076,0.0037408610318430775,0.7324263038548753,81
124,10045,10125,incarnato_invitro,0.24175830204882504,0.02967731313490559,0.6666666666666666,81
124,10045,10125,incarnato_invivo,0.21388059216095645,0.05520544907537433,0.6757369614512472,81
124,10045,10125,pyle,0.23151810423128547,0.03756018835292597,0.6666666666666667,81
124,10045,10125,zhang_invitro,0.09526718640467768,0.3975501332076124,0.6009070294784581,81
124,10045,10125,zhang_invivo,0.373224386315097,0.0005998060996977912,0.7575757575757576,81
125,10126,10206,incarnato_invitro,0.07830908736251233,0.4871206727796814,0.6258503401360545,81
125,10126,10206,incarnato_invivo,0.30735339171432763,0.0052531306767232945,0.800453514739229,81
125,10126,10206,pyle,0.26653264156024803,0.016163982122259404,0.7777777777777777,81
125,10126,10206,zhang_invitro,0.00421612063983938,0.9702015784147308,0.5396825396825398,81
125,10126,10206,zhang_invivo,0.39837064442684117,0.000230222988897812,0.782312925170068,81
126,10207,10287,incarnato_invitro,0.6912252124027165,9.146665172386946e-13,0.9297052154195011,81
126,10207,10287,incarnato_invivo,0.6728524378987306,5.977549466482322e-12,0.9319727891156463,81
126,10207,10287,pyle,0.40887477367776476,0.00015080224022766058,0.8027210884353742,81
126,10207,10287,zhang_invitro,0.42806167156671676,6.71004294535698e-05,0.7913832199546484,81
126,10207,10287,zhang_invivo,0.5377749148113494,2.2532389396920487e-07,0.8843537414965987,81
127,10288,10368,incarnato_invitro,0.25116396009435105,0.023714203091105043,0.6349206349206349,81
127,10288,10368,incarnato_invivo,0.19376713833347853,0.08304820865245467,0.5759637188208616,81
127,10288,10368,pyle,-0.0262148434975316,0.8163000246018288,0.47845804988662133,81
127,10288,10368,zhang_invitro,0.24408786995359563,0.028093593305928508,0.7188208616780045,81
127,10288,10368,zhang_invivo,0.3362542541339673,0.0021466991531304907,0.7369614512471655,81
128,10369,10449,incarnato_invitro,0.4603647931816171,1.5302023785320085e-05,0.836734693877551,81
128,10369,10449,incarnato_invivo,0.47447679845899327,7.643045940770215e-06,0.8027210884353742,81
128,10369,10449,pyle,0.3304878200930191,0.002584098532843688,0.7414965986394557,81
128,10369,10449,zhang_invitro,0.3713379253829517,0.0006425239170631585,0.7845804988662131,81
128,10369,10449,zhang_invivo,0.517259002704043,7.638063159970949e-07,0.8571428571428571,81
129,10450,10530,incarnato_invitro,0.4347065692256215,5.010893556809758e-05,0.8299319727891157,81
129,10450,10530,incarnato_invivo,0.32526561147539573,0.0030474742533004094,0.782312925170068,81
129,10450,10530,pyle,0.4215528860466041,8.87985374249632e-05,0.7936507936507936,81
129,10450,10530,zhang_invitro,0.3889664150169796,0.00033232625780210576,0.7551020408163266,81
129,10450,10530,zhang_invivo,0.44563041992250424,3.059356355123124e-05,0.7777777777777778,81
130,10531,10611,incarnato_invitro,0.3098592060887948,0.0051573025080008965,0.7825000000000001,80
130,10531,10611,incarnato_invivo,0.2160638761214801,0.05270863827525935,0.6598639455782314,81
130,10531,10611,pyle,0.11066731776501057,0.32533664244358135,0.5464852607709751,81
130,10531,10611,zhang_invitro,0.24932899520265214,0.024789979636317905,0.6938775510204082,81
130,10531,10611,zhang_invivo,0.3490215159686067,0.0014059351993405604,0.7505668934240363,81
131,10612,10692,incarnato_invitro,0.36884741459411247,0.0007607564294554437,0.7725,80
131,10612,10692,incarnato_invivo,0.28163036780833517,0.010863550329778633,0.7596371882086168,81
131,10612,10692,pyle,0.2590718858278168,0.020313304842397184,0.6900000000000001,80
131,10612,10692,zhang_invitro,0.5726406642244265,2.3263970052556647e-08,0.9342403628117913,81
131,10612,10692,zhang_invivo,0.5756155151741456,1.8930975391615613e-08,0.8594104308390023,81
132,10693,10773,incarnato_invitro,0.5124100828702064,1.007590119154801e-06,0.8662131519274376,81
132,10693,10773,incarnato_invivo,0.5026527087034264,1.737047183795056e-06,0.8463203463203464,81
132,10693,10773,pyle,0.2994288761786731,0.006615964031572825,0.7294372294372294,81
132,10693,10773,zhang_invitro,0.3511879520886268,0.0013062081648358235,0.761904761904762,81
132,10693,10773,zhang_invivo,0.47891401657468813,6.104934631834343e-06,0.9138321995464852,81
133,10774,10854,incarnato_invitro,0.18006696347449186,0.10997305945255702,0.6275000000000001,80
133,10774,10854,incarnato_invivo,0.08154089096794934,0.46926959345871827,0.562358276643991,81
133,10774,10854,pyle,0.29997916602261593,0.0065121326995722945,0.7573696145124715,81
133,10774,10854,zhang_invitro,0.13643844050187368,0.2245380381398615,0.6167800453514739,81
133,10774,10854,zhang_invivo,0.28166130316746457,0.010854473372769565,0.7324263038548753,81
134,10855,10935,incarnato_invitro,0.65280305539208,4.00407875428207e-11,0.9229024943310657,81
134,10855,10935,incarnato_invivo,0.4512069522008114,2.3625638072764315e-05,0.854875283446712,81
134,10855,10935,pyle,0.3611772661875432,0.0009241735669916528,0.8049886621315193,81
134,10855,10935,zhang_invitro,0.42172795005090175,8.813844721684114e-05,0.7324263038548753,81
134,10855,10935,zhang_invivo,0.6876979232673925,1.3256092982953442e-12,0.9435626102292769,81
135,10936,11016,incarnato_invitro,0.280382432923045,0.01123527594366494,0.7006802721088435,81
135,10936,11016,incarnato_invivo,0.14531219962401432,0.19553933387347802,0.5918367346938775,81
135,10936,11016,pyle,0.18705300548464054,0.09450367951765823,0.6462585034013606,81
135,10936,11016,zhang_invitro,0.40235005153339554,0.00019645087856666495,0.7845804988662132,81
135,10936,11016,zhang_invivo,0.43518345905726064,4.905829616166464e-05,0.7233560090702947,81
136,11017,11097,incarnato_invitro,0.24137914247574555,0.03211107247824428,0.6699999999999999,79
136,11017,11097,incarnato_invivo,0.03859175379861932,0.7356122534282951,0.5349999999999999,79
136,11017,11097,pyle,0.23991090898254214,0.03207564009139527,0.6675,80
136,11017,11097,zhang_invitro,-0.1526701543050868,0.17361912342798175,0.41341991341991347,81
136,11017,11097,zhang_invivo,0.1703464531716586,0.12840413387044247,0.6213151927437641,81
137,11098,11178,incarnato_invitro,0.2607110351242604,0.019505854120580198,0.6880952380952381,80
137,11098,11178,incarnato_invivo,0.2556923481448068,0.021228008523150068,0.6802721088435374,81
137,11098,11178,pyle,0.48677977288821117,4.0673696205748e-06,0.8253968253968255,81
137,11098,11178,zhang_invitro,0.31064765173273756,0.004764109072733785,0.6961451247165533,81
137,11098,11178,zhang_invivo,0.5301880575998312,3.572331623714834e-07,0.8866213151927437,81
138,11179,11259,incarnato_invitro,0.2069187931589777,0.06381966770066651,0.6621315192743764,81
138,11179,11259,incarnato_invivo,0.06623880131273915,0.5568483481786404,0.5497835497835497,81
138,11179,11259,pyle,0.2458672433454327,0.026932579341683846,0.7256235827664399,81
138,11179,11259,zhang_invitro,0.08734860356905266,0.43810193934818575,0.562358276643991,81
138,11179,11259,zhang_invivo,0.24110467871999613,0.030134965266714827,0.7233560090702947,81
139,11260,11340,incarnato_invitro,0.28231261309133776,0.010664897008089707,0.6734693877551021,81
139,11260,11340,incarnato_invivo,0.179119379062101,0.10960143022032576,0.6643990929705216,81
139,11260,11340,pyle,0.15062150354224363,0.17953273963168526,0.7165532879818595,81
139,11260,11340,zhang_invitro,0.2711618669793173,0.014341699770072066,0.7573696145124716,81
139,11260,11340,zhang_invivo,0.3391785504905414,0.0019513879960661566,0.7316017316017316,81
140,11341,11421,incarnato_invitro,0.3761731658310616,0.0005382022447761925,0.7664399092970521,81
140,11341,11421,incarnato_invivo,0.43530300192603816,4.879815981053604e-05,0.8311688311688312,81
140,11341,11421,pyle,0.45204785731131436,2.2713651302155417e-05,0.7965367965367965,81
140,11341,11421,zhang_invitro,0.5001640059002812,1.9905707539207372e-06,0.8253968253968254,81
140,11341,11421,zhang_invivo,0.7025627553945802,2.675568210185107e-13,0.9433106575963719,81
141,11422,11502,incarnato_invitro,0.34787235367007635,0.0014615833713132508,0.7414965986394558,81
141,11422,11502,incarnato_invivo,0.296985706647616,0.007094789321640854,0.7029478458049886,81
141,11422,11502,pyle,0.4149539398581886,0.00011729065018771435,0.8095238095238094,81
141,11422,11502,zhang_invitro,0.49345193616343713,2.8592154293571307e-06,0.9138321995464852,81
141,11422,11502,zhang_invivo,0.6550549326858548,3.257005791303414e-11,0.935064935064935,81
142,11503,11583,incarnato_invitro,0.17530324230626987,0.11749964006106499,0.5759637188208616,81
142,11503,11583,incarnato_invivo,0.038482418153081295,0.7330395796936848,0.5532879818594104,81
142,11503,11583,pyle,0.20555936927535604,0.0656226028349925,0.5986394557823129,81
142,11503,11583,zhang_invitro,0.15351758633374712,0.17121513337770078,0.7006802721088435,81
142,11503,11583,zhang_invivo,0.1521505966851777,0.1751051815219756,0.5782312925170068,81
143,11584,11664,incarnato_invitro,0.5208971621112712,6.187159752856799e-07,0.8843537414965986,81
143,11584,11664,incarnato_invivo,0.49778173612076804,2.2655750846045945e-06,0.8843537414965986,81
143,11584,11664,pyle,0.4619123221274114,1.4201530645243685e-05,0.8526077097505669,81
143,11584,11664,zhang_invitro,0.553309622094706,8.459002797575395e-08,0.9070294784580499,81
143,11584,11664,zhang_invivo,0.6797452701346244,3.0030171156828018e-12,0.9546485260770976,81
144,11665,11745,incarnato_invitro,0.3214549380170643,0.0034311164113973026,0.782312925170068,81
144,11665,11745,incarnato_invivo,0.09990397632463549,0.374872464375201,0.5668934240362812,81
144,11665,11745,pyle,0.21703197949974617,0.05163153212436651,0.6054421768707483,81
144,11665,11745,zhang_invitro,0.4367594441340041,4.573010949527567e-05,0.8354978354978355,81
144,11665,11745,zhang_invivo,0.42666028682977164,7.130728529147626e-05,0.8390022675736961,81
145,11746,11826,incarnato_invitro,0.6000098260770386,4.053890424116235e-09,0.9575,80
145,11746,11826,incarnato_invivo,0.47407783512772245,7.797838593425653e-06,0.8526077097505669,81
145,11746,11826,pyle,0.3612019072926193,0.0009233723912753795,0.7278911564625851,81
145,11746,11826,zhang_invitro,0.5006332009913347,1.940254424488118e-06,0.8117913832199546,81
145,11746,11826,zhang_invivo,0.49869410036661277,2.156277341514477e-06,0.8299319727891157,81
146,11827,11907,incarnato_invitro,0.08145994856134516,0.4697123073005733,0.5129870129870129,81
146,11827,11907,incarnato_invivo,0.10194756089299603,0.3651319097676951,0.5432900432900433,81
146,11827,11907,pyle,0.2224658434204182,0.04591615396945696,0.6303854875283447,81
146,11827,11907,zhang_invitro,0.4662905356583226,1.1475613448108586e-05,0.8231292517006803,81
146,11827,11907,zhang_invivo,0.5664873481175696,3.540320101719495e-08,0.8636363636363636,81
147,11908,11988,incarnato_invitro,0.2850040836533638,0.009911781404669428,0.63718820861678,81
147,11908,11988,incarnato_invivo,0.24400695370144088,0.028147380323907248,0.63718820861678,81
147,11908,11988,pyle,-0.010384300594441502,0.9266912434293341,0.5034013605442177,81
147,11908,11988,zhang_invitro,0.424044301157584,7.982191688932435e-05,0.7755102040816326,81
147,11908,11988,zhang_invivo,0.4440628702829216,3.287239457177301e-05,0.8004535147392291,81
148,11989,12069,incarnato_invitro,0.027627593579261697,0.8065877822242965,0.5623582766439909,81
148,11989,12069,incarnato_invivo,0.10265771237226803,0.36178367591544364,0.6054421768707482,81
148,11989,12069,pyle,-0.2302725412224985,0.03862851842377746,0.25396825396825395,81
148,11989,12069,zhang_invitro,-0.017859574697516395,0.8742594328150457,0.5510204081632653,81
148,11989,12069,zhang_invivo,-0.06862441229677592,0.5426978225792883,0.4580498866213152,81
149,12070,12150,incarnato_invitro,0.4197526709688632,9.585718164451352e-05,0.7709750566893424,81
149,12070,12150,incarnato_invivo,0.14379266041673439,0.20030378738980079,0.5941043083900227,81
149,12070,12150,pyle,0.02508475152766548,0.8240891242074724,0.5532879818594104,81
149,12070,12150,zhang_invitro,0.3700274789453094,0.0006738122975291838,0.7482993197278912,81
149,12070,12150,zhang_invivo,0.3392791129874162,0.0019449656798277717,0.7278911564625851,81
150,12151,12231,incarnato_invitro,0.0969689127029185,0.38913471024799184,0.5374149659863945,81
150,12151,12231,incarnato_invivo,0.10069213505758728,0.37109726881824173,0.6099773242630385,81
150,12151,12231,pyle,-0.024497180771161604,0.8281457006374942,0.5850340136054422,81
150,12151,12231,zhang_invitro,0.22177013260181466,0.04661735801715245,0.7074829931972788,81
150,12151,12231,zhang_invivo,0.19711725564481294,0.07776039624022392,0.6645021645021645,81
151,12232,12312,incarnato_invitro,0.5950285734332985,4.683125733036492e-09,0.8979591836734694,81
151,12232,12312,incarnato_invivo,0.5848263539668778,9.869626656028619e-09,0.9024943310657596,81
151,12232,12312,pyle,0.2564195877109848,0.020850256766365333,0.6689342403628117,81
151,12232,12312,zhang_invitro,0.5928769536558336,5.492304404369096e-09,0.8798185941043084,81
151,12232,12312,zhang_invivo,0.573093692424937,2.254809538706371e-08,0.8633540372670807,81
152,12313,12393,incarnato_invitro,0.33685769991877196,0.0021050129026061078,0.7528344671201813,81
152,12313,12393,incarnato_invivo,0.1454132849007475,0.19522530119588788,0.6099773242630385,81
152,12313,12393,pyle,-0.12368574205259654,0.27128839242784647,0.42857142857142855,81
152,12313,12393,zhang_invitro,0.29968423599210603,0.006567601339794608,0.6757369614512472,81
152,12313,12393,zhang_invivo,0.2834227521672867,0.010348420399559154,0.658008658008658,81
153,12394,12474,incarnato_invitro,0.47619921625828915,7.007249539009094e-06,0.81859410430839,81
153,12394,12474,incarnato_invivo,0.42350120000002567,8.170380930065109e-05,0.8027210884353742,81
153,12394,12474,pyle,0.09022702964811251,0.4230983097828981,0.5578231292517006,81
153,12394,12474,zhang_invitro,0.45283152296785106,2.189341790186407e-05,0.854978354978355,81
153,12394,12474,zhang_invivo,0.49443233432864225,2.713206251471539e-06,0.8438095238095238,81
154,12475,12555,incarnato_invitro,0.36807986360813927,0.0007228855736936124,0.7437641723356009,81
154,12475,12555,incarnato_invivo,0.151274799194901,0.17763120856698542,0.5532879818594104,81
154,12475,12555,pyle,0.15633037103030084,0.1634111084760975,0.5986394557823129,81
154,12475,12555,zhang_invitro,0.3421522387138744,0.0017693301422487913,0.7414965986394557,81
154,12475,12555,zhang_invivo,0.4710785108272268,9.059196071197661e-06,0.7965367965367965,81
155,12556,12636,incarnato_invitro,0.029376706626861152,0.7946037076251761,0.5011337868480725,81
155,12556,12636,incarnato_invivo,-0.001898391384165698,0.9865802333969949,0.47392290249433106,81
155,12556,12636,pyle,0.0,1.0,0.5056689342403629,81
155,12556,12636,zhang_invitro,0.04332250245823412,0.7009616083161286,0.5351239669421488,81
155,12556,12636,zhang_invivo,0.3227737191388589,0.0032937270077996084,0.7012987012987013,81
156,12637,12717,incarnato_invitro,-0.1003034927390933,0.3729559226675866,0.45578231292517,81
156,12637,12717,incarnato_invivo,-0.15971843106224795,0.15436403084204536,0.42403628117913833,81
156,12637,12717,pyle,-0.06346929996794612,0.5734939187842919,0.5021645021645021,81
156,12637,12717,zhang_invitro,-0.09051547543840686,0.4216112500987995,0.45124716553287986,81
156,12637,12717,zhang_invivo,-0.14043751167851276,0.2111168176336888,0.36734693877551017,81
157,12718,12798,incarnato_invitro,0.4219979848321132,8.712917255565837e-05,0.7868480725623582,81
157,12718,12798,incarnato_invivo,0.4110446104016431,0.00013793988517984846,0.782312925170068,81
157,12718,12798,pyle,0.09387572778911929,0.4045105182146372,0.600907029478458,81
157,12718,12798,zhang_invitro,0.42943606059832334,6.319935072025927e-05,0.8140589569160998,81
157,12718,12798,zhang_invivo,0.5090137148445562,1.220247406900746e-06,0.9024943310657596,81
158,12799,12879,incarnato_invitro,0.3476615907447088,0.0014720029852675108,0.7006802721088434,81
158,12799,12879,incarnato_invivo,0.34806051274274385,0.0014523376096545661,0.7755102040816326,81
158,12799,12879,pyle,0.2519336856124847,0.023274911663208966,0.7528344671201814,81
158,12799,12879,zhang_invitro,0.4888322332629136,3.652332265774089e-06,0.8666666666666667,81
158,12799,12879,zhang_invivo,0.6611703225470593,1.842511711884624e-11,0.945578231292517,81
159,12880,12960,incarnato_invitro,0.42022396950301133,9.39606537766627e-05,0.813664596273292,81
159,12880,12960,incarnato_invivo,0.34121104702369043,0.0018252233968077776,0.761904761904762,81
159,12880,12960,pyle,-0.030101701833198578,0.789650125172229,0.5328798185941043,81
159,12880,12960,zhang_invitro,0.5977266460622598,3.8283789950808905e-09,0.9047619047619047,81
159,12880,12960,zhang_invivo,0.41673350967308515,0.00010887222677747001,0.7763975155279502,81
160,12961,13041,incarnato_invitro,0.5079635652035839,1.294138715933108e-06,0.8480725623582767,81
160,12961,13041,incarnato_invivo,0.585750182397451,9.235113951268895e-09,0.8526077097505669,81
160,12961,13041,pyle,0.17719778083641893,0.11352546641408028,0.673469387755102,81
160,12961,13041,zhang_invitro,0.6943553730371075,6.551281289557735e-13,0.961038961038961,81
160,12961,13041,zhang_invivo,0.6712436874186587,7.00093066105998e-12,0.927536231884058,81
161,13042,13122,incarnato_invitro,0.3299161846148293,0.002631541098861565,0.7006802721088435,81
161,13042,13122,incarnato_invivo,0.19376713833347853,0.08304820865245467,0.6235827664399093,81
161,13042,13122,pyle,0.19670283432865907,0.07839955912718109,0.6303854875283447,81
161,13042,13122,zhang_invitro,0.23814389347040163,0.03228322857512717,0.6145124716553287,81
161,13042,13122,zhang_invivo,0.3734103893539441,0.0005957377838390245,0.7369614512471655,81
162,13123,13203,incarnato_invitro,0.282851490665245,0.01051023574155888,0.7210884353741497,81
162,13123,13203,incarnato_invivo,0.1547362484660304,0.16780102579813097,0.6757369614512472,81
162,13123,13203,pyle,-0.008836260135857732,0.9375959495308738,0.5306122448979591,81
162,13123,13203,zhang_invitro,0.24322815389269023,0.028669532932520392,0.6235827664399093,81
162,13123,13203,zhang_invivo,0.21004090622762112,0.05983065352995687,0.6054421768707483,81
163,13204,13284,incarnato_invitro,0.28559169591135236,0.009753680568901696,0.6984126984126984,81
163,13204,13284,incarnato_invivo,0.38227942647529467,0.0004286154167170202,0.8072562358276645,81
163,13204,13284,pyle,0.07941289659510867,0.48098357555874055,0.5555555555555556,81
163,13204,13284,zhang_invitro,0.2897453019242466,0.008697653058542969,0.7687074829931974,81
163,13204,13284,zhang_invivo,0.26840466632568843,0.015404340950098907,0.6802721088435374,81
164,13285,13365,incarnato_invitro,0.18425405238475998,0.0996313963139587,0.6848072562358276,81
164,13285,13365,incarnato_invivo,0.2907846597827078,0.008449627085151663,0.6621315192743764,81
164,13285,13365,pyle,-0.09559378275392988,0.3959267493201418,0.4058956916099773,81
164,13285,13365,zhang_invitro,0.2251072862931131,0.04333274029064711,0.6780045351473922,81
164,13285,13365,zhang_invivo,0.2035063241797768,0.06842330110865409,0.6145124716553287,81
165,13366,13446,incarnato_invitro,0.14062371544684496,0.21050607799708712,0.6038961038961039,81
165,13366,13446,incarnato_invivo,0.058327233065113865,0.607306664066976,0.5225,80
165,13366,13446,pyle,-0.15783143705755234,0.15935562806719786,0.3061224489795918,81
165,13366,13446,zhang_invitro,0.27734654252669755,0.012186173709929603,0.7664399092970522,81
165,13366,13446,zhang_invivo,0.21755873391344913,0.051053099482893015,0.6371882086167799,81
166,13447,13527,incarnato_invitro,-0.10062464530415131,0.3714196284979673,0.46485260770975056,81
166,13447,13527,incarnato_invivo,-0.1440702732660886,0.1994271949375876,0.4376417233560091,81
166,13447,13527,pyle,-0.11840814573357183,0.29242401106741106,0.42403628117913833,81
166,13447,13527,zhang_invitro,0.18436932203110537,0.09941600950720061,0.6575963718820862,81
166,13447,13527,zhang_invivo,-0.06514983469624132,0.5633657709046506,0.4625850340136055,81
167,13528,13608,incarnato_invitro,0.026488603556878775,0.8144157923945339,0.5396825396825398,81
167,13528,13608,incarnato_invivo,-0.06170234933470909,0.5866374212112571,0.4375,80
167,13528,13608,pyle,-0.16083619515531103,0.15146273406136007,0.38095238095238093,81
167,13528,13608,zhang_invitro,0.1317328962840495,0.24108244808650672,0.6031746031746033,81
167,13528,13608,zhang_invivo,0.32531601402791904,0.0030426680450389276,0.7402597402597402,81
168,13609,13689,incarnato_invitro,0.5647876075329576,3.9697494626343026e-08,0.9177489177489178,81
168,13609,13689,incarnato_invivo,0.5124718083383084,1.004070371827011e-06,0.8140589569160998,81
168,13609,13689,pyle,0.17267898203848187,0.12318039890485195,0.5850340136054422,81
168,13609,13689,zhang_invitro,0.37781460567742714,0.0005064707440968954,0.7619047619047619,81
168,13609,13689,zhang_invivo,0.6140805623615297,1.0832662051285553e-09,0.9002267573696145,81
169,13690,13770,incarnato_invitro,-0.010938037125863026,0.9227937849589,0.4240362811791383,81
169,13690,13770,incarnato_invivo,0.041014073828188655,0.7161997260768764,0.4965986394557823,81
169,13690,13770,pyle,0.17331175412290506,0.12179175603506877,0.6099773242630385,81
169,13690,13770,zhang_invitro,-0.1747999920984011,0.1185731028088833,0.4580498866213152,81
169,13690,13770,zhang_invivo,0.12224474231513947,0.27695461646869873,0.5860805860805861,81
170,13771,13851,incarnato_invitro,0.4212932059147929,8.978611759158741e-05,0.7981859410430838,81
170,13771,13851,incarnato_invivo,0.3778485241796358,0.0005058334733578599,0.740952380952381,81
170,13771,13851,pyle,0.05597741399461928,0.6196434183568303,0.562358276643991,81
170,13771,13851,zhang_invitro,0.551950889895098,9.234206344950135e-08,0.9155844155844155,81
170,13771,13851,zhang_invivo,0.5867369488877205,8.600388062365334e-09,0.8639455782312926,81
171,13852,13932,incarnato_invitro,0.12602884716832835,0.26224231474523635,0.6281179138321995,81
171,13852,13932,incarnato_invivo,0.07445815078406233,0.5088523992491018,0.5079365079365079,81
171,13852,13932,pyle,-0.1866112673972993,0.09529886884303579,0.3197278911564626,81
171,13852,13932,zhang_invitro,0.07413478968037714,0.5106996065018792,0.5804988662131518,81
171,13852,13932,zhang_invivo,0.15162579596586498,0.17661566607385282,0.5895691609977324,81
172,13933,14013,incarnato_invitro,0.4799221504862311,5.798550078389257e-06,0.8367346938775511,81
172,13933,14013,incarnato_invivo,0.2178884416706708,0.05069376109364373,0.6281179138321996,81
172,13933,14013,pyle,0.14865540139548067,0.18534490262293654,0.5555555555555556,81
172,13933,14013,zhang_invitro,0.4579095678972071,1.7212881634966052e-05,0.8467908902691511,81
172,13933,14013,zhang_invivo,0.44869778800192395,2.6554083062888863e-05,0.8354978354978355,81
173,14014,14094,incarnato_invitro,0.1978267251147789,0.07667584852659941,0.691609977324263,81
173,14014,14094,incarnato_invivo,0.32012063090133286,0.0035753078880690924,0.7402597402597403,81
173,14014,14094,pyle,0.33055374828393064,0.0025786764913133193,0.709750566893424,81
173,14014,14094,zhang_invitro,0.16838940737839037,0.13291585348850496,0.6462585034013605,81
173,14014,14094,zhang_invivo,0.22286881622678972,0.04551400030330167,0.6320346320346321,81
174,14095,14175,incarnato_invitro,0.2542800764096057,0.021978309966468417,0.6984126984126984,81
174,14095,14175,incarnato_invivo,0.22812398283609547,0.040530848483818854,0.6938775510204082,81
174,14095,14175,pyle,-0.09597742318738316,0.39402484614323485,0.39229024943310653,81
174,14095,14175,zhang_invitro,0.021486065950330854,0.849002781182218,0.47619047619047616,81
174,14095,14175,zhang_invivo,0.13821830150604453,0.21849262729575125,0.6250000000000001,81
175,14176,14256,incarnato_invitro,0.47882179056082386,6.133708978515945e-06,0.8208616780045351,81
175,14176,14256,incarnato_invivo,0.4883310227302758,3.749841460096055e-06,0.7868480725623582,81
175,14176,14256,pyle,0.12180793759830354,0.2786877076285753,0.6394557823129252,81
175,14176,14256,zhang_invitro,0.26745043226880344,0.01578761383573303,0.709750566893424,81
175,14176,14256,zhang_invivo,0.4472183385604556,2.8435900725499508e-05,0.8253968253968254,81
176,14257,14337,incarnato_invitro,0.3539425369571379,0.0011886670325991606,0.782312925170068,81
176,14257,14337,incarnato_invivo,0.3150707715254253,0.004171206701738916,0.7165532879818595,81
176,14257,14337,pyle,0.17295017007466323,0.12258378862647752,0.653061224489796,81
176,14257,14337,zhang_invitro,0.403958254018799,0.00018414735503931987,0.780045351473923,81
176,14257,14337,zhang_invivo,0.6066764109379462,1.9356145824962473e-09,0.9213250517598344,81
177,14338,14418,incarnato_invitro,0.15314989432489545,0.17225517994228662,0.5827664399092971,81
177,14338,14418,incarnato_invivo,0.254524134438198,0.0218470541722224,0.63718820861678,81
177,14338,14418,pyle,0.03218079835621229,0.7754913566250561,0.54421768707483,81
177,14338,14418,zhang_invitro,0.5180920687802941,7.279929350408675e-07,0.873015873015873,81
177,14338,14418,zhang_invivo,0.3820151672760381,0.0004328991559725467,0.7732426303854876,81
178,14419,14499,incarnato_invitro,0.09200060623034231,0.41400251772587326,0.5419501133786848,81
178,14419,14499,incarnato_invivo,0.2602353474342954,0.018961042484804836,0.6870748299319728,81
178,14419,14499,pyle,0.09059889087784767,0.42118176948811303,0.5736961451247165,81
178,14419,14499,zhang_invitro,0.17984964979803153,0.10813805123777177,0.63718820861678,81
178,14419,14499,zhang_invivo,0.27051104616842647,0.01458663791347816,0.6957671957671957,81
179,14500,14580,incarnato_invitro,-0.04756566738276124,0.6732614652525442,0.528344671201814,81
179,14500,14580,incarnato_invivo,0.017209529984592686,0.8788007340952341,0.4965986394557823,81
179,14500,14580,pyle,0.04844185761801073,0.669591537870653,0.46749999999999997,80
179,14500,14580,zhang_invitro,0.10046296489902537,0.37219257543483464,0.5578231292517006,81
179,14500,14580,zhang_invivo,-0.005492401935770051,0.961187331852247,0.4393939393939394,81
180,14581,14661,incarnato_invitro,0.5515602696619795,1.1420693793341594e-07,0.8238095238095238,80
180,14581,14661,incarnato_invivo,0.44521669309467904,3.1180275922425475e-05,0.7981859410430838,81
180,14581,14661,pyle,0.34921109409104056,0.0013969412546999537,0.7278911564625851,81
180,14581,14661,zhang_invitro,0.660092607973609,2.0390391223981013e-11,0.9251700680272108,81
180,14581,14661,zhang_invivo,0.6078537023631286,1.7667278375912257e-09,0.9028571428571428,81
181,14662,14742,incarnato_invitro,0.1360962436358502,0.22571363984080453,0.5952380952380952,81
181,14662,14742,incarnato_invivo,0.07657435858098541,0.496848842155669,0.5668934240362812,81
181,14662,14742,pyle,0.17824963628170734,0.11136427451801396,0.6145124716553287,81
181,14662,14742,zhang_invitro,0.23856451727682276,0.031970408628145354,0.6515151515151516,81
181,14662,14742,zhang_invivo,0.44835775285908186,2.6976022313938505e-05,0.8616780045351474,81
182,14743,14823,incarnato_invitro,0.46680733096556715,1.1188359215867713e-05,0.8798185941043084,81
182,14743,14823,incarnato_invivo,0.37508576272063177,0.0005602127779223593,0.7414965986394557,81
182,14743,14823,pyle,0.3226441419463784,0.003307005048872873,0.7256235827664399,81
182,14743,14823,zhang_invitro,0.2560356504530075,0.021048963830037425,0.7142857142857143,81
182,14743,14823,zhang_invivo,0.34630626834088224,0.0015406261572514775,0.7414965986394557,81
183,14824,14904,incarnato_invitro,0.33499671304557355,0.0022359644477894848,0.7142857142857142,81
183,14824,14904,incarnato_invivo,0.29380933974572127,0.007762784381659369,0.7359307359307359,81
183,14824,14904,pyle,0.3169266265080907,0.003942652462180673,0.7188208616780045,81
183,14824,14904,zhang_invitro,0.2750958301604262,0.0129355741029008,0.6547619047619047,81
183,14824,14904,zhang_invivo,0.35416093641448154,0.0011797708878948307,0.7188208616780045,81
184,14905,14985,incarnato_invitro,0.27479017515132054,0.013040367488946695,0.6780045351473922,81
184,14905,14985,incarnato_invivo,0.20557141226927,0.06560645190728241,0.6757369614512471,81
184,14905,14985,pyle,-0.010203449861323724,0.9279645344519699,0.5021645021645021,81
184,14905,14985,zhang_invitro,0.4625516811373851,1.3768846660756816e-05,0.7891156462585034,81
184,14905,14985,zhang_invivo,0.41128157959821826,0.00013659834573611653,0.7687074829931972,81
185,14986,15066,incarnato_invitro,0.4469903530032695,2.8736712384114752e-05,0.8231292517006803,81
185,14986,15066,incarnato_invivo,0.42977285045790914,6.227606935474249e-05,0.8253968253968254,81
185,14986,15066,pyle,0.0491299547938241,0.6631558372757482,0.5056689342403629,81
185,14986,15066,zhang_invitro,0.5121906901852435,1.0201949506234566e-06,0.8594104308390023,81
185,14986,15066,zhang_invivo,0.618317018230617,7.718554816878836e-10,0.9192546583850931,81
186,15067,15147,incarnato_invitro,0.19990965685216872,0.0735614736789482,0.6077097505668934,81
186,15067,15147,incarnato_invivo,0.49859318333229447,2.1681179213101375e-06,0.8344671201814059,81
186,15067,15147,pyle,0.3640699385734777,0.0008343200471430213,0.8117913832199546,81
186,15067,15147,zhang_invitro,0.3128093153080064,0.004465596499415927,0.7142857142857142,81
186,15067,15147,zhang_invivo,0.5555917745391055,7.294174486061977e-08,0.8526077097505669,81
187,15148,15228,incarnato_invitro,-0.009808632781859238,0.9307448934273616,0.44671201814058953,81
187,15148,15228,incarnato_invivo,0.011661481139611162,0.9177045976674167,0.4761904761904762,81
187,15148,15228,pyle,-0.16891720303188903,0.13168740081714472,0.36961451247165533,81
187,15148,15228,zhang_invitro,0.12305140338216242,0.2737730346049762,0.6213151927437641,81
187,15148,15228,zhang_invivo,0.08681307815393814,0.44092606809961343,0.5147392290249433,81
188,15229,15309,incarnato_invitro,0.11060452339166965,0.3256129387516881,0.6281179138321995,81
188,15229,15309,incarnato_invivo,0.1961919281697004,0.07919329548924298,0.6341991341991342,81
188,15229,15309,pyle,-0.11118646623073347,0.3230581133730613,0.3877551020408163,81
188,15229,15309,zhang_invitro,0.14651300943995377,0.19183230070465804,0.6471861471861472,81
188,15229,15309,zhang_invivo,0.00938667683442024,0.933717284141999,0.4535147392290249,81
189,15310,15390,incarnato_invitro,0.3629276215466552,0.0008688079306728113,0.7664399092970522,81
189,15310,15390,incarnato_invivo,0.2947315630913533,0.007563367538545553,0.7445887445887446,81
189,15310,15390,pyle,0.08101742580918171,0.47213668005390225,0.5941043083900226,81
189,15310,15390,zhang_invitro,0.3078258686806128,0.0051803676117426695,0.7467532467532467,81
189,15310,15390,zhang_invivo,0.17372299700472618,0.1208957246744481,0.6349206349206349,81
190,15391,15471,incarnato_invitro,-0.051019268449453134,0.6510303005890631,0.41950113378684806,81
190,15391,15471,incarnato_invivo,0.0446109363807465,0.6925071349513083,0.4739229024943311,81
190,15391,15471,pyle,0.1817401547616989,0.1044201404067521,0.7097505668934241,81
190,15391,15471,zhang_invitro,0.245803035599507,0.026973756010514945,0.691609977324263,81
190,15391,15471,zhang_invivo,0.2063223367325881,0.06460571416145326,0.5995670995670996,81
191,15472,15552,incarnato_invitro,0.23917288083394056,0.03152247710005333,0.6961451247165533,81
191,15472,15552,incarnato_invivo,0.26376936845266225,0.0173442066432659,0.6870748299319728,81
191,15472,15552,pyle,0.25267802417191687,0.022856718198735897,0.6802721088435375,81
191,15472,15552,zhang_invitro,0.138144452941779,0.21874115472262876,0.6363636363636362,81
191,15472,15552,zhang_invivo,0.39971839369051554,0.00021822880263987505,0.8253968253968255,81
192,15553,15633,incarnato_invitro,0.34056758183032076,0.00199379370483555,0.7375,80
192,15553,15633,incarnato_invivo,0.3298744515716391,0.0028065075499016765,0.7549999999999999,80
192,15553,15633,pyle,0.27786761253309145,0.012018156799355906,0.7006802721088436,81
192,15553,15633,zhang_invitro,0.2779652812290452,0.011986889065908392,0.7165532879818594,81
192,15553,15633,zhang_invivo,0.4630119370119314,1.3465037418342622e-05,0.8273809523809523,81
193,15634,15714,incarnato_invitro,0.3835358964409516,0.0004087736415847415,0.7732426303854875,81
193,15634,15714,incarnato_invivo,0.40681468481869737,0.00016403020704283393,0.8072562358276644,81
193,15634,15714,pyle,0.26971910098537905,0.01488956034661524,0.6712018140589568,81
193,15634,15714,zhang_invitro,0.5095727439944454,1.1825542896164723e-06,0.8593073593073592,81
193,15634,15714,zhang_invivo,0.5793911556792342,1.453039082867427e-08,0.8896103896103896,81
194,15715,15795,incarnato_invitro,0.16916245084387155,0.1311195282257859,0.6099773242630385,81
194,15715,15795,incarnato_invivo,0.0670050650446678,0.554826322325864,0.605,80
194,15715,15795,pyle,0.010926741509671191,0.9228732709758523,0.5578231292517006,81
194,15715,15795,zhang_invitro,-0.027784558027170635,0.8055104723178835,0.5124716553287982,81
194,15715,15795,zhang_invivo,0.07734193352422958,0.4925318816342058,0.5541125541125541,81
195,15796,15876,incarnato_invitro,0.33669388808990847,0.0021162564707700804,0.7619047619047619,81
195,15796,15876,incarnato_invivo,0.03620390252229891,0.748304405168547,0.5056689342403629,81
195,15796,15876,pyle,0.03138983772245707,0.7808694972409846,0.5079365079365079,81
195,15796,15876,zhang_invitro,0.19718578364181333,0.07765510755254813,0.6575963718820862,81
195,15796,15876,zhang_invivo,0.16668068756722285,0.13695264748684768,0.6269841269841269,81
196,15877,15957,incarnato_invitro,0.14903930246689862,0.18419942824496116,0.655328798185941,81
196,15877,15957,incarnato_invivo,0.09289950472311612,0.40943619731356395,0.5895691609977324,81
196,15877,15957,pyle,-0.33302079120715994,0.002382974769631948,0.28138528138528135,81
196,15877,15957,zhang_invitro,0.2792871085281583,0.01157062329427429,0.7018633540372671,81
196,15877,15957,zhang_invivo,-0.0499034066576404,0.6581811597088795,0.4920634920634921,81
197,15958,16038,incarnato_invitro,0.2677022876121963,0.015685664225481902,0.6575963718820862,81
197,15958,16038,incarnato_invivo,0.2939229660329404,0.007737967403388649,0.7120181405895691,81
197,15958,16038,pyle,0.45204530162873213,2.271637254649173e-05,0.8185941043083901,81
197,15958,16038,zhang_invitro,0.4197812989274503,9.574097771783684e-05,0.7888198757763975,81
197,15958,16038,zhang_invivo,0.575889455759636,1.8573148749739194e-08,0.9047619047619048,81
198,16039,16119,incarnato_invitro,0.08918746963212924,0.42848260480400935,0.564625850340136,81
198,16039,16119,incarnato_invivo,0.09185416706443415,0.4147492045530834,0.5941043083900227,81
198,16039,16119,pyle,0.3480246464327471,0.0014540959197161803,0.7165532879818595,81
198,16039,16119,zhang_invitro,0.3377843515451219,0.002042415875905579,0.7029478458049887,81
198,16039,16119,zhang_invivo,0.4599246656686836,1.562927745561405e-05,0.7959183673469388,81
199,16120,16200,incarnato_invitro,0.6333656382398655,2.220389500480699e-10,0.9229024943310657,81
199,16120,16200,incarnato_invivo,0.5624332717286151,4.6469911389034596e-08,0.8866213151927438,81
199,16120,16200,pyle,0.4271687700459919,6.975335639196974e-05,0.8163265306122448,81
199,16120,16200,zhang_invitro,0.6740688087509931,5.300855907679239e-12,0.91156462585034,81
199,16120,16200,zhang_invivo,0.6458321467260494,7.506206027759252e-11,0.8639455782312925,81
200,16201,16281,incarnato_invitro,0.6266789471357772,3.894493622669708e-10,0.8843537414965986,81
200,16201,16281,incarnato_invivo,0.6820041618539905,2.38679442757571e-12,0.9841269841269842,81
200,16201,16281,pyle,0.45527694078950337,1.9508159264237673e-05,0.8548752834467119,81
200,16201,16281,zhang_invitro,0.5387124448967137,2.1268299219228828e-07,0.8956916099773242,81
200,16201,16281,zhang_invivo,0.5751387666475094,1.9569415665297884e-08,0.8707482993197279,81
201,16282,16362,incarnato_invitro,0.2511413006549067,0.023727241275950016,0.6666666666666667,81
201,16282,16362,incarnato_invivo,0.30756460925722867,0.0052204912790254215,0.673469387755102,81
201,16282,16362,pyle,0.24020344503383462,0.030775732833060915,0.653061224489796,81
201,16282,16362,zhang_invitro,0.23351895116172103,0.035895722977731026,0.6575963718820862,81
201,16282,16362,zhang_invivo,0.25813927439217443,0.019979789873894094,0.6712018140589568,81
202,16363,16443,incarnato_invitro,0.635832704426489,1.7984749570092497e-10,0.9478458049886622,81
202,16363,16443,incarnato_invivo,0.5528374879266058,8.721086528171367e-08,0.8809523809523809,81
202,16363,16443,pyle,0.25561732310394825,0.021267309595086742,0.653061224489796,81
202,16363,16443,zhang_invitro,0.43259647837466364,5.5013585291861374e-05,0.7971014492753623,81
202,16363,16443,zhang_invivo,0.28937027813624866,0.008788700479999818,0.7346938775510204,81
203,16444,16524,incarnato_invitro,0.5109450276717007,1.0946307960962623e-06,0.836734693877551,81
203,16444,16524,incarnato_invivo,0.3551126429647885,0.0011417047604781294,0.7732426303854876,81
203,16444,16524,pyle,0.2729974998495176,0.01366993146409476,0.7324263038548753,81
203,16444,16524,zhang_invitro,0.5325488321912942,3.098826926899859e-07,0.8722943722943723,81
203,16444,16524,zhang_invivo,0.5943431333829521,4.9276742939176e-09,0.9478458049886621,81
204,16525,16605,incarnato_invitro,0.5591873286771211,5.7626277161822695e-08,0.8276643990929704,81
204,16525,16605,incarnato_invivo,0.5533878714051941,8.416295209351215e-08,0.9183673469387755,81
204,16525,16605,pyle,0.3827480145654689,0.00042111474548085683,0.8027210884353742,81
204,16525,16605,zhang_invitro,0.5015542637670091,1.844944672458072e-06,0.8707482993197279,81
204,16525,16605,zhang_invivo,0.6796168432874058,3.042299835386001e-12,0.9447619047619047,81
205,16606,16686,incarnato_invitro,0.31746837312289916,0.004111714994244473,0.7649999999999999,80
205,16606,16686,incarnato_invivo,0.43359182599324925,5.26469587181353e-05,0.8049886621315192,81
205,16606,16686,pyle,0.21123288118226544,0.05836225266508664,0.6598639455782314,81
205,16606,16686,zhang_invitro,0.5724191193822573,2.3621880185188566e-08,0.854978354978355,81
205,16606,16686,zhang_invivo,0.5772592501905033,1.6878404001380022e-08,0.8956916099773242,81
206,16687,16767,incarnato_invitro,-0.07477332790814346,0.5070552540290953,0.4784580498866213,81
206,16687,16767,incarnato_invivo,-0.2037994078922312,0.06801768726268569,0.30839002267573695,81
206,16687,16767,pyle,-0.12593365628405934,0.26260578854729694,0.42857142857142855,81
206,16687,16767,zhang_invitro,0.03582494513118335,0.7508528104319993,0.47619047619047616,81
206,16687,16767,zhang_invivo,0.10909938002276601,0.3322803572700434,0.5782312925170068,81
207,16768,16848,incarnato_invitro,0.5716794750084209,2.4855123540747917e-08,0.927437641723356,81
207,16768,16848,incarnato_invivo,0.42549623244812623,7.498633789592149e-05,0.7845804988662131,81
207,16768,16848,pyle,0.3723545783336571,0.0006191694894872559,0.7445887445887445,81
207,16768,16848,zhang_invitro,0.672182402040602,6.384988628227803e-12,0.8979591836734694,81
207,16768,16848,zhang_invivo,0.6925162740231666,7.97451551358083e-13,0.9501133786848073,81
208,16849,16929,incarnato_invitro,0.027632905886995282,0.8065513158298561,0.5873015873015873,81
208,16849,16929,incarnato_invivo,0.24110018985713982,0.03013812871645105,0.7165532879818594,81
208,16849,16929,pyle,0.19917631307370237,0.07464617712625586,0.7301587301587301,81
208,16849,16929,zhang_invitro,0.12462332021607546,0.26764381774164847,0.577922077922078,81
208,16849,16929,zhang_invivo,0.29626766350607686,0.007241198128352124,0.7687074829931972,81
209,16930,17010,incarnato_invitro,0.5937993984704482,5.130282363496583e-09,0.9160997732426304,81
209,16930,17010,incarnato_invivo,0.6521239660502451,4.259914001955616e-11,0.9115646258503403,81
209,16930,17010,pyle,0.34241815779025886,0.0017538204623561676,0.7755102040816326,81
209,16930,17010,zhang_invitro,0.5320751386487458,3.188791528193568e-07,0.8480725623582765,81
209,16930,17010,zhang_invivo,0.6128308720388824,1.1960258815884468e-09,0.9070294784580499,81
210,17011,17091,incarnato_invitro,0.18512510980474495,0.0980127983438174,0.6099773242630386,81
210,17011,17091,incarnato_invivo,0.1549770441402698,0.16713240681962527,0.6258503401360545,81
210,17011,17091,pyle,-0.11364974363299972,0.31238633283613054,0.4988662131519274,81
210,17011,17091,zhang_invitro,0.28391137183772075,0.010211743844169395,0.7278911564625851,81
210,17011,17091,zhang_invivo,0.38602924055125254,0.00037186931020235023,0.7929606625258798,81
211,17092,17172,incarnato_invitro,0.3043752004118269,0.0057329827674001905,0.6802721088435373,81
211,17092,17172,incarnato_invivo,0.16172891730046363,0.14917497911063826,0.6598639455782314,81
211,17092,17172,pyle,0.0951202792434458,0.3982816333689146,0.5918367346938777,81
211,17092,17172,zhang_invitro,0.12009826813174111,0.2855405735725834,0.5895691609977325,81
211,17092,17172,zhang_invivo,0.23203186146801524,0.03712677550348014,0.7029478458049886,81
212,17173,17253,incarnato_invitro,0.31760197381226635,0.003862291567373144,0.6997929606625259,81
212,17173,17253,incarnato_invivo,0.25420421780549574,0.02201924398382561,0.6471861471861471,81
212,17173,17253,pyle,0.10322094627153067,0.3591415991683592,0.5827664399092971,81
212,17173,17253,zhang_invitro,0.3365055645165402,0.0021292491736196596,0.7424242424242424,81
212,17173,17253,zhang_invivo,0.37943283082847334,0.00047687130172798713,0.7192118226600985,81
213,17254,17334,incarnato_invitro,0.053698570768873743,0.6339894201971271,0.5578231292517007,81
213,17254,17334,incarnato_invivo,-0.03924339060336816,0.7279641212875102,0.4489795918367347,81
213,17254,17334,pyle,-0.013288138647087661,0.9062739842923194,0.5374149659863946,81
213,17254,17334,zhang_invitro,0.19603643095204815,0.07943614194073603,0.6462585034013606,81
213,17254,17334,zhang_invivo,0.21103426609899678,0.05860486844747575,0.6666666666666667,81
214,17335,17415,incarnato_invitro,0.37941656254149814,0.00047716082388868803,0.8435374149659863,81
214,17335,17415,incarnato_invivo,0.2976565172603506,0.006960372820204135,0.7482993197278911,81
214,17335,17415,pyle,0.05342434516922679,0.6357250234951322,0.4852607709750567,81
214,17335,17415,zhang_invitro,0.2726365642039153,0.013799823522388078,0.6802721088435375,81
214,17335,17415,zhang_invivo,0.29398296884817815,0.007724890416469641,0.7294372294372294,81
215,17416,17496,incarnato_invitro,0.41219035201804965,0.00013156453785897082,0.7959183673469388,81
215,17416,17496,incarnato_invivo,0.3382394524728497,0.0020122906078954192,0.7324263038548753,81
215,17416,17496,pyle,0.0036836583175059085,0.9739634755415144,0.46031746031746035,81
215,17416,17496,zhang_invitro,0.2940564113948838,0.0077089108205521065,0.6757369614512472,81
215,17416,17496,zhang_invivo,0.44396885477408415,3.3013974640331546e-05,0.8321995464852608,81
216,17497,17577,incarnato_invitro,0.30510728992127606,0.005611566466592727,0.7142857142857143,81
216,17497,17577,incarnato_invivo,0.4125907259918524,0.0001294016858344649,0.8117913832199546,81
216,17497,17577,pyle,0.18137959819930055,0.10512142597100164,0.6122448979591837,81
216,17497,17577,zhang_invitro,0.31477760406405303,0.0042083697168477366,0.7823129251700681,81
216,17497,17577,zhang_invivo,0.33886955881636543,0.0019712410661923757,0.7596371882086168,81
217,17578,17658,incarnato_invitro,0.5569450176114221,6.677206432503966e-08,0.9115646258503401,81
217,17578,17658,incarnato_invivo,0.4944886681915696,2.7050334482212405e-06,0.8571428571428571,81
217,17578,17658,pyle,0.31766288588194225,0.0038551157749736617,0.6326530612244898,81
217,17578,17658,zhang_invitro,0.5263391997459363,4.4939952114646216e-07,0.8571428571428572,81
217,17578,17658,zhang_invivo,0.703305100366909,2.463706470946086e-13,0.9297052154195011,81
218,17659,17739,incarnato_invitro,0.4414200176580197,3.70758232723166e-05,0.8163265306122448,81
218,17659,17739,incarnato_invivo,0.4107145915688215,0.0001398284861384882,0.8208616780045351,81
218,17659,17739,pyle,0.10675950098989415,0.34281590760240876,0.6077097505668934,81
218,17659,17739,zhang_invitro,0.526470729888713,4.4590919042556367e-07,0.9070294784580499,81
218,17659,17739,zhang_invivo,0.5791805805457346,1.4747676963555126e-08,0.8707482993197279,81
219,17740,17820,incarnato_invitro,0.09741160234352755,0.3869630669496581,0.5895691609977325,81
219,17740,17820,incarnato_invivo,-0.026193429221688828,0.8164474585886998,0.5170068027210885,81
219,17740,17820,pyle,-0.058587915316681616,0.6033826403296819,0.46938775510204084,81
219,17740,17820,zhang_invitro,0.23349900489588224,0.03591200627314296,0.6790890269151139,81
219,17740,17820,zhang_invivo,0.1748016086663038,0.11856964253902251,0.5941043083900226,81
220,17821,17901,incarnato_invitro,0.5319320035143196,3.216458770928391e-07,0.9138321995464853,81
220,17821,17901,incarnato_invivo,0.41170302621667354,0.00013424217588293944,0.7210884353741496,81
220,17821,17901,pyle,-0.05358223614883399,0.6347254740689389,0.47392290249433106,81
220,17821,17901,zhang_invitro,0.23742916684285875,0.03282067255444029,0.7012987012987013,81
220,17821,17901,zhang_invivo,0.2807205531116581,0.011133480887126698,0.7402597402597402,81
221,17902,17982,incarnato_invitro,0.26155896526257444,0.018340947293812124,0.7210884353741497,81
221,17902,17982,incarnato_invivo,0.1970545135625199,0.07785689522468545,0.6870748299319727,81
221,17902,17982,pyle,0.18106321215708895,0.10573981489269005,0.6938775510204082,81
221,17902,17982,zhang_invitro,0.25532693997933464,0.021420010131247787,0.6417233560090703,81
221,17902,17982,zhang_invivo,0.4027700954908436,0.00019316627463322554,0.7246376811594203,81
222,17983,18063,incarnato_invitro,0.4370643588150946,4.511093911820732e-05,0.7528344671201814,81
222,17983,18063,incarnato_invivo,0.2723905243589638,0.013888978836052435,0.7437641723356009,81
222,17983,18063,pyle,-0.052276398271869244,0.6451354841607743,0.49,80
222,17983,18063,zhang_invitro,0.22730215481063035,0.0412787984631223,0.6575963718820861,81
222,17983,18063,zhang_invivo,0.27298466016060846,0.013674533925392274,0.722943722943723,81
223,18064,18144,incarnato_invitro,0.20664799174725515,0.06417558058977571,0.6363636363636364,81
223,18064,18144,incarnato_invivo,0.27815237475657356,0.011927190274208374,0.7392290249433107,81
223,18064,18144,pyle,-0.2105233930369017,0.05923269507803306,0.3242630385487528,81
223,18064,18144,zhang_invitro,0.21137340421680034,0.058191093315900694,0.6645021645021645,81
223,18064,18144,zhang_invivo,0.2581721761974498,0.019963443771737147,0.7165532879818595,81
224,18145,18225,incarnato_invitro,0.3509035532980975,0.0013189240761155283,0.7482993197278911,81
224,18145,18225,incarnato_invivo,0.4277434217197064,6.80350614895126e-05,0.7777777777777778,81
224,18145,18225,pyle,0.27341403797835007,0.013521347124201763,0.7188208616780045,81
224,18145,18225,zhang_invitro,0.44713201311098844,2.854945436001682e-05,0.7891156462585035,81
224,18145,18225,zhang_invivo,0.5171169738378174,7.700757626474217e-07,0.8874458874458875,81
225,18226,18306,incarnato_invitro,0.47338995598223316,8.071649777176161e-06,0.8276643990929706,81
225,18226,18306,incarnato_invivo,0.3839442487022658,0.0004025085458918245,0.7777777777777777,81
225,18226,18306,pyle,0.2595028844974619,0.019311855608666134,0.7210884353741496,81
225,18226,18306,zhang_invitro,0.298139856910096,0.006864917157182855,0.7528344671201813,81
225,18226,18306,zhang_invivo,0.2919014941717562,0.008190047946704724,0.6916099773242629,81
226,18307,18387,incarnato_invitro,0.12137755674171416,0.28040237476727736,0.6107660455486542,81
226,18307,18387,incarnato_invivo,0.03400154568425349,0.7631516310669305,0.487012987012987,81
226,18307,18387,pyle,0.14830679575848174,0.18638953236874456,0.6054421768707483,81
226,18307,18387,zhang_invitro,0.24980454118674705,0.02450727895870824,0.6621315192743764,81
226,18307,18387,zhang_invivo,0.08973796359039155,0.42562652223504577,0.5804988662131519,81
227,18388,18468,incarnato_invitro,0.11894729545761402,0.29021642005215087,0.6281179138321995,81
227,18388,18468,incarnato_invivo,0.07156095679180777,0.5255243127819919,0.48526077097505665,81
227,18388,18468,pyle,0.2369279476104494,0.0332020337154826,0.6439909297052154,81
227,18388,18468,zhang_invitro,0.4399230948196206,3.967342469480147e-05,0.824016563146998,81
227,18388,18468,zhang_invivo,0.45642135188531735,1.8477349630994085e-05,0.8185941043083901,81
228,18469,18549,incarnato_invitro,0.15145663971510873,0.17710455645700948,0.5714285714285714,81
228,18469,18549,incarnato_invivo,0.19660133614405115,0.07855673762953842,0.7056277056277056,81
228,18469,18549,pyle,0.151390721198245,0.17729533970341183,0.6530612244897959,81
228,18469,18549,zhang_invitro,0.14585907862025466,0.1938447203959918,0.6031746031746033,81
228,18469,18549,zhang_invivo,0.472547283227948,8.419360701246017e-06,0.8246753246753247,81
229,18550,18630,incarnato_invitro,0.1654029606320631,0.14003135433128028,0.6122448979591836,81
229,18550,18630,incarnato_invivo,0.08021652175352018,0.47654159559532755,0.5600907029478458,81
229,18550,18630,pyle,0.25579811512806916,0.02117270901379319,0.6575963718820862,81
229,18550,18630,zhang_invitro,0.48584365669345314,4.271032913173072e-06,0.9002267573696145,81
229,18550,18630,zhang_invivo,0.5788500252747129,1.5095020144458207e-08,0.9297052154195011,81
230,18631,18711,incarnato_invitro,0.1170215557794113,0.29815219723126934,0.5351473922902494,81
230,18631,18711,incarnato_invivo,0.20145320765094643,0.07131968872947295,0.691609977324263,81
230,18631,18711,pyle,0.20592211547371375,0.06513752979222061,0.6757369614512472,81
230,18631,18711,zhang_invitro,0.1382135801323967,0.21850851048793798,0.6326530612244898,81
230,18631,18711,zhang_invivo,0.25932903505633653,0.019395932980617116,0.6507936507936508,81
231,18712,18792,incarnato_invitro,0.4496098214249477,2.5452563328876615e-05,0.7868480725623582,81
231,18712,18792,incarnato_invivo,0.4767530394959264,6.813591963373455e-06,0.8117913832199546,81
231,18712,18792,pyle,0.42412678908614165,7.953962976120182e-05,0.8163265306122448,81
231,18712,18792,zhang_invitro,0.6215118426686118,5.957544723932787e-10,0.909297052154195,81
231,18712,18792,zhang_invivo,0.6679715602962225,9.62599766348252e-12,0.9104761904761904,81
232,18793,18873,incarnato_invitro,0.6760851838435353,4.338179952599275e-12,0.9523809523809523,81
232,18793,18873,incarnato_invivo,0.6499208779014793,5.202326058926203e-11,0.8956916099773242,81
232,18793,18873,pyle,0.3854711944287901,0.0003798531035094309,0.8398268398268398,81
232,18793,18873,zhang_invitro,0.6505281912441774,4.924267110880389e-11,0.9761904761904762,81
232,18793,18873,zhang_invivo,0.6037168748586119,2.4309707564737423e-09,0.8917748917748918,81
233,18874,18954,incarnato_invitro,0.4923125258854907,3.0381886508200436e-06,0.8321995464852607,81
233,18874,18954,incarnato_invivo,0.3655595416804454,0.0007912187034900084,0.7414965986394557,81
233,18874,18954,pyle,0.2926344900427041,0.008023510999581334,0.7256235827664399,81
233,18874,18954,zhang_invitro,0.34359406835949885,0.0016866950465065599,0.7505668934240363,81
233,18874,18954,zhang_invivo,0.4493795294126805,2.5726606221221853e-05,0.7826086956521738,81
234,18955,19035,incarnato_invitro,0.36978234700111656,0.0006798170643552081,0.8140589569160998,81
234,18955,19035,incarnato_invivo,0.24099020920495923,0.030215723197808412,0.6666666666666667,81
234,18955,19035,pyle,0.2339887543400436,0.03551397730654255,0.6621315192743764,81
234,18955,19035,zhang_invitro,0.5085403683811901,1.253046541896529e-06,0.8313492063492064,81
234,18955,19035,zhang_invivo,0.4533295071038793,2.138665339406112e-05,0.8484848484848485,81
235,19036,19116,incarnato_invitro,0.06946048222285982,0.5377805170298081,0.5895691609977325,81
235,19036,19116,incarnato_invivo,0.15649865010976266,0.162952701898918,0.6439909297052153,81
235,19036,19116,pyle,-0.0035367639674213167,0.9750014016301346,0.4829931972789116,81
235,19036,19116,zhang_invitro,-0.037008803731137636,0.7429005915241611,0.4126984126984127,81
235,19036,19116,zhang_invivo,0.3400426677366918,0.0018968196321793214,0.7369614512471656,81
236,19117,19197,incarnato_invitro,0.2163274413373645,0.05241358833806865,0.5941043083900226,81
236,19117,19197,incarnato_invivo,0.15031395497534436,0.18043303392760585,0.6122448979591837,81
236,19117,19197,pyle,0.26219215065222967,0.018050519404499744,0.7392290249433107,81
236,19117,19197,zhang_invitro,0.28373441717132675,0.010261058413341446,0.6961451247165532,81
236,19117,19197,zhang_invivo,0.4108223308769173,0.00013920931567744838,0.7414965986394558,81
237,19198,19278,incarnato_invitro,0.26846637412767754,0.015379834628791975,0.7755102040816326,81
237,19198,19278,incarnato_invivo,0.044834284946785576,0.6910453403006591,0.5736961451247166,81
237,19198,19278,pyle,0.457358623019866,1.7671257904960318e-05,0.8276643990929705,81
237,19198,19278,zhang_invitro,0.18662418647655996,0.09527553834772798,0.6363636363636365,81
237,19198,19278,zhang_invivo,0.5061145272009484,1.4346012921023644e-06,0.8934240362811792,81
238,19279,19359,incarnato_invitro,0.1793254035887193,0.10918703458612375,0.5804988662131519,81
238,19279,19359,incarnato_invivo,0.252224152043741,0.02311094949251791,0.6575963718820862,81
238,19279,19359,pyle,-0.01619218566032879,0.8859158435246559,0.5396825396825397,81
238,19279,19359,zhang_invitro,0.18305104395018496,0.10190112307894494,0.6916099773242631,81
238,19279,19359,zhang_invivo,0.12102397034866326,0.281816336010556,0.5714285714285715,81
239,19360,19440,incarnato_invitro,0.045935330424131254,0.6838556965291094,0.5668934240362812,81
239,19360,19440,incarnato_invivo,0.05674633019593487,0.6148343793904093,0.526077097505669,81
239,19360,19440,pyle,0.14546895998520962,0.19505249533267552,0.6462585034013606,81
239,19360,19440,zhang_invitro,0.38039181207934786,0.0004600858226976405,0.7936507936507936,81
239,19360,19440,zhang_invivo,0.3636896330372531,0.0008456610903023534,0.7392290249433107,81
240,19441,19521,incarnato_invitro,0.07814086433109044,0.4880596092452609,0.5442176870748299,81
240,19441,19521,incarnato_invivo,0.15329658251057524,0.17183970615412658,0.6281179138321995,81
240,19441,19521,pyle,0.2522034477916637,0.023122603954231526,0.6666666666666666,81
240,19441,19521,zhang_invitro,0.21030214561768407,0.059506286061660287,0.6731601731601731,81
240,19441,19521,zhang_invivo,0.24381881491027518,0.02827277736229226,0.6977225672877846,81
241,19522,19602,incarnato_invitro,-0.1337147768800135,0.23401448091060464,0.3658008658008658,81
241,19522,19602,incarnato_invivo,-0.22529455602942153,0.04315425236298386,0.26303854875283444,81
241,19522,19602,pyle,-0.08524343937300793,0.44926235032753203,0.4331065759637188,81
241,19522,19602,zhang_invitro,-0.1296935906232843,0.2485077100701556,0.34632034632034636,81
241,19522,19602,zhang_invivo,-0.05829933189600438,0.6051709465448619,0.41950113378684806,81
242,19603,19683,incarnato_invitro,-0.02774074671149345,0.8058111305983149,0.4693877551020408,81
242,19603,19683,incarnato_invivo,-0.018921678153059306,0.8668482324334329,0.5124716553287982,81
242,19603,19683,pyle,-0.3357740884667151,0.002180397895109695,0.29931972789115646,81
242,19603,19683,zhang_invitro,0.3274958648782286,0.0028411837712754304,0.7186147186147187,81
242,19603,19683,zhang_invivo,0.07852585940556706,0.485912172589013,0.5578231292517006,81
243,19684,19764,incarnato_invitro,0.4277360178130675,6.805694827900133e-05,0.7596371882086168,81
243,19684,19764,incarnato_invivo,0.013678198220644762,0.9035357534196422,0.5056689342403629,81
243,19684,19764,pyle,0.1635932579358292,0.14448085497647267,0.6077097505668935,81
243,19684,19764,zhang_invitro,0.44154512825290104,3.686605023889319e-05,0.7792207792207791,81
243,19684,19764,zhang_invivo,0.47162958851764997,8.813971474401366e-06,0.8707482993197279,81
244,19765,19845,incarnato_invitro,0.1914388608164309,0.0868885999186852,0.6054421768707482,81
244,19765,19845,incarnato_invivo,0.1180080333626575,0.29406943489091775,0.5895691609977325,81
244,19765,19845,pyle,0.2782389251220768,0.011899660907221056,0.727891156462585,81
244,19765,19845,zhang_invitro,0.060482080575566026,0.5917031370151008,0.5941043083900227,81
244,19765,19845,zhang_invivo,0.327906747524,0.0028045728016058554,0.79004329004329,81
245,19846,19926,incarnato_invitro,0.0984088832324929,0.3820974819709014,0.6099773242630386,81
245,19846,19926,incarnato_invivo,0.02818749132671485,0.8027466415452424,0.5281385281385281,81
245,19846,19926,pyle,0.2954350961451989,0.007414282184238945,0.6893424036281179,81
245,19846,19926,zhang_invitro,0.062485573132215005,0.5794615985972504,0.5396825396825397,81
245,19846,19926,zhang_invivo,0.22239271447417092,0.0459894480443463,0.6122448979591837,81
246,19927,20007,incarnato_invitro,0.5171974827179028,9.009587108291065e-07,0.8849999999999999,80
246,19927,20007,incarnato_invivo,0.44417588012157666,3.270295913027215e-05,0.8299319727891157,81
246,19927,20007,pyle,0.4445344004041061,3.6123955645648505e-05,0.8124999999999999,80
246,19927,20007,zhang_invitro,0.39709014745695986,0.00024217789180148164,0.800453514739229,81
246,19927,20007,zhang_invivo,0.6385322155725046,1.4250017445560747e-10,0.9544513457556937,81
247,20008,20088,incarnato_invitro,0.05114501379112316,0.6502264332964569,0.546485260770975,81
247,20008,20088,incarnato_invivo,0.14068562698913334,0.21030328907767493,0.6326530612244898,81
247,20008,20088,pyle,0.09455422861523469,0.40110761666514033,0.564625850340136,81
247,20008,20088,zhang_invitro,-0.027216833151810785,0.8094086947362948,0.48299319727891155,81
247,20008,20088,zhang_invivo,0.36192416432210617,0.0009001676326060185,0.7800453514739228,81
248,20089,20169,incarnato_invitro,0.05561249517044105,0.6219313472979398,0.5374149659863946,81
248,20089,20169,incarnato_invivo,-0.024388423098549574,0.8288970581328755,0.5215419501133787,81
248,20089,20169,pyle,-0.1698531463801205,0.12953022784386672,0.4126984126984127,81
248,20089,20169,zhang_invitro,-0.06676636721205291,0.5537038996687736,0.4489795918367347,81
248,20089,20169,zhang_invivo,0.07442621814188247,0.5090346621947551,0.582766439909297,81
249,20170,20250,incarnato_invitro,-0.11850457229065942,0.2920283748258261,0.4331065759637188,81
249,20170,20250,incarnato_invivo,-0.06846845400614184,0.6330762408480736,0.40828402366863903,51
249,20170,20250,pyle,-0.19638644649770765,0.07889034232758622,0.3852813852813853,81
249,20170,20250,zhang_invitro,0.20020388503078923,0.07312984457190609,0.6122448979591837,81
249,20170,20250,zhang_invivo,0.2201320776444271,0.048303305356545236,0.6258503401360545,81
250,20251,20331,incarnato_invitro,0.5360236114991747,2.50866822566857e-07,0.8435374149659863,81
250,20251,20331,incarnato_invivo,0.3054781309061856,0.0076962200530648435,0.6881091617933723,75
250,20251,20331,pyle,0.27106374166477826,0.01437840013559705,0.7012987012987013,81
250,20251,20331,zhang_invitro,0.6105982938355821,1.4259487760235136e-09,0.9437229437229437,81
250,20251,20331,zhang_invivo,0.6785651413857119,3.383111172290905e-12,0.9682539682539683,81
251,20332,20412,incarnato_invitro,0.5648444691152386,3.9546159058408444e-08,0.8874458874458874,81
251,20332,20412,incarnato_invivo,0.5167885112721755,3.3609458142884654e-06,0.8422222222222222,72
251,20332,20412,pyle,0.2210295489893171,0.047373478605492056,0.6598639455782312,81
251,20332,20412,zhang_invitro,0.2054149328935099,0.06581655790182607,0.6623376623376623,81
251,20332,20412,zhang_invivo,0.3773276821343234,0.0005157004757693926,0.7369614512471655,81
252,20413,20493,incarnato_invitro,0.20312315669074574,0.06895652566369354,0.6417233560090704,81
252,20413,20493,incarnato_invivo,,,,0
252,20413,20493,pyle,-0.17908579939326652,0.10966908743935377,0.38548752834467126,81
252,20413,20493,zhang_invitro,0.3342753306115157,0.0022886636046972214,0.7505668934240363,81
252,20413,20493,zhang_invivo,0.21695405386319724,0.05171755777311162,0.6621315192743764,81
253,20494,20574,incarnato_invitro,0.19043345103007242,0.08858985382038159,0.6417233560090703,81
253,20494,20574,incarnato_invivo,0.16994894862272403,0.13177657529426862,0.6025,80
253,20494,20574,pyle,0.10092828869119241,0.36997064010131947,0.564625850340136,81
253,20494,20574,zhang_invitro,0.08260328076185372,0.4634798932565717,0.5941043083900226,81
253,20494,20574,zhang_invivo,0.3825931848153575,0.00042357969597462623,0.6938775510204082,81
254,20575,20655,incarnato_invitro,0.15614092569670057,0.1639283139101103,0.621315192743764,81
254,20575,20655,incarnato_invivo,-0.22715523473214994,0.09535233418029808,0.336734693877551,55
254,20575,20655,pyle,0.03827141160609463,0.7344489707519828,0.5510204081632653,81
254,20575,20655,zhang_invitro,0.1943410805425003,0.08212255343066384,0.6077097505668934,81
254,20575,20655,zhang_invivo,0.43615387576697123,4.698330020194328e-05,0.7913832199546486,81
255,20656,20736,incarnato_invitro,0.5665419489588812,3.527286304183184e-08,0.8843537414965987,81
255,20656,20736,incarnato_invivo,0.22726237360873286,0.04131529257000377,0.6666666666666666,81
255,20656,20736,pyle,0.17154806202388168,0.1256924095264711,0.6258503401360545,81
255,20656,20736,zhang_invitro,0.4490671931714816,2.610267906625347e-05,0.7813852813852814,81
255,20656,20736,zhang_invivo,0.5932762587771443,5.332699392393627e-09,0.9160997732426304,81
256,20737,20817,incarnato_invitro,0.4105131785997682,0.0001409928207235012,0.7142857142857143,81
256,20737,20817,incarnato_invivo,0.21514585929026156,0.0537469674198559,0.6495238095238094,81
256,20737,20817,pyle,0.13038494789569705,0.2459730504294598,0.5850340136054422,81
256,20737,20817,zhang_invitro,0.27570888062345,0.012727591241833449,0.6802721088435374,81
256,20737,20817,zhang_invivo,0.47410456272317203,7.787377460922302e-06,0.8819047619047619,81
257,20818,20898,incarnato_invitro,0.4679059045511214,1.0599947246708829e-05,0.8276643990929705,81
257,20818,20898,incarnato_invivo,0.282964000608466,0.010478192756511283,0.6938775510204082,81
257,20818,20898,pyle,0.30718824798443717,0.005278776111410539,0.764172335600907,81
257,20818,20898,zhang_invitro,0.5081594666515702,1.2800419918200482e-06,0.8658008658008658,81
257,20818,20898,zhang_invivo,0.5187728160277011,6.999116205250842e-07,0.8636363636363635,81
258,20899,20979,incarnato_invitro,0.2930158412075979,0.007938049677677738,0.7551020408163265,81
258,20899,20979,incarnato_invivo,0.2702969541739921,0.014667998765296827,0.6984126984126984,81
258,20899,20979,pyle,0.15690399086178508,0.1618524253407418,0.6031746031746033,81
258,20899,20979,zhang_invitro,0.4552349215560056,1.954701053062638e-05,0.8594104308390023,81
258,20899,20979,zhang_invivo,0.2846236444856577,0.010015331105758578,0.6984126984126984,81
259,20980,21060,incarnato_invitro,0.6605950018948018,1.9450439581606456e-11,0.9569160997732425,81
259,20980,21060,incarnato_invivo,0.5710752793961344,2.5907748385838716e-08,0.9070294784580499,81
259,20980,21060,pyle,0.4968616802902842,2.3810619826337466e-06,0.8616780045351473,81
259,20980,21060,zhang_invitro,0.47595998612932955,7.092488503030224e-06,0.8225108225108224,81
259,20980,21060,zhang_invivo,0.5382551003556734,2.1876309522692914e-07,0.8695652173913043,81
260,21061,21141,incarnato_invitro,0.34861131330440914,0.0015294100066047976,0.7475,80
260,21061,21141,incarnato_invivo,0.3734220447661436,0.000645531430111776,0.7775,80
260,21061,21141,pyle,0.21563594631963667,0.054729529526983046,0.6375,80
260,21061,21141,zhang_invitro,0.5514917885442275,9.51104742663961e-08,0.8526077097505669,81
260,21061,21141,zhang_invivo,0.6009436455947068,3.0032887816374605e-09,0.8956916099773242,81
261,21142,21222,incarnato_invitro,0.74968878259681,8.122893964366126e-16,0.9855371900826446,81
261,21142,21222,incarnato_invivo,0.6229604253593723,5.292391755263862e-10,0.9569160997732425,81
261,21142,21222,pyle,0.36333033391501446,0.0008565043400410365,0.746031746031746,81
261,21142,21222,zhang_invitro,0.7622824802531702,1.3811829964016847e-16,0.9795918367346939,81
261,21142,21222,zhang_invivo,0.6835063436287677,2.0464064340176927e-12,0.9668737060041407,81
262,21223,21303,incarnato_invitro,0.13703757738092,0.2224900798158938,0.562358276643991,81
262,21223,21303,incarnato_invivo,-0.02565842855880802,0.8201329110906745,0.47392290249433106,81
262,21223,21303,pyle,0.11525491537707859,0.30555621378361275,0.6167800453514739,81
262,21223,21303,zhang_invitro,0.15959119741699587,0.1546968893604019,0.6147186147186147,81
262,21223,21303,zhang_invivo,0.22539975369509296,0.04305425541934581,0.663003663003663,81
263,21304,21384,incarnato_invitro,-0.08481927693222502,0.4515300139387091,0.4467120181405896,81
263,21304,21384,incarnato_invivo,-0.047153419585494946,0.6759344275572567,0.4535147392290249,81
263,21304,21384,pyle,0.15380794495251465,0.1703970951714582,0.6349206349206349,81
263,21304,21384,zhang_invitro,0.11729854260859064,0.29700209265620975,0.5346320346320347,81
263,21304,21384,zhang_invivo,0.4249394991741923,7.680745817852038e-05,0.802721088435374,81
264,21385,21465,incarnato_invitro,0.4457354884156757,3.421034944544738e-05,0.8075,80
264,21385,21465,incarnato_invivo,0.26403679010842696,0.018708189144346767,0.7475,79
264,21385,21465,pyle,0.15411390106156617,0.16953822552993023,0.6802721088435375,81
264,21385,21465,zhang_invitro,0.4752954819490368,7.334385113082411e-06,0.9047619047619048,81
264,21385,21465,zhang_invivo,0.3366048222498562,0.0021223923323053714,0.7210884353741497,81
265,21466,21546,incarnato_invitro,0.25259048475315055,0.022905566075081873,0.7505668934240363,81
265,21466,21546,incarnato_invivo,0.4243114157395344,8.764881513829711e-05,0.825,80
265,21466,21546,pyle,0.3345085514527067,0.002271505327493817,0.7777777777777778,81
265,21466,21546,zhang_invitro,0.11685732803747986,0.29883547962702517,0.5941043083900226,81
265,21466,21546,zhang_invivo,0.43982913362032594,3.984199578234699e-05,0.8049886621315193,81
266,21547,21627,incarnato_invitro,0.037819411962421064,0.7423544971201308,0.45499999999999996,78
266,21547,21627,incarnato_invivo,0.029932717951519118,0.7908039826623692,0.562358276643991,81
266,21547,21627,pyle,0.27093791537403733,0.01442557995119268,0.6780045351473922,81
266,21547,21627,zhang_invitro,0.04249356894173312,0.7064202676209078,0.5079365079365079,81
266,21547,21627,zhang_invivo,0.4839655035263851,4.708879602776611e-06,0.8752834467120182,81
267,21628,21708,incarnato_invitro,-0.0832841263275731,0.4655639811489748,0.385,79
267,21628,21708,incarnato_invivo,0.10744968497978942,0.33968673235917396,0.6258503401360545,81
267,21628,21708,pyle,0.11177466891275113,0.3204888699852395,0.600907029478458,81
267,21628,21708,zhang_invitro,0.22095801441405144,0.0474470465827605,0.6054421768707483,81
267,21628,21708,zhang_invivo,0.11384598289925539,0.3115460681717265,0.5941043083900226,81
268,21709,21789,incarnato_invitro,0.4298963108387745,0.00025349904115609385,0.8304498269896193,68
268,21709,21789,incarnato_invivo,0.19414608226073027,0.08243612215085261,0.6825396825396826,81
268,21709,21789,pyle,0.4712001321965284,1.0269078558822904e-05,0.8125,80
268,21709,21789,zhang_invitro,0.5916259117913947,6.022384401829848e-09,0.8888888888888888,81
268,21709,21789,zhang_invivo,0.6980425560380377,4.397659375323571e-13,0.9433106575963719,81
269,21790,21870,incarnato_invitro,,,,0
269,21790,21870,incarnato_invivo,0.2934280553531516,0.007846572149589724,0.6893424036281178,81
269,21790,21870,pyle,0.20004524371431967,0.07336231624455156,0.691609977324263,81
269,21790,21870,zhang_invitro,0.32593443936450456,0.002984246746323059,0.709750566893424,81
269,21790,21870,zhang_invivo,0.5222709407784651,5.710393880597362e-07,0.8344671201814059,81
270,21871,21951,incarnato_invitro,,,,0
270,21871,21951,incarnato_invivo,0.22001870965446832,0.048421822858689866,0.6712018140589568,81
270,21871,21951,pyle,0.22748027826800066,0.041115721481577806,0.7210884353741496,81
270,21871,21951,zhang_invitro,0.13588678915750882,0.22643533388685014,0.6167800453514739,81
270,21871,21951,zhang_invivo,0.39479503927691834,0.00026504479496243223,0.7392290249433107,81
271,21952,22032,incarnato_invitro,,,,0
271,21952,22032,incarnato_invivo,0.08809770580940517,0.43416867125720354,0.5442176870748299,81
271,21952,22032,pyle,0.054972385627810566,0.6259532960835569,0.4875283446712019,81
271,21952,22032,zhang_invitro,0.31592178554218114,0.004064977597491559,0.7437641723356009,81
271,21952,22032,zhang_invivo,0.4556971913949974,1.9123540360310262e-05,0.8208616780045351,81
272,22033,22113,incarnato_invitro,,,,0
272,22033,22113,incarnato_invivo,0.5594998426193392,5.6450381032885146e-08,0.9047619047619047,81
272,22033,22113,pyle,0.36065748911819556,0.0009412213698895918,0.7369614512471655,81
272,22033,22113,zhang_invitro,0.5809083880981795,1.3052550902143177e-08,0.870748299319728,81
272,22033,22113,zhang_invivo,0.6151361815496972,9.960047391254808e-10,0.8928571428571429,81
273,22114,22194,incarnato_invitro,0.546046627007967,1.6171257290161407e-05,0.9132653061224489,55
273,22114,22194,incarnato_invivo,0.38534184180125713,0.00038172600173813734,0.7777777777777779,81
273,22114,22194,pyle,0.26731532977693007,0.01584253774034884,0.7913832199546484,81
273,22114,22194,zhang_invitro,0.4713906639138641,8.919516893163909e-06,0.8095238095238096,81
273,22114,22194,zhang_invivo,0.3486487041927785,0.001423774989701592,0.6428571428571428,81
274,22195,22275,incarnato_invitro,0.2171957924006623,0.05295917851150912,0.7075,80
274,22195,22275,incarnato_invivo,0.1241319039021972,0.26954992450827553,0.5532879818594104,81
274,22195,22275,pyle,0.26944819046890045,0.015650239965320546,0.7250000000000001,80
274,22195,22275,zhang_invitro,0.1798975591627077,0.10804257917511044,0.6281179138321995,81
274,22195,22275,zhang_invivo,0.39641486732532827,0.0002487099493802009,0.7689594356261023,81
275,22276,22356,incarnato_invitro,0.44030135535452414,3.900149872129599e-05,0.7709750566893423,81
275,22276,22356,incarnato_invivo,0.44190524135581516,3.6268399925125194e-05,0.854875283446712,81
275,22276,22356,pyle,0.4616185350882149,1.440458485818295e-05,0.803030303030303,81
275,22276,22356,zhang_invitro,0.4972922930025262,2.3263375188930857e-06,0.8219461697722567,81
275,22276,22356,zhang_invivo,0.5521837889388421,9.096708110256531e-08,0.8809523809523809,81
276,22357,22437,incarnato_invitro,0.2022204521367503,0.07022599212990888,0.6258503401360545,81
276,22357,22437,incarnato_invivo,0.1487307659257413,0.185119625151793,0.6303854875283447,81
276,22357,22437,pyle,0.020271305704556764,0.857447351658969,0.5192743764172336,81
276,22357,22437,zhang_invitro,0.14589801216751222,0.1937244815761159,0.6258503401360545,81
276,22357,22437,zhang_invivo,0.2885827211563146,0.008982624465342278,0.6984126984126984,81
277,22438,22518,incarnato_invitro,0.0005423914049386038,0.9961656614725675,0.5238095238095237,81
277,22438,22518,incarnato_invivo,-0.0382038305873849,0.7349005552919177,0.5351473922902494,81
277,22438,22518,pyle,0.001242952193023466,0.9912133139628864,0.46258503401360546,81
277,22438,22518,zhang_invitro,-0.1290531126207027,0.25087177346089007,0.47412008281573503,81
277,22438,22518,zhang_invivo,-0.039970825573351756,0.7231232599309236,0.44217687074829937,81
278,22519,22599,incarnato_invitro,0.225172169086664,0.04327083096979801,0.6326530612244898,81
278,22519,22599,incarnato_invivo,0.2019329630850684,0.07063421175078535,0.6598639455782314,81
278,22519,22599,pyle,0.15075709679374452,0.17913685632137322,0.5419501133786848,81
278,22519,22599,zhang_invitro,0.33884412222785304,0.001972883469154713,0.764172335600907,81
278,22519,22599,zhang_invivo,0.37104599255138465,0.000649377110799567,0.7857142857142857,81
279,22600,22680,incarnato_invitro,0.614650345803644,1.0352965884429053e-09,0.9024943310657596,81
279,22600,22680,incarnato_invivo,0.35065869179184617,0.001329961848064113,0.7337662337662337,81
279,22600,22680,pyle,0.40767701974630577,0.0001583679596834957,0.7640692640692641,81
279,22600,22680,zhang_invitro,0.49258942932768146,2.993749412669966e-06,0.7959183673469388,81
279,22600,22680,zhang_invivo,0.4848205075068522,4.50457265879498e-06,0.834467120181406,81
280,22681,22761,incarnato_invitro,0.4502733463312525,2.4678129714891514e-05,0.7959183673469388,81
280,22681,22761,incarnato_invivo,0.13696381417308492,0.22274150534321144,0.5827664399092971,81
280,22681,22761,pyle,0.4940594039164103,2.7678991454625613e-06,0.8752834467120182,81
280,22681,22761,zhang_invitro,0.5845042909538956,1.0100436728136915e-08,0.8979591836734693,81
280,22681,22761,zhang_invivo,0.6442153825948362,8.664060540531898e-11,0.9307359307359309,81
281,22762,22842,incarnato_invitro,0.4580497942892591,1.7098002618447242e-05,0.873015873015873,81
281,22762,22842,incarnato_invivo,0.4214377464493596,8.923517225316225e-05,0.7959183673469388,81
281,22762,22842,pyle,0.42621719686503967,7.268749291975856e-05,0.7959183673469388,81
281,22762,22842,zhang_invitro,0.3958276188728605,0.0002545218039116209,0.8051948051948052,81
281,22762,22842,zhang_invivo,0.6559579816041298,2.996683230883029e-11,0.9648033126293996,81
282,22843,22923,incarnato_invitro,0.5793802024539708,1.454161755121662e-08,0.8503401360544217,81
282,22843,22923,incarnato_invivo,0.4844032884951617,4.603205690780791e-06,0.8321995464852607,81
282,22843,22923,pyle,0.3452430171965275,0.001596469393051564,0.782312925170068,81
282,22843,22923,zhang_invitro,0.49685275431401504,2.3822090594789084e-06,0.8594104308390023,81
282,22843,22923,zhang_invivo,0.6111109800832466,1.3696845172043054e-09,0.9329004329004329,81
283,22924,23004,incarnato_invitro,0.2647326293101659,0.016924636451053476,0.673469387755102,81
283,22924,23004,incarnato_invivo,0.2167654444920071,0.05192625922219291,0.6258503401360545,81
283,22924,23004,pyle,0.2022294651484853,0.07021322488018625,0.6394557823129252,81
283,22924,23004,zhang_invitro,0.297503571654845,0.006990820905592433,0.6969696969696969,81
283,22924,23004,zhang_invivo,0.5026971485364273,1.7328096860922217e-06,0.8549783549783551,81
284,23005,23085,incarnato_invitro,0.4910547152216968,3.247975347259997e-06,0.7868480725623583,81
284,23005,23085,incarnato_invivo,0.3326702099496223,0.0024099465387881535,0.6938775510204082,81
284,23005,23085,pyle,0.38747120619562764,0.00035194661909435077,0.7777777777777778,81
284,23005,23085,zhang_invitro,0.6156467219942828,9.562527346441148e-10,0.9433106575963718,81
284,23005,23085,zhang_invivo,0.578593648913476,1.5369767205807972e-08,0.9254658385093167,81
285,23086,23166,incarnato_invitro,0.24601396545228357,0.026838685646413583,0.6575963718820861,81
285,23086,23166,incarnato_invivo,0.25356431229123,0.022367139049852904,0.7165532879818594,81
285,23086,23166,pyle,0.0799444251421911,0.478043117004254,0.5260770975056689,81
285,23086,23166,zhang_invitro,0.1179682092631725,0.29423354024687676,0.5941043083900226,81
285,23086,23166,zhang_invivo,0.2503308529826478,0.024197598069714287,0.6825396825396824,81
286,23167,23247,incarnato_invitro,0.351425224390607,0.001295684369947488,0.746031746031746,81
286,23167,23247,incarnato_invivo,0.4225492419980042,8.510196769324294e-05,0.7573696145124716,81
286,23167,23247,pyle,0.33597937782569165,0.002165932612208838,0.7165532879818595,81
286,23167,23247,zhang_invitro,0.4557158217206533,1.910665470423997e-05,0.7755102040816326,81
286,23167,23247,zhang_invivo,0.537187714014476,2.336003099375658e-07,0.9025974025974026,81
287,23248,23328,incarnato_invitro,0.239716199052909,0.031126912315253115,0.6757369614512472,81
287,23248,23328,incarnato_invivo,0.32545744260503473,0.00302921810348553,0.7392290249433107,81
287,23248,23328,pyle,0.19749268734907643,0.07718496693412079,0.7324263038548753,81
287,23248,23328,zhang_invitro,0.17208707719337657,0.12449030421686708,0.6082251082251082,81
287,23248,23328,zhang_invivo,0.31492087771431976,0.004190171165270488,0.7233560090702948,81
288,23329,23409,incarnato_invitro,0.27821929903153897,0.011905898594862564,0.7505668934240364,81
288,23329,23409,incarnato_invivo,0.27647271884651703,0.012472518714511587,0.7437641723356009,81
288,23329,23409,pyle,0.2281030369330476,0.04054977054350614,0.6689342403628118,81
288,23329,23409,zhang_invitro,0.30744943590049617,0.005238266642937258,0.6825396825396826,81
288,23329,23409,zhang_invivo,0.2376666648135235,0.03264125671577577,0.6666666666666666,81
289,23410,23490,incarnato_invitro,-0.036480566241037744,0.7464456024788952,0.43764172335600904,81
289,23410,23490,incarnato_invivo,-0.07481653742767976,0.5068091278398221,0.512987012987013,81
289,23410,23490,pyle,-0.15346982947563542,0.171349956298366,0.3832199546485261,81
289,23410,23490,zhang_invitro,0.2918553268744712,0.00820063801086558,0.7188208616780045,81
289,23410,23490,zhang_invivo,0.19320649070096982,0.08396040936035201,0.6099773242630385,81
290,23491,23571,incarnato_invitro,0.46983585762367475,9.635821433232984e-06,0.8594104308390023,81
290,23491,23571,incarnato_invivo,0.5525713467566684,8.872201229300743e-08,0.836734693877551,81
290,23491,23571,pyle,0.23601535668304258,0.033905946535137614,0.6190476190476191,81
290,23491,23571,zhang_invitro,0.5955773398486071,4.495729357311819e-09,0.8843537414965987,81
290,23491,23571,zhang_invivo,0.5089707457510118,1.2231910641784364e-06,0.8441558441558441,81
291,23572,23652,incarnato_invitro,0.4318409924803243,6.342420472542122e-05,0.875,80
291,23572,23652,incarnato_invivo,0.45951434714706485,1.805260048309848e-05,0.86,80
291,23572,23652,pyle,0.16438541812519747,0.14770952351151698,0.625,79
291,23572,23652,zhang_invitro,0.5238734965221257,5.198132406906977e-07,0.891156462585034,81
291,23572,23652,zhang_invivo,0.5360174753501032,2.509609600488516e-07,0.8722943722943722,81
292,23653,23733,incarnato_invitro,0.04020453557792566,0.7215702831407295,0.5056689342403629,81
292,23653,23733,incarnato_invivo,-0.04874604950359972,0.6656304724902454,0.4399092970521542,81
292,23653,23733,pyle,-0.15379838453856723,0.17042398426803584,0.3990929705215419,81
292,23653,23733,zhang_invitro,-0.017915180142686365,0.8738711519883092,0.5102040816326531,81
292,23653,23733,zhang_invivo,0.1661835327085107,0.13814440651862556,0.6233766233766234,81
293,23734,23814,incarnato_invitro,0.521808450083877,5.866881151365231e-07,0.8548752834467119,81
293,23734,23814,incarnato_invivo,0.43035840039797196,6.070058476681146e-05,0.8027210884353742,81
293,23734,23814,pyle,0.40766111063743926,0.00015847076768810652,0.7414965986394557,81
293,23734,23814,zhang_invitro,0.4223682827568735,8.576256111799565e-05,0.7369614512471656,81
293,23734,23814,zhang_invivo,0.44924057517217564,2.589328762918084e-05,0.7981859410430838,81
294,23815,23895,incarnato_invitro,0.11015269898931399,0.3307056299533026,0.6238095238095239,80
294,23815,23895,incarnato_invivo,0.134062201191482,0.23578917584732842,0.645,80
294,23815,23895,pyle,-0.0023728953165869124,0.9832263918888995,0.5260770975056689,81
294,23815,23895,zhang_invitro,0.2207383250181242,0.04767356996018963,0.650103519668737,81
294,23815,23895,zhang_invivo,0.39422427346540884,0.0002710316798956857,0.7987012987012987,81
295,23896,23976,incarnato_invitro,0.31332995076685083,0.004396232480260468,0.6643990929705216,81
295,23896,23976,incarnato_invivo,0.3166972005211411,0.010161599725878873,0.7301038062283738,65
295,23896,23976,pyle,0.2938983726281888,0.007743332898063877,0.7188208616780045,81
295,23896,23976,zhang_invitro,0.4237940212164644,8.0684109731265e-05,0.7777777777777777,81
295,23896,23976,zhang_invivo,0.576095148795775,1.8308710878776154e-08,0.8843537414965986,81
296,23977,24057,incarnato_invitro,0.5611708723403633,5.053989954059643e-08,0.8979591836734694,81
296,23977,24057,incarnato_invivo,0.5862723692807074,8.893860919601948e-09,0.9274376417233561,81
296,23977,24057,pyle,0.23455637838891916,0.03505728355306026,0.6485260770975056,81
296,23977,24057,zhang_invitro,0.6286314358411129,3.309793592654247e-10,0.9229024943310657,81
296,23977,24057,zhang_invivo,0.5273377478890093,4.235353379920578e-07,0.9004329004329004,81
297,24058,24138,incarnato_invitro,0.41019029157196646,0.0001428780759796101,0.7709750566893424,81
297,24058,24138,incarnato_invivo,0.36967155183581724,0.000682547083852129,0.7664399092970522,81
297,24058,24138,pyle,0.1802034312446888,0.1074345901164867,0.6643990929705216,81
297,24058,24138,zhang_invitro,0.2421681741188127,0.029393331426354002,0.6303854875283448,81
297,24058,24138,zhang_invivo,0.3337572450412569,0.002327196959880649,0.7246376811594202,81
298,24139,24219,incarnato_invitro,0.2653332636438545,0.016667463244942976,0.6709956709956709,81
298,24139,24219,incarnato_invivo,0.3460140765411757,0.0015557938928099937,0.7256235827664399,81
298,24139,24219,pyle,0.27419215341005876,0.013247529975537863,0.6394557823129251,81
298,24139,24219,zhang_invitro,0.23650916681803574,0.03352351583383056,0.7006802721088435,81
298,24139,24219,zhang_invivo,0.33939610191097824,0.0019375182618194932,0.7165532879818595,81
299,24220,24300,incarnato_invitro,0.21878538159930305,0.05120362191522742,0.66,80
299,24220,24300,incarnato_invivo,0.38774119375373517,0.0003800346137005689,0.7775000000000001,80
299,24220,24300,pyle,0.04029379457101581,0.7209774637022125,0.5873015873015872,81
299,24220,24300,zhang_invitro,0.5468536023842614,1.2786793172065955e-07,0.8985507246376812,81
299,24220,24300,zhang_invivo,0.3383246935527926,0.0020066927749660107,0.7649769585253456,81
300,24301,24381,incarnato_invitro,0.45940084434121214,1.602728637983197e-05,0.81859410430839,81
300,24301,24381,incarnato_invivo,0.35798888878794666,0.0011128406632888973,0.75,80
300,24301,24381,pyle,0.2718286405805372,0.014721358675909683,0.69,80
300,24301,24381,zhang_invitro,0.37856004072590554,0.0004926331471343864,0.7913832199546486,81
300,24301,24381,zhang_invivo,0.708096366152143,1.4377304144675892e-13,0.9523809523809523,81
301,24382,24462,incarnato_invitro,0.3428096714774292,0.00185303514752475,0.7047619047619048,80
301,24382,24462,incarnato_invivo,0.3182848122031461,0.0040115861575996704,0.745,80
301,24382,24462,pyle,0.10224918914188082,0.3637074755958573,0.6235827664399093,81
301,24382,24462,zhang_invitro,0.3125543321148278,0.00449992127031215,0.6870748299319728,81
301,24382,24462,zhang_invivo,0.5220423148764922,5.787251417439698e-07,0.8888888888888888,81
302,24463,24543,incarnato_invitro,0.2715228438738638,0.014207385464570847,0.7006802721088435,81
302,24463,24543,incarnato_invivo,0.4238031719954896,8.06524346348296e-05,0.854875283446712,81
302,24463,24543,pyle,0.050915265938585884,0.6516954708197634,0.5056689342403627,81
302,24463,24543,zhang_invitro,0.18358081381242222,0.1008966765344257,0.6712018140589568,81
302,24463,24543,zhang_invivo,0.44467359329852085,3.1966375706522424e-05,0.8268398268398268,81
303,24544,24624,incarnato_invitro,0.43494180434094654,4.958810087831559e-05,0.800453514739229,81
303,24544,24624,incarnato_invivo,0.4428972976230084,3.4668296353964996e-05,0.8458049886621315,81
303,24544,24624,pyle,0.00021469052864357777,0.9984822790720228,0.546485260770975,81
303,24544,24624,zhang_invitro,0.47221265301057425,8.561293854796871e-06,0.8049886621315192,81
303,24544,24624,zhang_invivo,0.5885315816090259,7.551109120598161e-09,0.8662131519274375,81
304,24625,24705,incarnato_invitro,0.045808693713313295,0.6846811986621645,0.5759637188208616,81
304,24625,24705,incarnato_invivo,0.10631893490323319,0.34482277676761375,0.5600907029478458,81
304,24625,24705,pyle,0.21945010016476132,0.049019879608419206,0.6780045351473922,81
304,24625,24705,zhang_invitro,0.2714913347517994,0.014219066035206621,0.7709750566893424,81
304,24625,24705,zhang_invivo,0.5140337180558943,9.18773963920136e-07,0.8722943722943722,81
305,24706,24786,incarnato_invitro,0.11715862073266757,0.29758271200589986,0.5804988662131518,81
305,24706,24786,incarnato_invivo,0.23772105342601335,0.032600285440049385,0.6802721088435375,81
305,24706,24786,pyle,0.24186582976925167,0.02960258907835094,0.7278911564625851,81
305,24706,24786,zhang_invitro,0.3840456037481633,0.00040096720684861507,0.7732426303854875,81
305,24706,24786,zhang_invivo,0.3662094656547464,0.0007730564678215315,0.7301587301587302,81
306,24787,24867,incarnato_invitro,0.42220143924643333,8.63758318798744e-05,0.7845804988662131,81
306,24787,24867,incarnato_invivo,0.5394369517696553,2.0337776531032588e-07,0.8798185941043084,81
306,24787,24867,pyle,0.31529950749007996,0.004142414359531253,0.7346938775510203,81
306,24787,24867,zhang_invitro,0.2982665524702643,0.006840087423420906,0.8027210884353742,81
306,24787,24867,zhang_invivo,0.6205771247981552,6.428416933125737e-10,0.979591836734694,81
307,24868,24948,incarnato_invitro,0.10655790981218125,0.343733286427001,0.5147392290249433,81
307,24868,24948,incarnato_invivo,0.22249254759476111,0.045889413561755354,0.655328798185941,81
307,24868,24948,pyle,0.06279132987749272,0.5776036970241553,0.564625850340136,81
307,24868,24948,zhang_invitro,0.24621104160529197,0.026713004634865898,0.7120181405895691,81
307,24868,24948,zhang_invivo,0.3330362998622622,0.0023817879048222686,0.7324263038548753,81
308,24949,25029,incarnato_invitro,0.06498795550456905,0.5643376824588024,0.5918367346938775,81
308,24949,25029,incarnato_invivo,-0.09714159269098731,0.38828675318823547,0.3900226757369615,81
308,24949,25029,pyle,-0.13821628386420942,0.21849941475325305,0.38548752834467115,81
308,24949,25029,zhang_invitro,0.0904253765373285,0.42207542471050447,0.5850340136054422,81
308,24949,25029,zhang_invivo,0.22591547518633195,0.042566805060267915,0.6598639455782312,81
309,25030,25110,incarnato_invitro,0.3704626601084321,0.0006632710755198305,0.7664399092970522,81
309,25030,25110,incarnato_invivo,0.37465643538079285,0.0005691270581840289,0.7936507936507937,81
309,25030,25110,pyle,0.24531079084036828,0.027291208742465368,0.6643990929705215,81
309,25030,25110,zhang_invitro,0.47868579569168035,6.1763714028715944e-06,0.7900432900432901,81
309,25030,25110,zhang_invivo,0.546321608468963,1.322453497937791e-07,0.8594104308390023,81
310,25111,25191,incarnato_invitro,0.5027134032345665,1.7312621768975289e-06,0.9002267573696145,81
310,25111,25191,incarnato_invivo,0.3305782706598242,0.002576662335992365,0.7369614512471655,81
310,25111,25191,pyle,0.17809144326060153,0.11168725512464575,0.6893424036281179,81
310,25111,25191,zhang_invitro,0.495563215225191,2.553506583030837e-06,0.8484848484848485,81
310,25111,25191,zhang_invivo,0.6243783444986442,4.710515834835993e-10,0.8843537414965986,81
311,25192,25272,incarnato_invitro,0.5210012794307902,6.149747913717182e-07,0.8616780045351474,81
311,25192,25272,incarnato_invivo,0.33934428231185854,0.0019408138806712486,0.7392290249433107,81
311,25192,25272,pyle,0.17096049126737778,0.12701288687996326,0.5759637188208617,81
311,25192,25272,zhang_invitro,0.5585750403239803,5.99979316845121e-08,0.9138321995464853,81
311,25192,25272,zhang_invivo,0.6056873677022159,2.0893121661936433e-09,0.8798185941043084,81
312,25273,25353,incarnato_invitro,0.3125343450167715,0.004502621732281875,0.7142857142857143,81
312,25273,25353,incarnato_invivo,0.2604966916057812,0.018837201640996733,0.655328798185941,81
312,25273,25353,pyle,0.23796884713703814,0.032414167280130815,0.63718820861678,81
312,25273,25353,zhang_invitro,0.18103463571491765,0.10579580773710644,0.5963718820861678,81
312,25273,25353,zhang_invivo,0.3508278587178135,0.0013223273216136418,0.7414965986394558,81
313,25354,25434,incarnato_invitro,0.5441331304243616,1.517933183758872e-07,0.8344671201814059,81
313,25354,25434,incarnato_invivo,0.5562092205133596,7.006239546478687e-08,0.8979591836734694,81
313,25354,25434,pyle,0.20849722305787544,0.06177684390154761,0.7029478458049887,81
313,25354,25434,zhang_invitro,0.3100905737234044,0.004843852924938388,0.7770562770562771,81
313,25354,25434,zhang_invivo,0.43015730312354716,6.123743745111197e-05,0.7868480725623582,81
314,25435,25515,incarnato_invitro,0.3988698239136273,0.00022571156872368126,0.7845804988662132,81
314,25435,25515,incarnato_invivo,0.37900574161709744,0.00048452560255935297,0.7959183673469388,81
314,25435,25515,pyle,0.09923166122340463,0.3781111114012551,0.564625850340136,81
314,25435,25515,zhang_invitro,0.48315907174560546,4.909528401169055e-06,0.8157349896480331,81
314,25435,25515,zhang_invivo,0.386334499123756,0.00036756745115444785,0.764172335600907,81
315,25516,25596,incarnato_invitro,0.04081015970458718,0.7227736587890218,0.5380952380952382,78
315,25516,25596,incarnato_invivo,0.0036950623378419092,0.9738828988022357,0.48299319727891155,81
315,25516,25596,pyle,0.19715370230384974,0.07770438419707126,0.6507936507936507,81
315,25516,25596,zhang_invitro,0.21008249868284323,0.059778914264501534,0.6213151927437642,81
315,25516,25596,zhang_invivo,0.17394050222937638,0.12042386629358433,0.6493506493506493,81
316,25597,25677,incarnato_invitro,,,,0
316,25597,25677,incarnato_invivo,0.10806782144621291,0.3368995086736732,0.5918367346938775,81
316,25597,25677,pyle,0.23578669795818621,0.034084266402506676,0.7414965986394558,81
316,25597,25677,zhang_invitro,0.3794388325455457,0.0004767645314302468,0.7687074829931972,81
316,25597,25677,zhang_invivo,0.33214123852923133,0.002451161535306844,0.6938775510204082,81
317,25678,25758,incarnato_invitro,,,,0
317,25678,25758,incarnato_invivo,0.4567135803790329,1.8222408491708913e-05,0.8321995464852607,81
317,25678,25758,pyle,0.315675958331787,0.004095413193570875,0.6643990929705216,81
317,25678,25758,zhang_invitro,0.3279433601369367,0.002801331093123793,0.7835497835497834,81
317,25678,25758,zhang_invivo,0.39652058792271233,0.0002476767167828659,0.8073593073593073,81
318,25759,25839,incarnato_invitro,0.06372592087119879,0.7521679095524496,0.5510204081632653,27
318,25759,25839,incarnato_invivo,0.010914204984497553,0.9229614900182492,0.4935064935064935,81
318,25759,25839,pyle,0.09972883647890789,0.37571451617524304,0.5192743764172336,81
318,25759,25839,zhang_invitro,0.14498314595577177,0.19656409103596187,0.5419501133786848,81
318,25759,25839,zhang_invivo,0.24237199078941346,0.02925297187310978,0.7256235827664399,81
319,25840,25920,incarnato_invitro,0.5610743353794524,5.0864696711387246e-08,0.9070294784580499,81
319,25840,25920,incarnato_invivo,0.5386207945075299,2.1388844843508332e-07,0.8798185941043083,81
319,25840,25920,pyle,0.21637537767460321,0.05236007151778097,0.6757369614512472,81
319,25840,25920,zhang_invitro,0.6056623536678626,2.093346556547259e-09,0.9319727891156463,81
319,25840,25920,zhang_invivo,0.7044215113149424,2.175209101773237e-13,0.9478458049886621,81
320,25921,26001,incarnato_invitro,0.4515130201628777,2.3289814499594083e-05,0.8342857142857143,81
320,25921,26001,incarnato_invivo,0.376745060484892,0.0005269461155654668,0.7959183673469388,81
320,25921,26001,pyle,0.14836161601722872,0.18622497612259395,0.6054421768707483,81
320,25921,26001,zhang_invitro,0.44473063797424434,3.188294784295144e-05,0.8253968253968254,81
320,25921,26001,zhang_invivo,0.5022682320735845,1.7741183123997858e-06,0.8662131519274376,81
321,26002,26082,incarnato_invitro,0.4849469692958207,4.475070680036605e-06,0.8594104308390023,81
321,26002,26082,incarnato_invivo,0.30428178360384417,0.005748641821555315,0.7278911564625851,81
321,26002,26082,pyle,0.06128988223009239,0.5867533764611294,0.564935064935065,81
321,26002,26082,zhang_invitro,0.3101729991608347,0.00483197983690796,0.751552795031056,81
321,26002,26082,zhang_invivo,0.3342128023621144,0.002293283617322738,0.7424242424242424,81
322,26083,26163,incarnato_invitro,0.501447236269438,1.8557887495263419e-06,0.7959183673469388,81
322,26083,26163,incarnato_invivo,0.460967450939499,1.4864304479131575e-05,0.834467120181406,81
322,26083,26163,pyle,0.2115706700918957,0.057951510651449455,0.6462585034013606,81
322,26083,26163,zhang_invitro,0.4478204554594723,2.7655502479503043e-05,0.8276643990929706,81
322,26083,26163,zhang_invivo,0.48912101493769355,3.5972381451811395e-06,0.8819875776397516,81
323,26164,26244,incarnato_invitro,0.34782699852638593,0.0014638199749632671,0.8458049886621315,81
323,26164,26244,incarnato_invivo,0.24299286605075213,0.02882888374650817,0.6825396825396826,81
323,26164,26244,pyle,-0.08304003657903439,0.46111108036780596,0.47619047619047616,81
323,26164,26244,zhang_invitro,0.23790282532288495,0.03246366888062428,0.6326530612244897,81
323,26164,26244,zhang_invivo,0.21608990662396577,0.052679437781070516,0.6870748299319728,81
324,26245,26325,incarnato_invitro,0.3615423832085079,0.0009123666520555169,0.7392290249433107,81
324,26245,26325,incarnato_invivo,0.49809614200606733,2.2273345170849566e-06,0.8253968253968254,81
324,26245,26325,pyle,0.1179661288057782,0.29424211495698227,0.6213151927437641,81
324,26245,26325,zhang_invitro,0.327393513534495,0.002850369929950125,0.7324263038548753,81
324,26245,26325,zhang_invivo,0.45358342445074495,2.1132494608382212e-05,0.8049886621315193,81
325,26326,26406,incarnato_invitro,0.4084018052209736,0.00015374900392551557,0.782312925170068,81
325,26326,26406,incarnato_invivo,0.29695929420388556,0.007100128279669106,0.7006802721088434,81
325,26326,26406,pyle,0.2661469538210057,0.0163244385200001,0.7777777777777778,81
325,26326,26406,zhang_invitro,0.40203742054311126,0.00019892887196587466,0.8095238095238095,81
325,26326,26406,zhang_invivo,0.4137272752913557,0.00012343970233473058,0.8038095238095238,81
326,26407,26487,incarnato_invitro,0.34440176022171115,0.0016419411118424175,0.7097505668934241,81
326,26407,26487,incarnato_invivo,0.2570460743221837,0.020529461343734092,0.7369614512471655,81
326,26407,26487,pyle,0.44167241788891365,3.665375809030075e-05,0.8276643990929705,81
326,26407,26487,zhang_invitro,0.39241207642622056,0.00029087380292228896,0.8163265306122449,81
326,26407,26487,zhang_invivo,0.4125390017184794,0.00012967924401299864,0.7732426303854876,81
327,26488,26568,incarnato_invitro,0.33228689386023674,0.0026008740376208257,0.6666666666666666,80
327,26488,26568,incarnato_invivo,0.19736767609098915,0.07737619423277797,0.6145124716553287,81
327,26488,26568,pyle,0.359054989868306,0.0009955944215046554,0.8163265306122449,81
327,26488,26568,zhang_invitro,0.4404282967744331,3.8778389635056675e-05,0.8163265306122449,81
327,26488,26568,zhang_invivo,0.4637568765581189,1.2986566633168728e-05,0.8852813852813852,81
328,26569,26649,incarnato_invitro,0.5345099422287707,2.75130806285259e-07,0.9047619047619047,81
328,26569,26649,incarnato_invivo,0.37676604228172433,0.0005265372699888318,0.8027210884353742,81
328,26569,26649,pyle,0.34223736678825767,0.0017643516589154942,0.7596371882086168,81
328,26569,26649,zhang_invitro,0.5167792741623466,7.851782677271435e-07,0.8730158730158731,81
328,26569,26649,zhang_invivo,0.6214065871396074,6.008871693230923e-10,0.8866213151927438,81
329,26650,26730,incarnato_invitro,0.294810410470264,0.007939258384788782,0.71,80
329,26650,26730,incarnato_invivo,0.21745589521464412,0.052668589955838375,0.63,80
329,26650,26730,pyle,0.23495063162296373,0.03591829330947506,0.7,80
329,26650,26730,zhang_invitro,0.3719550700412731,0.0006282529548947511,0.751082251082251,81
329,26650,26730,zhang_invivo,0.4122245264554028,0.00013137862902259646,0.7868480725623583,81
330,26731,26811,incarnato_invitro,0.34272871707485403,0.0017358624137819541,0.7467532467532468,81
330,26731,26811,incarnato_invivo,0.34543789805144587,0.0015860992279106575,0.7210884353741497,81
330,26731,26811,pyle,-0.019028252960625526,0.8661051917284424,0.5056689342403629,81
330,26731,26811,zhang_invitro,0.35528997567712045,0.0011347361677301365,0.8503401360544217,81
330,26731,26811,zhang_invivo,0.43494826816244325,4.9573860611234994e-05,0.8299319727891157,81
331,26812,26892,incarnato_invitro,0.24075815718987323,0.030379995021434434,0.6883116883116883,81
331,26812,26892,incarnato_invivo,0.09957233317809981,0.37646793409659374,0.5192743764172335,81
331,26812,26892,pyle,0.06119810016492722,0.5873148174490322,0.5873015873015873,81
331,26812,26892,zhang_invitro,0.1362116314767869,0.22531674954234934,0.6428571428571429,81
331,26812,26892,zhang_invivo,0.14964590677244366,0.18239995090237765,0.6598639455782312,81
332,26893,26973,incarnato_invitro,-0.011719258959921807,0.9172982898235605,0.562358276643991,81
332,26893,26973,incarnato_invivo,-0.055651618110887986,0.6216858863911721,0.4935064935064935,81
332,26893,26973,pyle,0.03168362310070901,0.7788706867683544,0.5941043083900226,81
332,26893,26973,zhang_invitro,0.06703660627764553,0.5520965056744352,0.6122448979591837,81
332,26893,26973,zhang_invivo,0.0813323347978727,0.4704107494099201,0.5600907029478459,81
333,26974,27054,incarnato_invitro,0.1746620494892026,0.11886865565959935,0.6031746031746033,81
333,26974,27054,incarnato_invivo,0.06863472431150096,0.5426370393618244,0.5827664399092971,81
333,26974,27054,pyle,-0.07435240137795132,0.5094561168360936,0.4557823129251701,81
333,26974,27054,zhang_invitro,-0.0112639200800322,0.9205009109616376,0.47845804988662133,81
333,26974,27054,zhang_invivo,0.10291345637288733,0.3605825274990441,0.6273291925465838,81
334,27055,27135,incarnato_invitro,0.44326258845439603,3.4095860038114874e-05,0.8662131519274376,81
334,27055,27135,incarnato_invivo,0.4495046094160146,2.5577423937398176e-05,0.8231292517006803,81
334,27055,27135,pyle,0.08162806038546837,0.46879307427360606,0.600907029478458,81
334,27055,27135,zhang_invitro,0.3490542889840921,0.0014043766516460326,0.8117913832199546,81
334,27055,27135,zhang_invivo,0.4322711261359194,5.580835764344377e-05,0.8492063492063492,81
335,27136,27216,incarnato_invitro,0.21039374512964962,0.059392891101215706,0.7097505668934241,81
335,27136,27216,incarnato_invivo,0.27258763326729823,0.01381751460842223,0.655328798185941,81
335,27136,27216,pyle,0.09876894267755333,0.3803498878235979,0.5873015873015872,81
335,27136,27216,zhang_invitro,0.41347453728529826,0.00012474309556162442,0.7891156462585034,81
335,27136,27216,zhang_invivo,0.45946741970076904,1.5976180831078343e-05,0.7777777777777777,81
336,27217,27297,incarnato_invitro,0.3529267835838538,0.0012308461512233492,0.7891156462585034,81
336,27217,27297,incarnato_invivo,0.3913621879425472,0.0003029711892336639,0.8321995464852608,81
336,27217,27297,pyle,0.2245198256102311,0.043896626584256665,0.7074829931972789,81
336,27217,27297,zhang_invitro,0.43764834651535695,4.3946783814812374e-05,0.8008658008658008,81
336,27217,27297,zhang_invivo,0.4902966766844267,3.380907823858028e-06,0.8390022675736961,81
337,27298,27378,incarnato_invitro,0.31741017548733325,0.0038849643102270744,0.6893424036281179,81
337,27298,27378,incarnato_invivo,0.4059240322774137,0.00017007401395317687,0.7732426303854876,81
337,27298,27378,pyle,0.297265605040461,0.0070384280916552045,0.7505668934240364,81
337,27298,27378,zhang_invitro,0.2739344812399019,0.013337666925247111,0.6485260770975056,81
337,27298,27378,zhang_invivo,0.5329850546075856,3.018108840691796e-07,0.8354978354978355,81
338,27379,27459,incarnato_invitro,0.6233078317760842,5.143775302109649e-10,0.9523809523809524,81
338,27379,27459,incarnato_invivo,0.5034816336106912,1.6595912363214769e-06,0.909297052154195,81
338,27379,27459,pyle,0.12611444933031732,0.261915745434779,0.6753246753246754,81
338,27379,27459,zhang_invitro,0.4543668714916915,2.0365962281450966e-05,0.81859410430839,81
338,27379,27459,zhang_invivo,0.5578316549187226,6.300208779978486e-08,0.9229024943310657,81
339,27460,27540,incarnato_invitro,0.29508323169878514,0.007488519304398602,0.6802721088435375,81
339,27460,27540,incarnato_invivo,0.26747503682597207,0.01577762892114925,0.7142857142857143,81
339,27460,27540,pyle,0.12589833401858053,0.26274074870560177,0.6099773242630386,81
339,27460,27540,zhang_invitro,0.6292529305172377,3.142017978901152e-10,0.9251700680272109,81
339,27460,27540,zhang_invivo,0.6477857048821838,6.304419208814977e-11,0.9138321995464852,81
340,27541,27621,incarnato_invitro,0.4761070732215238,7.039966185996683e-06,0.8480725623582765,81
340,27541,27621,incarnato_invivo,0.37119786282021494,0.0006458036435333548,0.7369614512471655,81
340,27541,27621,pyle,0.23070192227978562,0.038257409576300215,0.6712018140589568,81
340,27541,27621,zhang_invitro,0.5685586121770149,3.0766247463690997e-08,0.8866213151927438,81
340,27541,27621,zhang_invivo,0.6112597315074857,1.3537611400057675e-09,0.9444444444444444,81
341,27622,27702,incarnato_invitro,0.42218375399302754,8.644107563393207e-05,0.8208616780045351,81
341,27622,27702,incarnato_invivo,0.3542626891549899,0.0011756467962611302,0.7641723356009069,81
341,27622,27702,pyle,0.27674582631332567,0.012382402208890794,0.7029478458049887,81
341,27622,27702,zhang_invitro,0.27369156269725287,0.013423129278644622,0.7233560090702948,81
341,27622,27702,zhang_invivo,0.4860523880672288,4.224807700972921e-06,0.8321995464852607,81
342,27703,27783,incarnato_invitro,0.34713930418285227,0.0014981134938756697,0.7414965986394558,81
342,27703,27783,incarnato_invivo,0.40155043678954633,0.00020284625665656516,0.8208616780045351,81
342,27703,27783,pyle,0.3124877141914812,0.004508927634652646,0.7437641723356009,81
342,27703,27783,zhang_invitro,0.4339465058778243,5.182675766245609e-05,0.8299319727891157,81
342,27703,27783,zhang_invivo,0.530371937684293,3.533121415179853e-07,0.8181818181818181,81
343,27784,27864,incarnato_invitro,0.40530245263507225,0.00017441292860855492,0.7392290249433106,81
343,27784,27864,incarnato_invivo,0.3997334252763467,0.00021809833608264464,0.8095238095238095,81
343,27784,27864,pyle,0.20363846487909337,0.06824018392958289,0.5918367346938775,81
343,27784,27864,zhang_invitro,0.450146799715552,2.4824110814409764e-05,0.7868480725623582,81
343,27784,27864,zhang_invivo,0.5252336117956405,4.797765790720891e-07,0.8838095238095238,81
344,27865,27945,incarnato_invitro,0.262468933540082,0.01792481154916275,0.6462585034013605,81
344,27865,27945,incarnato_invivo,0.1825794098379184,0.10280189772267051,0.6303854875283446,81
344,27865,27945,pyle,0.06500603217297383,0.5642291121269757,0.5419501133786848,81
344,27865,27945,zhang_invitro,0.08235202246592697,0.4648456390833697,0.5827664399092971,81
344,27865,27945,zhang_invivo,0.26640202199660856,0.01621817042404036,0.653061224489796,81
345,27946,28026,incarnato_invitro,0.418393605874187,0.00010152644279758269,0.7981859410430839,81
345,27946,28026,incarnato_invivo,0.34814276236475133,0.0014483126589167734,0.7709750566893425,81
345,27946,28026,pyle,0.1731299832913921,0.12218942439844378,0.6802721088435374,81
345,27946,28026,zhang_invitro,0.45431723092608284,2.041375012488886e-05,0.8594104308390023,81
345,27946,28026,zhang_invivo,0.40451364864612205,0.00018006612000500216,0.7805383022774327,81
346,28027,28107,incarnato_invitro,0.26076607631963056,0.018710277533894842,0.6904761904761905,81
346,28027,28107,incarnato_invivo,0.22464933145548577,0.043771798384445365,0.673469387755102,81
346,28027,28107,pyle,-0.06550342031331179,0.5637502954360685,0.4825,80
346,28027,28107,zhang_invitro,0.2858190661461027,0.009693099254938357,0.7424242424242424,81
346,28027,28107,zhang_invivo,0.3963336652262474,0.00024950624739733665,0.8003663003663004,81
347,28108,28188,incarnato_invitro,0.20814714359069308,0.062225277876120186,0.6712018140589568,81
347,28108,28188,incarnato_invivo,-0.04048657169508984,0.7196976832658968,0.5056689342403629,81
347,28108,28188,pyle,-0.1394288173990933,0.21739026688726207,0.4475,80
347,28108,28188,zhang_invitro,0.336642968109792,0.002119762458265969,0.7868480725623583,81
347,28108,28188,zhang_invivo,0.2764320705158991,0.01248597991333969,0.7034632034632035,81
348,28189,28269,incarnato_invitro,-0.07431606254549866,0.5123721675194409,0.42272727272727273,80
348,28189,28269,incarnato_invivo,-0.2338366213412617,0.03683228154760233,0.35250000000000004,80
348,28189,28269,pyle,-0.2320578624606925,0.03710495219655892,0.2562358276643991,81
348,28189,28269,zhang_invitro,-0.17728889667354206,0.11333698320711343,0.42857142857142855,81
348,28189,28269,zhang_invivo,-0.4213427161143421,8.959704566385913e-05,0.2086167800453515,81
349,28270,28350,incarnato_invitro,0.37017538523365845,0.0006702126087366866,0.7346938775510203,81
349,28270,28350,incarnato_invivo,0.3753623849118586,0.0005545369239749139,0.7482993197278912,81
349,28270,28350,pyle,-0.06212465928854688,0.5816581898930104,0.4444444444444445,81
349,28270,28350,zhang_invitro,0.39274476357698246,0.0002871340067386578,0.7551020408163265,81
349,28270,28350,zhang_invivo,0.34304841316681395,0.001717549409704539,0.761904761904762,81
350,28351,28431,incarnato_invitro,0.5203583437338098,6.384231744802531e-07,0.8612836438923396,81
350,28351,28431,incarnato_invivo,0.5585375172831811,6.014624972898524e-08,0.8639455782312925,81
350,28351,28431,pyle,0.2795480868443441,0.011489940825122981,0.7210884353741497,81
350,28351,28431,zhang_invitro,0.7366413172172942,4.5737034005625804e-15,0.9841269841269842,81
350,28351,28431,zhang_invivo,0.699095149146292,3.920353593013776e-13,0.9387755102040816,81
351,28432,28512,incarnato_invitro,0.12573302397676392,0.2633729935598879,0.5510204081632653,81
351,28432,28512,incarnato_invivo,0.1315879027893426,0.24160526337514607,0.5986394557823129,81
351,28432,28512,pyle,-0.035254245390232565,0.7546956687516743,0.5170068027210885,81
351,28432,28512,zhang_invitro,0.2882783642232755,0.009058565803273515,0.6904761904761906,81
351,28432,28512,zhang_invivo,0.4064726722790128,0.00016632720927716135,0.7551020408163266,81
352,28513,28593,incarnato_invitro,0.4481110670472113,2.7286031204141402e-05,0.8843537414965986,81
352,28513,28593,incarnato_invivo,0.42865788919067194,6.538145767439777e-05,0.8253968253968254,81
352,28513,28593,pyle,0.09637344835795131,0.3920672461464089,0.6575963718820862,81
352,28513,28593,zhang_invitro,0.597563293889615,3.8755810006243e-09,0.8616780045351474,81
352,28513,28593,zhang_invivo,0.6999177699914046,3.5824511801529017e-13,0.9433106575963719,81
353,28594,28674,incarnato_invitro,0.4966208523719655,2.412193744534326e-06,0.8072562358276644,81
353,28594,28674,incarnato_invivo,0.6539547447060088,3.60353869631644e-11,0.9047619047619048,81
353,28594,28674,pyle,0.16627310473036638,0.13792911122744111,0.6145124716553289,81
353,28594,28674,zhang_invitro,0.610028824232393,1.4910324928922524e-09,0.8571428571428571,81
353,28594,28674,zhang_invivo,0.5845002292030583,1.0103380210464713e-08,0.8616780045351474,81
354,28675,28755,incarnato_invitro,0.5209963082816711,6.151529295214784e-07,0.8707482993197277,81
354,28675,28755,incarnato_invivo,0.504949268589331,1.5303762186778645e-06,0.8979591836734693,81
354,28675,28755,pyle,-0.08560453944756471,0.44733683572139304,0.4308390022675737,81
354,28675,28755,zhang_invitro,0.3339878743560606,0.0023099721865453364,0.780045351473923,81
354,28675,28755,zhang_invivo,0.2989895415986851,0.00669990508390768,0.7369614512471655,81
355,28756,28836,incarnato_invitro,0.5559042278139235,7.147091140895813e-08,0.9,81
355,28756,28836,incarnato_invivo,0.5307283954294941,3.4582683590875473e-07,0.909297052154195,81
355,28756,28836,pyle,0.08196658393581649,0.4669449988183396,0.5555555555555556,81
355,28756,28836,zhang_invitro,0.5100787162104387,1.1493881065447074e-06,0.841991341991342,81
355,28756,28836,zhang_invivo,0.6145713786125828,1.0418214182157172e-09,0.9002267573696145,81
356,28837,28917,incarnato_invitro,0.4100194410105907,0.00014388502168475838,0.7959183673469388,81
356,28837,28917,incarnato_invivo,0.3530821902770683,0.0012243062851586748,0.7777777777777778,81
356,28837,28917,pyle,-0.1577853469965409,0.15947902923872992,0.39229024943310653,81
356,28837,28917,zhang_invitro,0.5014560006830703,1.8548984824580367e-06,0.8412698412698413,81
356,28837,28917,zhang_invivo,0.47168211307454627,8.790926108861049e-06,0.8412698412698413,81
357,28918,28998,incarnato_invitro,0.2773361972354468,0.012189530070594678,0.6666666666666666,81
357,28918,28998,incarnato_invivo,0.26624035974562643,0.016285453730681323,0.696969696969697,81
357,28918,28998,pyle,0.15432859159020976,0.16893745737368032,0.6643990929705216,81
357,28918,28998,zhang_invitro,0.412825161643611,0.00012815054827544701,0.8412698412698413,81
357,28918,28998,zhang_invivo,0.38813134120145315,0.0003431568106003,0.7867494824016562,81
358,28999,29079,incarnato_invitro,0.5411181390721714,2.1922009831788978e-07,0.9225,80
358,28999,29079,incarnato_invivo,0.5059584739029148,1.9683978233785538e-06,0.8025,79
358,28999,29079,pyle,0.08648339178455115,0.44559013932270874,0.530952380952381,80
358,28999,29079,zhang_invitro,0.5754624569473166,1.913375101454282e-08,0.9047619047619047,81
358,28999,29079,zhang_invivo,0.6685417913573616,9.109005650254333e-12,0.9523809523809524,81
359,29080,29160,incarnato_invitro,0.5066214899527033,1.3947225904487214e-06,0.8299319727891157,81
359,29080,29160,incarnato_invivo,0.49701132405874066,2.36190853221945e-06,0.854875283446712,81
359,29080,29160,pyle,-0.04922118512526133,0.6625682994447941,0.49206349206349204,81
359,29080,29160,zhang_invitro,0.40405492084375394,0.00018343093907628014,0.8163265306122448,81
359,29080,29160,zhang_invivo,0.43375797780524206,5.2261240572730987e-05,0.7755102040816326,81
360,29161,29241,incarnato_invitro,0.36287397780008224,0.0008704589179918005,0.7437641723356009,81
360,29161,29241,incarnato_invivo,0.5105340771144279,1.120291627769977e-06,0.8979591836734693,81
360,29161,29241,pyle,0.28461345307159147,0.01001811800009113,0.7165532879818595,81
360,29161,29241,zhang_invitro,0.38153753367651283,0.00044074136283375217,0.8163265306122449,81
360,29161,29241,zhang_invivo,0.631886743706035,2.517126190175394e-10,0.9433106575963719,81
361,29242,29322,incarnato_invitro,0.5084464914214936,1.2596495164265048e-06,0.873015873015873,81
361,29242,29322,incarnato_invivo,0.5589298420712934,5.8612571281485826e-08,0.8934240362811792,81
361,29242,29322,pyle,-0.011152607987958488,0.9212840177613044,0.49206349206349204,81
361,29242,29322,zhang_invitro,0.6187436299328403,7.457462626303907e-10,0.9134199134199135,81
361,29242,29322,zhang_invivo,0.6730176508147478,5.880992955810221e-12,0.9206349206349206,81
362,29323,29403,incarnato_invitro,0.26180195417135743,0.018229022805987816,0.764172335600907,81
362,29323,29403,incarnato_invivo,0.23017214701716365,0.03871571934659285,0.673469387755102,81
362,29323,29403,pyle,-0.0757744571096754,0.5013685699022974,0.492063492063492,81
362,29323,29403,zhang_invitro,0.45575100426940157,1.9074804861089168e-05,0.7687074829931972,81
362,29323,29403,zhang_invivo,0.5176296718049596,7.476705444679171e-07,0.8344671201814059,81
363,29404,29484,incarnato_invitro,0.43974351527790667,3.999617957306935e-05,0.8208616780045351,81
363,29404,29484,incarnato_invivo,0.46240520137764607,1.3866873279026734e-05,0.8662131519274375,81
363,29404,29484,pyle,0.1562503902284408,0.1636293170041297,0.6825396825396826,81
363,29404,29484,zhang_invitro,0.41872722409907775,0.00010010672994694193,0.8027210884353742,81
363,29404,29484,zhang_invivo,0.4969374141276455,2.3713503316185333e-06,0.8376623376623378,81
364,29485,29565,incarnato_invitro,0.35588879755804165,0.001111488461612286,0.7165532879818595,81
364,29485,29565,incarnato_invivo,0.3129259411867657,0.004449974510824243,0.7505668934240364,81
364,29485,29565,pyle,-0.21958321279634985,0.048879330985941855,0.31519274376417233,81
364,29485,29565,zhang_invitro,0.36312484442246756,0.0008627624750621044,0.7817460317460317,81
364,29485,29565,zhang_invivo,0.3871960159524333,0.0003556714361073029,0.8246753246753246,81
365,29566,29646,incarnato_invitro,-0.0237020887280817,0.833642146977837,0.4263038548752835,81
365,29566,29646,incarnato_invivo,-0.17785415372894284,0.11217308458712376,0.34240362811791386,81
365,29566,29646,pyle,-0.01620357677086955,0.8858361252579986,0.5192743764172336,81
365,29566,29646,zhang_invitro,0.02786713907180091,0.8049438307166901,0.4716553287981859,81
365,29566,29646,zhang_invivo,0.007696988399404201,0.9456286608622669,0.5238095238095238,81
366,29647,29727,incarnato_invitro,0.22059036621770403,0.04782663329779703,0.6439909297052154,81
366,29647,29727,incarnato_invivo,0.19572419843628241,0.07992556173525002,0.6870748299319728,81
366,29647,29727,pyle,-0.3036836856115034,0.005849797824918724,0.29705215419501135,81
366,29647,29727,zhang_invitro,0.2032610932797141,0.06876418554625023,0.5995670995670996,81
366,29647,29727,zhang_invivo,0.23018505008874926,0.03870450275015675,0.6848072562358276,81
367,29728,29808,incarnato_invitro,0.4791243172701233,6.039794248818064e-06,0.8458049886621315,81
367,29728,29808,incarnato_invivo,0.4940874639820718,2.763748114226298e-06,0.8526077097505669,81
367,29728,29808,pyle,-0.07441893766593224,0.5090762218921462,0.5011337868480726,81
367,29728,29808,zhang_invitro,0.33589952769095494,0.0021715487988514404,0.7369614512471655,81
367,29728,29808,zhang_invivo,0.41344423985814316,0.0001249001932630613,0.7800453514739228,81
368,29809,29889,incarnato_invitro,0.10507806573288485,0.5542333672932781,0.5925925925925926,34
368,29809,29889,incarnato_invivo,-0.7012786818295226,7.033657147923689e-09,0.013574660633484167,52
368,29809,29889,pyle,0.061452716655723064,0.6527655355823337,0.5918367346938775,56
368,29809,29889,zhang_invitro,-0.16867459290347597,0.1792208185691622,0.40196078431372545,65
368,29809,29889,zhang_invivo,0.019244231443990057,0.8790642520705846,0.5432525951557093,65
