name,dataset,family,length,method,pk_removed,ref_pairs,pred_pairs,sensitivity,ppv,f1,mcc,sensitivity_slip,ppv_slip,f1_slip,mcc_slip
srp_Sola.tube._DR037645,ArchiveII,srp,251,mfe,0,81,79,0.5185185185185185,0.5316455696202531,0.525,0.5238270738032234,0.4691358024691358,0.4810126582278481,0.475,0.4736953411379762
srp_Sola.tube._DR037645,ArchiveII,srp,251,mea,0,81,79,0.5185185185185185,0.5316455696202531,0.525,0.5238270738032234,0.4691358024691358,0.4810126582278481,0.475,0.4736953411379762
srp_Sola.tube._DR037645,ArchiveII,srp,251,centroid,0,81,76,0.49382716049382713,0.5263157894736842,0.5095541401273885,0.5085844950073221,0.4567901234567901,0.4868421052631579,0.4713375796178344,0.4702526332274967
5s_Drosophila-yakuba-1,ArchiveII,5s,120,mfe,0,36,41,0.8333333333333334,0.7317073170731707,0.7792207792207793,0.7796923040344426,0.7777777777777778,0.6829268292682927,0.7272727272727273,0.7273521538792563
5s_Drosophila-yakuba-1,ArchiveII,5s,120,mea,0,36,41,0.8333333333333334,0.7317073170731707,0.7792207792207793,0.7796923040344426,0.7777777777777778,0.6829268292682927,0.7272727272727273,0.7273521538792563
5s_Drosophila-yakuba-1,ArchiveII,5s,120,centroid,0,36,41,0.8333333333333334,0.7317073170731707,0.7792207792207793,0.7796923040344426,0.7777777777777778,0.6829268292682927,0.7272727272727273,0.7273521538792563
5s_Acremonium-persicinum-2,ArchiveII,5s,119,mfe,0,36,38,0.9166666666666666,0.868421052631579,0.8918918918918919,0.8916487496409295,0.8055555555555556,0.7631578947368421,0.7837837837837838,0.7829281874574242
5s_Acremonium-persicinum-2,ArchiveII,5s,119,mea,0,36,36,0.8611111111111112,0.8611111111111112,0.8611111111111112,0.8603952914976537,0.8055555555555556,0.8055555555555556,0.8055555555555556,0.8045534080967152
5s_Acremonium-persicinum-2,ArchiveII,5s,119,centroid,0,36,36,0.8888888888888888,0.8888888888888888,0.8888888888888888,0.8883162331981229,0.8055555555555556,0.8055555555555556,0.8055555555555556,0.8045534080967152
tRNA_tdbR00000264-Caenorhabditis_elegans-6239-Leu-IAG,ArchiveII,tRNA,85,mfe,0,21,26,0.5714285714285714,0.46153846153846156,0.5106382978723404,0.5103669975287777,0.47619047619047616,0.38461538461538464,0.425531914893617,0.42420772287148656
tRNA_tdbR00000264-Caenorhabditis_elegans-6239-Leu-IAG,ArchiveII,tRNA,85,mea,0,21,26,0.5714285714285714,0.46153846153846156,0.5106382978723404,0.5103669975287777,0.47619047619047616,0.38461538461538464,0.425531914893617,0.42420772287148656
tRNA_tdbR00000264-Caenorhabditis_elegans-6239-Leu-IAG,ArchiveII,tRNA,85,centroid,0,21,26,0.5714285714285714,0.46153846153846156,0.5106382978723404,0.5103669975287777,0.47619047619047616,0.38461538461538464,0.425531914893617,0.42420772287148656
5s_Spirocodon-saltatrix-1,ArchiveII,5s,121,mfe,0,36,42,0.8333333333333334,0.7142857142857143,0.7692307692307693,0.770298800646746,0.8055555555555556,0.6904761904761905,0.7435897435897436,0.7444426769011135
5s_Spirocodon-saltatrix-1,ArchiveII,5s,121,mea,0,36,42,0.8333333333333334,0.7142857142857143,0.7692307692307693,0.770298800646746,0.8055555555555556,0.6904761904761905,0.7435897435897436,0.7444426769011135
5s_Spirocodon-saltatrix-1,ArchiveII,5s,121,centroid,0,36,42,0.8333333333333334,0.7142857142857143,0.7692307692307693,0.770298800646746,0.8055555555555556,0.6904761904761905,0.7435897435897436,0.7444426769011135
5s_Pseudonocardia-hydrocarbonoxydans-1,ArchiveII,5s,120,mfe,0,36,38,1.0,0.9473684210526315,0.972972972972973,0.9731915058045503,0.9166666666666666,0.868421052631579,0.8918918918918919,0.8916582833385256
5s_Pseudonocardia-hydrocarbonoxydans-1,ArchiveII,5s,120,mea,0,36,36,0.9444444444444444,0.9444444444444444,0.9444444444444444,0.9441629129129129,0.8611111111111112,0.8611111111111112,0.8611111111111112,0.8604072822822822
5s_Pseudonocardia-hydrocarbonoxydans-1,ArchiveII,5s,120,centroid,0,36,35,0.9444444444444444,0.9714285714285714,0.9577464788732394,0.9576313276674764,0.8611111111111112,0.8857142857142857,0.8732394366197183,0.8726935925178394
5s_Paracoccus-versutus-1,ArchiveII,5s,116,mfe,0,30,34,0.43333333333333335,0.38235294117647056,0.40625,0.40419676061118104,0.4,0.35294117647058826,0.375,0.37273460174460876
5s_Paracoccus-versutus-1,ArchiveII,5s,116,mea,0,30,34,0.43333333333333335,0.38235294117647056,0.40625,0.40419676061118104,0.4,0.35294117647058826,0.375,0.37273460174460876
5s_Paracoccus-versutus-1,ArchiveII,5s,116,centroid,0,30,33,0.43333333333333335,0.3939393939393939,0.4126984126984127,0.41038796533622723,0.4,0.36363636363636365,0.38095238095238093,0.3784550706932893
5s_Fusarium-lunulosporum-8,ArchiveII,5s,119,mfe,0,35,37,0.34285714285714286,0.32432432432432434,0.3333333333333333,0.33002872981483417,0.37142857142857144,0.35135135135135137,0.3611111111111111,0.35796045000758403
5s_Fusarium-lunulosporum-8,ArchiveII,5s,119,mea,0,35,34,0.8571428571428571,0.8823529411764706,0.8695652173913043,0.8690134260216879,0.8285714285714286,0.8529411764705882,0.8405797101449275,0.8398817259448245
5s_Fusarium-lunulosporum-8,ArchiveII,5s,119,centroid,0,35,27,0.7142857142857143,0.9259259259259259,0.8064516129032258,0.8124590492653643,0.7142857142857143,0.9259259259259259,0.8064516129032258,0.8124590492653643
tRNA_tdbR00000232-Phaseolus_vulgaris-3885-Leu-NAA,ArchiveII,tRNA,88,mfe,0,20,21,1.0,0.9523809523809523,0.975609756097561,0.9757719263951676,0.8,0.7619047619047619,0.7804878048780488,0.7795410393848865
tRNA_tdbR00000232-Phaseolus_vulgaris-3885-Leu-NAA,ArchiveII,tRNA,88,mea,0,20,21,1.0,0.9523809523809523,0.975609756097561,0.9757719263951676,0.8,0.7619047619047619,0.7804878048780488,0.7795410393848865
tRNA_tdbR00000232-Phaseolus_vulgaris-3885-Leu-NAA,ArchiveII,tRNA,88,centroid,0,20,20,0.95,0.95,0.95,0.9497373949579831,0.8,0.8,0.8,0.7989495798319328
5s_Cryptosporidium-parvum-2,ArchiveII,5s,122,mfe,0,36,36,0.3055555555555556,0.3055555555555556,0.3055555555555556,0.3021518795855079,0.3333333333333333,0.3333333333333333,0.3333333333333333,0.3300658044020876
5s_Cryptosporidium-parvum-2,ArchiveII,5s,122,mea,0,36,32,0.3055555555555556,0.34375,0.3235294117647059,0.32097070094585783,0.3333333333333333,0.375,0.35294117647058826,0.35056983066613645
5s_Cryptosporidium-parvum-2,ArchiveII,5s,122,centroid,0,36,20,0.5,0.9,0.6428571428571429,0.6697260195121677,0.5,0.9,0.6428571428571429,0.6697260195121677
srp_Xyle.fast._AE003849,ArchiveII,srp,117,mfe,0,35,36,0.9714285714285714,0.9444444444444444,0.9577464788732394,0.9576203068365119,0.8,0.7777777777777778,0.7887323943661971,0.7877005442020445
srp_Xyle.fast._AE003849,ArchiveII,srp,117,mea,0,35,36,0.9714285714285714,0.9444444444444444,0.9577464788732394,0.9576203068365119,0.8,0.7777777777777778,0.7887323943661971,0.7877005442020445
srp_Xyle.fast._AE003849,ArchiveII,srp,117,centroid,0,35,36,0.9714285714285714,0.9444444444444444,0.9577464788732394,0.9576203068365119,0.8,0.7777777777777778,0.7887323943661971,0.7877005442020445
tRNA_tdbR00000255-Candida_cylindracea-44322-Leu-IAG,ArchiveII,tRNA,85,mfe,0,21,28,0.6190476190476191,0.4642857142857143,0.5306122448979592,0.5329765482434685,0.5714285714285714,0.42857142857142855,0.4897959183673469,0.49145225255080593
tRNA_tdbR00000255-Candida_cylindracea-44322-Leu-IAG,ArchiveII,tRNA,85,mea,0,21,26,0.8571428571428571,0.6923076923076923,0.7659574468085106,0.7688448215006513,0.7619047619047619,0.6153846153846154,0.6808510638297872,0.68268554684336
tRNA_tdbR00000255-Candida_cylindracea-44322-Leu-IAG,ArchiveII,tRNA,85,centroid,0,21,26,0.8571428571428571,0.6923076923076923,0.7659574468085106,0.7688448215006513,0.7619047619047619,0.6153846153846154,0.6808510638297872,0.68268554684336
tmRNA_Nost.spec._BA000019_1-390,ArchiveII,tmRNA,390,mfe,29,80,117,0.3375,0.23076923076923078,0.27411167512690354,0.2781639439250083,0.3,0.20512820512820512,0.2436548223350254,0.24711494128890266
tmRNA_Nost.spec._BA000019_1-390,ArchiveII,tmRNA,390,mea,29,80,107,0.3,0.22429906542056074,0.25668449197860965,0.2585015586556724,0.275,0.205607476635514,0.23529411764705882,0.23685799507609448
tmRNA_Nost.spec._BA000019_1-390,ArchiveII,tmRNA,390,centroid,29,80,70,0.275,0.3142857142857143,0.29333333333333333,0.29329082286139924,0.25,0.2857142857142857,0.26666666666666666,0.26653824757848077
srp_Homo.sapi._AL139099,ArchiveII,srp,302,mfe,0,102,100,0.10784313725490197,0.11,0.10891089108910891,0.10693178630952484,0.09803921568627451,0.1,0.09900990099009901,0.09700825907980623
srp_Homo.sapi._AL139099,ArchiveII,srp,302,mea,0,102,98,0.6176470588235294,0.6428571428571429,0.63,0.6293108988638394,0.5294117647058824,0.5510204081632653,0.54,0.53909440159816
srp_Homo.sapi._AL139099,ArchiveII,srp,302,centroid,0,102,80,0.5784313725490197,0.7375,0.6483516483516484,0.652459848917277,0.5,0.6375,0.5604395604395604,0.5637206881010006
5s_Chlamydophila-pneumoniae-1,ArchiveII,5s,117,mfe,0,32,36,0.375,0.3333333333333333,0.35294117647058826,0.3503069145190907,0.40625,0.3611111111111111,0.38235294117647056,0.3799180595356147
5s_Chlamydophila-pneumoniae-1,ArchiveII,5s,117,mea,0,32,36,0.375,0.3333333333333333,0.35294117647058826,0.3503069145190907,0.40625,0.3611111111111111,0.38235294117647056,0.3799180595356147
5s_Chlamydophila-pneumoniae-1,ArchiveII,5s,117,centroid,0,32,35,0.375,0.34285714285714286,0.3582089552238806,0.35539134558038615,0.40625,0.37142857142857144,0.3880597014925373,0.3854203035332263
srp_Myco.spec._CP000384,ArchiveII,srp,88,mfe,0,10,27,0.0,0.0,0.0,-0.004313352835851877,0.0,0.0,0.0,-0.004313352835851877
srp_Myco.spec._CP000384,ArchiveII,srp,88,mea,0,10,25,0.0,0.0,0.0,-0.0041494341759658795,0.0,0.0,0.0,-0.0041494341759658795
srp_Myco.spec._CP000384,ArchiveII,srp,88,centroid,0,10,20,0.0,0.0,0.0,-0.003708929394850727,0.0,0.0,0.0,-0.003708929394850727
RNaseP_SM-A1417,ArchiveII,RNaseP,302,mfe,4,83,90,0.7228915662650602,0.6666666666666666,0.6936416184971098,0.6936286249180413,0.6385542168674698,0.5888888888888889,0.6127167630057804,0.6124830101680057
RNaseP_SM-A1417,ArchiveII,RNaseP,302,mea,4,83,90,0.7590361445783133,0.7,0.7283236994219653,0.7284053169537709,0.6746987951807228,0.6222222222222222,0.6473988439306358,0.6472597022037353
RNaseP_SM-A1417,ArchiveII,RNaseP,302,centroid,4,83,86,0.7590361445783133,0.7325581395348837,0.7455621301775148,0.7452062216280634,0.6626506024096386,0.6395348837209303,0.650887573964497,0.6503403757855808
5s_Amycolatopsis-lactamdurans-1,ArchiveII,5s,120,mfe,0,35,34,0.42857142857142855,0.4411764705882353,0.43478260869565216,0.4320846565194253,0.42857142857142855,0.4411764705882353,0.43478260869565216,0.4320846565194253
5s_Amycolatopsis-lactamdurans-1,ArchiveII,5s,120,mea,0,35,32,0.42857142857142855,0.46875,0.44776119402985076,0.4456143349011187,0.42857142857142855,0.46875,0.44776119402985076,0.4456143349011187
5s_Amycolatopsis-lactamdurans-1,ArchiveII,5s,120,centroid,0,35,22,0.42857142857142855,0.6818181818181818,0.5263157894736842,0.5388270852766447,0.42857142857142855,0.6818181818181818,0.5263157894736842,0.5388270852766447
5s_Akkesiphycus-lubricum-1,ArchiveII,5s,118,mfe,0,36,39,0.9444444444444444,0.8717948717948718,0.9066666666666666,0.9068914358763335,0.8055555555555556,0.7435897435897436,0.7733333333333333,0.772722442103255
5s_Akkesiphycus-lubricum-1,ArchiveII,5s,118,mea,0,36,39,0.9166666666666666,0.8461538461538461,0.88,0.8800576371217178,0.8055555555555556,0.7435897435897436,0.7733333333333333,0.772722442103255
5s_Akkesiphycus-lubricum-1,ArchiveII,5s,118,centroid,0,36,39,0.9166666666666666,0.8461538461538461,0.88,0.8800576371217178,0.8055555555555556,0.7435897435897436,0.7733333333333333,0.772722442103255
5s_Colacogloea-peniophorae-1,ArchiveII,5s,119,mfe,0,36,39,0.8888888888888888,0.8205128205128205,0.8533333333333334,0.8532372370220911,0.8611111111111112,0.7948717948717948,0.8266666666666667,0.8264059014024228
5s_Colacogloea-peniophorae-1,ArchiveII,5s,119,mea,0,36,39,0.8888888888888888,0.8205128205128205,0.8533333333333334,0.8532372370220911,0.8611111111111112,0.7948717948717948,0.8266666666666667,0.8264059014024228
5s_Colacogloea-peniophorae-1,ArchiveII,5s,119,centroid,0,36,38,0.8888888888888888,0.8421052631578947,0.8648648648648649,0.8644686090950533,0.8333333333333334,0.7894736842105263,0.8108108108108109,0.8101083280033006
5s_Oceanobacillus-iheyensis-3,ArchiveII,5s,116,mfe,0,32,33,0.1875,0.18181818181818182,0.18461538461538463,0.1806454564266164,0.1875,0.18181818181818182,0.18461538461538463,0.1806454564266164
5s_Oceanobacillus-iheyensis-3,ArchiveII,5s,116,mea,0,32,32,0.4375,0.4375,0.4375,0.434788339861404,0.4375,0.4375,0.4375,0.434788339861404
5s_Oceanobacillus-iheyensis-3,ArchiveII,5s,116,centroid,0,32,27,0.375,0.4444444444444444,0.4067796610169492,0.4056354809685194,0.34375,0.4074074074074074,0.3728813559322034,0.37146365291380556
5s_Pinus-silvestris-1,ArchiveII,5s,119,mfe,0,34,38,0.8823529411764706,0.7894736842105263,0.8333333333333334,0.833777979793112,0.8529411764705882,0.7631578947368421,0.8055555555555556,0.8058138490756721
5s_Pinus-silvestris-1,ArchiveII,5s,119,mea,0,34,38,0.8823529411764706,0.7894736842105263,0.8333333333333334,0.833777979793112,0.8529411764705882,0.7631578947368421,0.8055555555555556,0.8058138490756721
5s_Pinus-silvestris-1,ArchiveII,5s,119,centroid,0,34,38,0.8823529411764706,0.7894736842105263,0.8333333333333334,0.833777979793112,0.8529411764705882,0.7631578947368421,0.8055555555555556,0.8058138490756721
srp_Cion.inte._BW223536,ArchiveII,srp,279,mfe,0,88,97,0.6477272727272727,0.5876288659793815,0.6162162162162163,0.6160337060983713,0.625,0.5670103092783505,0.5945945945945946,0.5943346967461552
srp_Cion.inte._BW223536,ArchiveII,srp,279,mea,0,88,90,0.7840909090909091,0.7666666666666667,0.7752808988764045,0.7748131971539974,0.7272727272727273,0.7111111111111111,0.7191011235955056,0.7185006414255966
srp_Cion.inte._BW223536,ArchiveII,srp,279,centroid,0,88,74,0.6704545454545454,0.7972972972972973,0.7283950617283951,0.7305754476377784,0.6136363636363636,0.7297297297297297,0.6666666666666666,0.6684855628462278
srp_Para.bras._CN241909,ArchiveII,srp,127,mfe,0,21,35,0.3333333333333333,0.2,0.25,0.2557054081516936,0.2857142857142857,0.17142857142857143,0.21428571428571427,0.21869030157654346
srp_Para.bras._CN241909,ArchiveII,srp,127,mea,0,21,35,0.3333333333333333,0.2,0.25,0.2557054081516936,0.2857142857142857,0.17142857142857143,0.21428571428571427,0.21869030157654346
srp_Para.bras._CN241909,ArchiveII,srp,127,centroid,0,21,34,0.3333333333333333,0.20588235294117646,0.2545454545454545,0.25952081338702093,0.2857142857142857,0.17647058823529413,0.21818181818181817,0.22196766872296664
5s_Aeromonas-hydrophila-1,ArchiveII,5s,118,mfe,0,35,38,0.7714285714285715,0.7105263157894737,0.7397260273972602,0.7389757752830598,0.7428571428571429,0.6842105263157895,0.7123287671232876,0.7114095920320697
5s_Aeromonas-hydrophila-1,ArchiveII,5s,118,mea,0,35,36,0.8,0.7777777777777778,0.7887323943661971,0.7877194565714019,0.7714285714285715,0.75,0.7605633802816901,0.7594020201639091
5s_Aeromonas-hydrophila-1,ArchiveII,5s,118,centroid,0,35,35,0.7428571428571429,0.7428571428571429,0.7428571428571429,0.7415467176969798,0.7142857142857143,0.7142857142857143,0.7142857142857143,0.7128296863299776
srp_Leis.braz._SDB-87235,ArchiveII,srp,279,mfe,0,87,96,0.3793103448275862,0.34375,0.36065573770491804,0.35958454986102156,0.3333333333333333,0.3020833333333333,0.31693989071038253,0.3157122261282524
srp_Leis.braz._SDB-87235,ArchiveII,srp,279,mea,0,87,95,0.3793103448275862,0.3473684210526316,0.3626373626373626,0.361492208136345,0.3333333333333333,0.30526315789473685,0.31868131868131866,0.317390151920464
srp_Leis.braz._SDB-87235,ArchiveII,srp,279,centroid,0,87,92,0.3793103448275862,0.358695652173913,0.3687150837988827,0.3673999803082618,0.3333333333333333,0.31521739130434784,0.3240223463687151,0.32258637457849576
5s_Moniliella-acetoabutans-1,ArchiveII,5s,118,mfe,0,35,38,0.9142857142857143,0.8421052631578947,0.8767123287671232,0.87680669153801,0.7714285714285715,0.7105263157894737,0.7397260273972602,0.7389757752830598
5s_Moniliella-acetoabutans-1,ArchiveII,5s,118,mea,0,35,38,0.9142857142857143,0.8421052631578947,0.8767123287671232,0.87680669153801,0.7714285714285715,0.7105263157894737,0.7397260273972602,0.7389757752830598
5s_Moniliella-acetoabutans-1,ArchiveII,5s,118,centroid,0,35,38,0.9142857142857143,0.8421052631578947,0.8767123287671232,0.87680669153801,0.7714285714285715,0.7105263157894737,0.7397260273972602,0.7389757752830598
tRNA_tdbR00000141-Salmonella_typhimurium-602-His-QUG,ArchiveII,tRNA,77,mfe,0,21,22,1.0,0.9545454545454546,0.9767441860465116,0.9768402466472599,0.8571428571428571,0.8181818181818182,0.8372093023255814,0.8362344535692452
tRNA_tdbR00000141-Salmonella_typhimurium-602-His-QUG,ArchiveII,tRNA,77,mea,0,21,22,1.0,0.9545454545454546,0.9767441860465116,0.9768402466472599,0.8571428571428571,0.8181818181818182,0.8372093023255814,0.8362344535692452
tRNA_tdbR00000141-Salmonella_typhimurium-602-His-QUG,ArchiveII,tRNA,77,centroid,0,21,22,1.0,0.9545454545454546,0.9767441860465116,0.9768402466472599,0.8571428571428571,0.8181818181818182,0.8372093023255814,0.8362344535692452
srp_Stre.pyog._AE004092,ArchiveII,srp,73,mfe,0,20,22,0.85,0.7727272727272727,0.8095238095238095,0.8089254737392788,0.85,0.7727272727272727,0.8095238095238095,0.8089254737392788
srp_Stre.pyog._AE004092,ArchiveII,srp,73,mea,0,20,22,0.85,0.7727272727272727,0.8095238095238095,0.8089254737392788,0.85,0.7727272727272727,0.8095238095238095,0.8089254737392788
srp_Stre.pyog._AE004092,ArchiveII,srp,73,centroid,0,20,22,0.85,0.7727272727272727,0.8095238095238095,0.8089254737392788,0.85,0.7727272727272727,0.8095238095238095,0.8089254737392788
tRNA_tdbR00000078-Ascaris_suum-6253-Phe-GAA,ArchiveII,tRNA,62,mfe,0,15,20,0.6,0.45,0.5142857142857142,0.5152243258357317,0.6,0.45,0.5142857142857142,0.5152243258357317
tRNA_tdbR00000078-Ascaris_suum-6253-Phe-GAA,ArchiveII,tRNA,62,mea,0,15,19,0.6,0.47368421052631576,0.5294117647058824,0.528941929854867,0.6,0.47368421052631576,0.5294117647058824,0.528941929854867
tRNA_tdbR00000078-Ascaris_suum-6253-Phe-GAA,ArchiveII,tRNA,62,centroid,0,15,9,0.3333333333333333,0.5555555555555556,0.4166666666666667,0.4268967038422191,0.26666666666666666,0.4444444444444444,0.3333333333333333,0.34028064515491907
srp_Homo.sapi._AB061847,ArchiveII,srp,302,mfe,0,102,100,0.10784313725490197,0.11,0.10891089108910891,0.10693178630952484,0.09803921568627451,0.1,0.09900990099009901,0.09700825907980623
srp_Homo.sapi._AB061847,ArchiveII,srp,302,mea,0,102,98,0.6176470588235294,0.6428571428571429,0.63,0.6293108988638394,0.5294117647058824,0.5510204081632653,0.54,0.53909440159816
srp_Homo.sapi._AB061847,ArchiveII,srp,302,centroid,0,102,80,0.5784313725490197,0.7375,0.6483516483516484,0.652459848917277,0.5,0.6375,0.5604395604395604,0.5637206881010006
RNaseP_SM-A03,ArchiveII,RNaseP,321,mfe,4,87,97,0.4827586206896552,0.4329896907216495,0.45652173913043476,0.45622604699425834,0.4367816091954023,0.3917525773195876,0.41304347826086957,0.41260529589416467
RNaseP_SM-A03,ArchiveII,RNaseP,321,mea,4,87,91,0.6666666666666666,0.6373626373626373,0.651685393258427,0.6512460961368643,0.6091954022988506,0.5824175824175825,0.5955056179775281,0.5949545847690194
RNaseP_SM-A03,ArchiveII,RNaseP,321,centroid,4,87,77,0.5747126436781609,0.6493506493506493,0.6097560975609756,0.6102735594148592,0.5287356321839081,0.5974025974025974,0.5609756097560976,0.5613239825997216
5s_Oryctolagus-cuniculus-1,ArchiveII,5s,120,mfe,0,36,39,0.9444444444444444,0.8717948717948718,0.9066666666666666,0.9069081673513683,0.8333333333333334,0.7692307692307693,0.8,0.799592429356228
5s_Oryctolagus-cuniculus-1,ArchiveII,5s,120,mea,0,36,39,0.9444444444444444,0.8717948717948718,0.9066666666666666,0.9069081673513683,0.8333333333333334,0.7692307692307693,0.8,0.799592429356228
5s_Oryctolagus-cuniculus-1,ArchiveII,5s,120,centroid,0,36,39,0.9444444444444444,0.8717948717948718,0.9066666666666666,0.9069081673513683,0.8333333333333334,0.7692307692307693,0.8,0.799592429356228
grp1_a.I1.e.C.saxonicum.C1.SSU.1506,ArchiveII,grp1,448,mfe,6,114,141,0.5175438596491229,0.41843971631205673,0.4627450980392157,0.4646865590232832,0.4473684210526316,0.3617021276595745,0.4,0.401506303363317
grp1_a.I1.e.C.saxonicum.C1.SSU.1506,ArchiveII,grp1,448,mea,6,114,136,0.5175438596491229,0.4338235294117647,0.472,0.4731854372636483,0.4473684210526316,0.375,0.408,0.4088558710926537
grp1_a.I1.e.C.saxonicum.C1.SSU.1506,ArchiveII,grp1,448,centroid,6,114,125,0.5175438596491229,0.472,0.49372384937238495,0.493644556047963,0.4473684210526316,0.408,0.42677824267782427,0.426547852559195
srp_Myco.pneu._S76009,ArchiveII,srp,79,mfe,0,24,25,0.875,0.84,0.8571428571428571,0.8561794214680541,0.9166666666666666,0.88,0.8979591836734694,0.8973314908202183
srp_Myco.pneu._S76009,ArchiveII,srp,79,mea,0,24,27,0.875,0.7777777777777778,0.8235294117647058,0.8235116295401308,0.9166666666666666,0.8148148148148148,0.8627450980392157,0.8631231907568285
srp_Myco.pneu._S76009,ArchiveII,srp,79,centroid,0,24,26,0.875,0.8076923076923077,0.84,0.8393760030021619,0.9166666666666666,0.8461538461538461,0.88,0.8797355308397583
5s_Staphylococcus-epidermidis-1,ArchiveII,5s,115,mfe,0,32,35,0.21875,0.2,0.208955223880597,0.20510775938108405,0.25,0.22857142857142856,0.23880597014925373,0.23514196831089543
5s_Staphylococcus-epidermidis-1,ArchiveII,5s,115,mea,0,32,33,0.21875,0.21212121212121213,0.2153846153846154,0.2115012826878388,0.25,0.24242424242424243,0.24615384615384617,0.24242748911713197
5s_Staphylococcus-epidermidis-1,ArchiveII,5s,115,centroid,0,32,23,0.21875,0.30434782608695654,0.2545454545454545,0.25495436462301513,0.25,0.34782608695652173,0.2909090909090909,0.29197015367933676
tRNA_tdbR00000572-Leishmania_tarentolae-5689-Lys-1UU,ArchiveII,tRNA,73,mfe,0,20,23,0.8,0.6956521739130435,0.7441860465116279,0.7439289542852665,0.7,0.6086956521739131,0.6511627906976745,0.6499092711140786
tRNA_tdbR00000572-Leishmania_tarentolae-5689-Lys-1UU,ArchiveII,tRNA,73,mea,0,20,21,0.8,0.7619047619047619,0.7804878048780488,0.7789984464733278,0.7,0.6666666666666666,0.6829268292682927,0.6806411909082319
tRNA_tdbR00000572-Leishmania_tarentolae-5689-Lys-1UU,ArchiveII,tRNA,73,centroid,0,20,18,0.8,0.8888888888888888,0.8421052631578947,0.8421428438776845,0.7,0.7777777777777778,0.7368421052631579,0.7359659395545912
tmRNA_Haem.infl._U32808_1-366,ArchiveII,tmRNA,366,mfe,23,77,103,0.24675324675324675,0.18446601941747573,0.2111111111111111,0.2123013000787662,0.2597402597402597,0.1941747572815534,0.2222222222222222,0.22354531980860615
tmRNA_Haem.infl._U32808_1-366,ArchiveII,tmRNA,366,mea,23,77,80,0.23376623376623376,0.225,0.22929936305732485,0.2284346781501555,0.19480519480519481,0.1875,0.1910828025477707,0.19016616418358032
tmRNA_Haem.infl._U32808_1-366,ArchiveII,tmRNA,366,centroid,23,77,63,0.2077922077922078,0.25396825396825395,0.22857142857142856,0.22892010520062603,0.16883116883116883,0.20634920634920634,0.18571428571428572,0.18580186857503825
16s_E.coli_domain2,ArchiveII,16s,354,mfe,9,96,117,0.4583333333333333,0.37606837606837606,0.4131455399061033,0.4141780119245289,0.5416666666666666,0.4444444444444444,0.48826291079812206,0.4897920340786408
16s_E.coli_domain2,ArchiveII,16s,354,mea,9,96,115,0.46875,0.391304347826087,0.4265402843601896,0.42732006741710543,0.5520833333333334,0.4608695652173913,0.5023696682464455,0.5035875457149395
16s_E.coli_domain2,ArchiveII,16s,354,centroid,9,96,101,0.4583333333333333,0.43564356435643564,0.4467005076142132,0.4459715488873279,0.5416666666666666,0.5148514851485149,0.5279187817258884,0.5273442777413364
tRNA_tdbR00000343-Mus_musculus-10090-Gln-CUG,ArchiveII,tRNA,75,mfe,0,21,22,1.0,0.9545454545454546,0.9767441860465116,0.9768310249258441,0.8095238095238095,0.7727272727272727,0.7906976744186046,0.7892810901935715
tRNA_tdbR00000343-Mus_musculus-10090-Gln-CUG,ArchiveII,tRNA,75,mea,0,21,22,0.9523809523809523,0.9090909090909091,0.9302325581395349,0.9299435412427759,0.8571428571428571,0.8181818181818182,0.8372093023255814,0.8361685738766397
tRNA_tdbR00000343-Mus_musculus-10090-Gln-CUG,ArchiveII,tRNA,75,centroid,0,21,13,0.5238095238095238,0.8461538461538461,0.6470588235294118,0.6638637626790624,0.47619047619047616,0.7692307692307693,0.5882352941176471,0.6029678899620718
tRNA_tdbR00000551-Saccharomyces_cerevisiae-4932-Tyr-GUA,ArchiveII,tRNA,88,mfe,0,22,21,0.3181818181818182,0.3333333333333333,0.32558139534883723,0.3218622278736794,0.2727272727272727,0.2857142857142857,0.27906976744186046,0.27507523735570094
tRNA_tdbR00000551-Saccharomyces_cerevisiae-4932-Tyr-GUA,ArchiveII,tRNA,88,mea,0,22,21,0.3181818181818182,0.3333333333333333,0.32558139534883723,0.3218622278736794,0.2727272727272727,0.2857142857142857,0.27906976744186046,0.27507523735570094
tRNA_tdbR00000551-Saccharomyces_cerevisiae-4932-Tyr-GUA,ArchiveII,tRNA,88,centroid,0,22,21,0.3181818181818182,0.3333333333333333,0.32558139534883723,0.3218622278736794,0.2727272727272727,0.2857142857142857,0.27906976744186046,0.27507523735570094
5s_Halorubrum-distributum-5,ArchiveII,5s,122,mfe,0,34,37,0.9411764705882353,0.8648648648648649,0.9014084507042254,0.9017459459434787,0.8823529411764706,0.8108108108108109,0.8450704225352113,0.8450850383949006
5s_Halorubrum-distributum-5,ArchiveII,5s,122,mea,0,34,36,0.8823529411764706,0.8333333333333334,0.8571428571428571,0.8568159041156753,0.8823529411764706,0.8333333333333334,0.8571428571428571,0.8568159041156753
5s_Halorubrum-distributum-5,ArchiveII,5s,122,centroid,0,34,36,0.8823529411764706,0.8333333333333334,0.8571428571428571,0.8568159041156753,0.8823529411764706,0.8333333333333334,0.8571428571428571,0.8568159041156753
tRNA_tdbR00000061-Mus_musculus-10090-Glu-CUC,ArchiveII,tRNA,75,mfe,0,21,23,0.5238095238095238,0.4782608695652174,0.5,0.4965341162122181,0.42857142857142855,0.391304347826087,0.4090909090909091,0.40480372725749436
tRNA_tdbR00000061-Mus_musculus-10090-Glu-CUC,ArchiveII,tRNA,75,mea,0,21,22,0.47619047619047616,0.45454545454545453,0.46511627906976744,0.4610687044120947,0.38095238095238093,0.36363636363636365,0.37209302325581395,0.36729373704595847
tRNA_tdbR00000061-Mus_musculus-10090-Glu-CUC,ArchiveII,tRNA,75,centroid,0,21,10,0.47619047619047616,1.0,0.6451612903225806,0.6886915474528036,0.38095238095238093,0.8,0.5161290322580645,0.5499029458419445
RNaseP_SM-A1726,ArchiveII,RNaseP,338,mfe,4,98,107,0.6530612244897959,0.5981308411214953,0.624390243902439,0.6243184595863643,0.5714285714285714,0.5233644859813084,0.5463414634146342,0.5460534976271386
RNaseP_SM-A1726,ArchiveII,RNaseP,338,mea,4,98,101,0.5510204081632653,0.5346534653465347,0.542713567839196,0.5419752532798667,0.4897959183673469,0.4752475247524752,0.4824120603015075,0.4815613458878536
RNaseP_SM-A1726,ArchiveII,RNaseP,338,centroid,4,98,89,0.5408163265306123,0.5955056179775281,0.5668449197860963,0.5667932713073022,0.47959183673469385,0.5280898876404494,0.5026737967914439,0.5024420520733203
RNaseP_B.pertussis,ArchiveII,RNaseP,414,mfe,12,126,138,0.6984126984126984,0.6376811594202898,0.6666666666666666,0.6668436376718921,0.626984126984127,0.572463768115942,0.5984848484848485,0.5984857280958739
RNaseP_B.pertussis,ArchiveII,RNaseP,414,mea,12,126,135,0.7063492063492064,0.6592592592592592,0.6819923371647509,0.6819135214658664,0.6349206349206349,0.5925925925925926,0.6130268199233716,0.6128014675115031
RNaseP_B.pertussis,ArchiveII,RNaseP,414,centroid,12,126,121,0.6984126984126984,0.7272727272727273,0.7125506072874493,0.7122813039920041,0.626984126984127,0.6528925619834711,0.6396761133603239,0.6392864262027685
5s_Staphylococcus-aureus-3,ArchiveII,5s,115,mfe,0,32,35,0.53125,0.4857142857142857,0.5074626865671642,0.5054498486791977,0.5,0.45714285714285713,0.47761194029850745,0.4754156397493864
5s_Staphylococcus-aureus-3,ArchiveII,5s,115,mea,0,32,36,0.5625,0.5,0.5294117647058824,0.5278903158129316,0.53125,0.4722222222222222,0.5,0.4982739151542951
5s_Staphylococcus-aureus-3,ArchiveII,5s,115,centroid,0,32,36,0.5625,0.5,0.5294117647058824,0.5278903158129316,0.53125,0.4722222222222222,0.5,0.4982739151542951
5s_Halobacterium-salinarum-1,ArchiveII,5s,121,mfe,0,32,39,0.5,0.41025641025641024,0.4507042253521127,0.45024650085319323,0.5,0.41025641025641024,0.4507042253521127,0.45024650085319323
5s_Halobacterium-salinarum-1,ArchiveII,5s,121,mea,0,32,39,0.5,0.41025641025641024,0.4507042253521127,0.45024650085319323,0.5,0.41025641025641024,0.4507042253521127,0.45024650085319323
5s_Halobacterium-salinarum-1,ArchiveII,5s,121,centroid,0,32,39,0.5,0.41025641025641024,0.4507042253521127,0.45024650085319323,0.5,0.41025641025641024,0.4507042253521127,0.45024650085319323
5s_Neurospora-crassa-9,ArchiveII,5s,120,mfe,0,35,36,0.9428571428571428,0.9166666666666666,0.9295774647887324,0.9293187492842641,0.8571428571428571,0.8333333333333334,0.8450704225352113,0.8443810141346271
5s_Neurospora-crassa-9,ArchiveII,5s,120,mea,0,35,36,0.9142857142857143,0.8888888888888888,0.9014084507042254,0.9010061709010517,0.8857142857142857,0.8611111111111112,0.8732394366197183,0.8726935925178394
5s_Neurospora-crassa-9,ArchiveII,5s,120,centroid,0,35,34,0.9142857142857143,0.9411764705882353,0.927536231884058,0.9272828021933734,0.8285714285714286,0.8529411764705882,0.8405797101449275,0.8398948941332649
tRNA_tdbR00000362-Saccharomyces_cerevisiae-4932-Arg-NCU,ArchiveII,tRNA,76,mfe,0,21,18,0.5238095238095238,0.6111111111111112,0.5641025641025641,0.5628079875287835,0.47619047619047616,0.5555555555555556,0.5128205128205128,0.5110191858867509
tRNA_tdbR00000362-Saccharomyces_cerevisiae-4932-Arg-NCU,ArchiveII,tRNA,76,mea,0,21,18,0.5238095238095238,0.6111111111111112,0.5641025641025641,0.5628079875287835,0.47619047619047616,0.5555555555555556,0.5128205128205128,0.5110191858867509
tRNA_tdbR00000362-Saccharomyces_cerevisiae-4932-Arg-NCU,ArchiveII,tRNA,76,centroid,0,21,12,0.5238095238095238,0.9166666666666666,0.6666666666666666,0.6913683903611567,0.47619047619047616,0.8333333333333334,0.6060606060606061,0.6280074053290229
RNaseP_A.truei,ArchiveII,RNaseP,320,mfe,4,47,103,0.2978723404255319,0.13592233009708737,0.18666666666666668,0.20014600583038364,0.2978723404255319,0.13592233009708737,0.18666666666666668,0.20014600583038364
RNaseP_A.truei,ArchiveII,RNaseP,320,mea,4,47,95,0.14893617021276595,0.07368421052631578,0.09859154929577464,0.10359296049722873,0.1276595744680851,0.06315789473684211,0.08450704225352113,0.08860667957442626
RNaseP_A.truei,ArchiveII,RNaseP,320,centroid,4,47,77,0.14893617021276595,0.09090909090909091,0.11290322580645161,0.11532145278859314,0.1276595744680851,0.07792207792207792,0.0967741935483871,0.09867837664977717
5s_Cryptosporidium-parvum-1,ArchiveII,5s,122,mfe,0,36,36,0.3055555555555556,0.3055555555555556,0.3055555555555556,0.3021518795855079,0.3333333333333333,0.3333333333333333,0.3333333333333333,0.3300658044020876
5s_Cryptosporidium-parvum-1,ArchiveII,5s,122,mea,0,36,32,0.3055555555555556,0.34375,0.3235294117647059,0.32097070094585783,0.3333333333333333,0.375,0.35294117647058826,0.35056983066613645
5s_Cryptosporidium-parvum-1,ArchiveII,5s,122,centroid,0,36,20,0.5,0.9,0.6428571428571429,0.6697260195121677,0.5,0.9,0.6428571428571429,0.6697260195121677
5s_Clostridium-innocuum-1,ArchiveII,5s,114,mfe,0,30,35,0.6666666666666666,0.5714285714285714,0.6153846153846154,0.6152872130710827,0.6333333333333333,0.5428571428571428,0.5846153846153846,0.5842700342388777
5s_Clostridium-innocuum-1,ArchiveII,5s,114,mea,0,30,35,0.6666666666666666,0.5714285714285714,0.6153846153846154,0.6152872130710827,0.6333333333333333,0.5428571428571428,0.5846153846153846,0.5842700342388777
5s_Clostridium-innocuum-1,ArchiveII,5s,114,centroid,0,30,35,0.6666666666666666,0.5714285714285714,0.6153846153846154,0.6152872130710827,0.6333333333333333,0.5428571428571428,0.5846153846153846,0.5842700342388777
RNaseP_M.phosphovorus-JCM9380,ArchiveII,RNaseP,306,mfe,4,87,99,0.7126436781609196,0.6262626262626263,0.6666666666666666,0.6673997656700665,0.6436781609195402,0.5656565656565656,0.6021505376344086,0.6026198450116352
RNaseP_M.phosphovorus-JCM9380,ArchiveII,RNaseP,306,mea,4,87,94,0.8160919540229885,0.7553191489361702,0.7845303867403315,0.7847016624162196,0.7471264367816092,0.6914893617021277,0.7182320441988951,0.7182247611107525
RNaseP_M.phosphovorus-JCM9380,ArchiveII,RNaseP,306,centroid,4,87,81,0.7471264367816092,0.8024691358024691,0.7738095238095238,0.7738976485832435,0.6551724137931034,0.7037037037037037,0.6785714285714286,0.6784269029202005
5s_Corynebacterium-diphtheriae-2,ArchiveII,5s,121,mfe,0,35,40,0.45714285714285713,0.4,0.4266666666666667,0.42465769413998455,0.42857142857142855,0.375,0.4,0.39779280341624557
5s_Corynebacterium-diphtheriae-2,ArchiveII,5s,121,mea,0,35,34,0.45714285714285713,0.47058823529411764,0.463768115942029,0.4612571872434815,0.42857142857142855,0.4411764705882353,0.43478260869565216,0.43213022212747143
5s_Corynebacterium-diphtheriae-2,ArchiveII,5s,121,centroid,0,35,28,0.45714285714285713,0.5714285714285714,0.5079365079365079,0.5089977961027973,0.42857142857142855,0.5357142857142857,0.47619047619047616,0.4769147608561719
RNaseP_EM14b-11,ArchiveII,RNaseP,349,mfe,4,95,101,0.5052631578947369,0.4752475247524752,0.4897959183673469,0.48920200392329555,0.4631578947368421,0.43564356435643564,0.4489795918367347,0.44830053215440513
RNaseP_EM14b-11,ArchiveII,RNaseP,349,mea,4,95,98,0.5052631578947369,0.4897959183673469,0.49740932642487046,0.49666977613143387,0.4631578947368421,0.4489795918367347,0.45595854922279794,0.45514800794205557
RNaseP_EM14b-11,ArchiveII,RNaseP,349,centroid,4,95,72,0.5052631578947369,0.6666666666666666,0.5748502994011976,0.5798163491127124,0.4421052631578947,0.5833333333333334,0.5029940119760479,0.5071688303654079
tmRNA_Chla.trac._TRW-272561_1-420,ArchiveII,tmRNA,420,mfe,28,93,125,0.6774193548387096,0.504,0.5779816513761468,0.5838088689120863,0.6559139784946236,0.488,0.5596330275229358,0.5652363055073832
tmRNA_Chla.trac._TRW-272561_1-420,ArchiveII,tmRNA,420,mea,28,93,123,0.6881720430107527,0.5203252032520326,0.5925925925925926,0.5979106030637187,0.6559139784946236,0.4959349593495935,0.5648148148148148,0.5698264962069266
tmRNA_Chla.trac._TRW-272561_1-420,ArchiveII,tmRNA,420,centroid,28,93,121,0.6881720430107527,0.5289256198347108,0.5981308411214953,0.6028448517981176,0.6559139784946236,0.5041322314049587,0.5700934579439252,0.574529918376183
RNaseP_C.limicola,ArchiveII,RNaseP,386,mfe,12,112,124,0.6875,0.6209677419354839,0.652542372881356,0.6528383210896788,0.5982142857142857,0.5403225806451613,0.5677966101694916,0.5678478225513822
RNaseP_C.limicola,ArchiveII,RNaseP,386,mea,12,112,114,0.6785714285714286,0.6666666666666666,0.672566371681416,0.6720941028903049,0.5892857142857143,0.5789473684210527,0.584070796460177,0.5834602715068986
RNaseP_C.limicola,ArchiveII,RNaseP,386,centroid,12,112,76,0.5,0.7368421052631579,0.5957446808510638,0.6065026104359099,0.42857142857142855,0.631578947368421,0.5106382978723404,0.5196817777011968
srp_Pedi.pent._CP000422,ArchiveII,srp,59,mfe,0,11,17,0.0,0.0,0.0,-0.008058229640253803,0.0,0.0,0.0,-0.008058229640253803
srp_Pedi.pent._CP000422,ArchiveII,srp,59,mea,0,11,16,0.0,0.0,0.0,-0.007815324623854576,0.0,0.0,0.0,-0.007815324623854576
srp_Pedi.pent._CP000422,ArchiveII,srp,59,centroid,0,11,13,0.0,0.0,0.0,-0.007038412486428094,0.0,0.0,0.0,-0.007038412486428094
5s_Salmonella-enterica-8,ArchiveII,5s,120,mfe,0,36,39,0.2777777777777778,0.2564102564102564,0.26666666666666666,0.2630137393805266,0.25,0.23076923076923078,0.24,0.2361848048817415
5s_Salmonella-enterica-8,ArchiveII,5s,120,mea,0,36,39,0.2777777777777778,0.2564102564102564,0.26666666666666666,0.2630137393805266,0.25,0.23076923076923078,0.24,0.2361848048817415
5s_Salmonella-enterica-8,ArchiveII,5s,120,centroid,0,36,37,0.2777777777777778,0.2702702702702703,0.273972602739726,0.27026837171927415,0.25,0.24324324324324326,0.2465753424657534,0.24272775154921625
tRNA_tdbR00000558-Triticum_aestivum-4565-Tyr-QPA,ArchiveII,tRNA,76,mfe,0,21,22,0.7619047619047619,0.7272727272727273,0.7441860465116279,0.7424464724268243,0.6190476190476191,0.5909090909090909,0.6046511627906976,0.6018129188965538
tRNA_tdbR00000558-Triticum_aestivum-4565-Tyr-QPA,ArchiveII,tRNA,76,mea,0,21,22,0.42857142857142855,0.4090909090909091,0.4186046511627907,0.41430151418952654,0.3333333333333333,0.3181818181818182,0.32558139534883723,0.3205458118360129
tRNA_tdbR00000558-Triticum_aestivum-4565-Tyr-QPA,ArchiveII,tRNA,76,centroid,0,21,17,0.42857142857142855,0.5294117647058824,0.47368421052631576,0.47285335519262567,0.3333333333333333,0.4117647058823529,0.3684210526315789,0.3662916928908834
5s_Auricularia-auricula-judae-1,ArchiveII,5s,118,mfe,0,34,40,0.7941176470588235,0.675,0.7297297297297297,0.7307146458521864,0.7941176470588235,0.675,0.7297297297297297,0.7307146458521864
5s_Auricularia-auricula-judae-1,ArchiveII,5s,118,mea,0,34,40,0.7941176470588235,0.675,0.7297297297297297,0.7307146458521864,0.7941176470588235,0.675,0.7297297297297297,0.7307146458521864
5s_Auricularia-auricula-judae-1,ArchiveII,5s,118,centroid,0,34,40,0.7941176470588235,0.675,0.7297297297297297,0.7307146458521864,0.7941176470588235,0.675,0.7297297297297297,0.7307146458521864
tRNA_tdbR00000204-Loligo_bleekeri-6617-Lys-CUU,ArchiveII,tRNA,76,mfe,0,21,24,0.7142857142857143,0.625,0.6666666666666666,0.6655302101167876,0.6666666666666666,0.5833333333333334,0.6222222222222222,0.6206322055996062
tRNA_tdbR00000204-Loligo_bleekeri-6617-Lys-CUU,ArchiveII,tRNA,76,mea,0,21,24,0.7142857142857143,0.625,0.6666666666666666,0.6655302101167876,0.6666666666666666,0.5833333333333334,0.6222222222222222,0.6206322055996062
tRNA_tdbR00000204-Loligo_bleekeri-6617-Lys-CUU,ArchiveII,tRNA,76,centroid,0,21,24,0.7142857142857143,0.625,0.6666666666666666,0.6655302101167876,0.6666666666666666,0.5833333333333334,0.6222222222222222,0.6206322055996062
grp1_a.I1.m.S.pombe.B1.OX1,ArchiveII,grp1,343,mfe,6,60,107,0.6166666666666667,0.34579439252336447,0.4431137724550898,0.46106937737672476,0.5166666666666667,0.2897196261682243,0.3712574850299401,0.3860795273218142
grp1_a.I1.m.S.pombe.B1.OX1,ArchiveII,grp1,343,mea,6,60,106,0.6333333333333333,0.3584905660377358,0.4578313253012048,0.4758050338522915,0.5166666666666667,0.29245283018867924,0.37349397590361444,0.3879059148812041
grp1_a.I1.m.S.pombe.B1.OX1,ArchiveII,grp1,343,centroid,6,60,104,0.6333333333333333,0.36538461538461536,0.4634146341463415,0.48037602756475745,0.5166666666666667,0.2980769230769231,0.3780487804878049,0.3916372652048585
srp_Gibb.moni._GSP-334819,ArchiveII,srp,298,mfe,0,79,100,0.6582278481012658,0.52,0.5810055865921788,0.5842187897807823,0.6329113924050633,0.5,0.5586592178770949,0.561671429953385
srp_Gibb.moni._GSP-334819,ArchiveII,srp,298,mea,0,79,97,0.6835443037974683,0.5567010309278351,0.6136363636363636,0.616118055779024,0.6329113924050633,0.5154639175257731,0.5681818181818182,0.5703328605335362
srp_Gibb.moni._GSP-334819,ArchiveII,srp,298,centroid,0,79,93,0.6835443037974683,0.5806451612903226,0.627906976744186,0.6292833912834509,0.6329113924050633,0.5376344086021505,0.5813953488372093,0.5825260516126407
5s_Euglena-gracilis-2,ArchiveII,5s,119,mfe,0,35,39,0.6,0.5384615384615384,0.5675675675675675,0.5661197803390776,0.5142857142857142,0.46153846153846156,0.4864864864864865,0.4844898005115769
5s_Euglena-gracilis-2,ArchiveII,5s,119,mea,0,35,39,0.6,0.5384615384615384,0.5675675675675675,0.5661197803390776,0.5142857142857142,0.46153846153846156,0.4864864864864865,0.4844898005115769
5s_Euglena-gracilis-2,ArchiveII,5s,119,centroid,0,35,37,0.6,0.5675675675675675,0.5833333333333334,0.581414211549583,0.5142857142857142,0.4864864864864865,0.5,0.49761905097133335
tmRNA_Syne.spec._TRW-1131_1-399,ArchiveII,tmRNA,399,mfe,28,76,122,0.14473684210526316,0.09016393442622951,0.1111111111111111,0.11316516797542986,0.15789473684210525,0.09836065573770492,0.12121212121212122,0.12356329547854811
tmRNA_Syne.spec._TRW-1131_1-399,ArchiveII,tmRNA,399,mea,28,76,114,0.14473684210526316,0.09649122807017543,0.11578947368421053,0.11714501410438405,0.15789473684210525,0.10526315789473684,0.12631578947368421,0.12790125987904669
tmRNA_Syne.spec._TRW-1131_1-399,ArchiveII,tmRNA,399,centroid,28,76,108,0.14473684210526316,0.10185185185185185,0.11956521739130435,0.12041397069801495,0.13157894736842105,0.09259259259259259,0.10869565217391304,0.10936339680102998
RNaseP_M.hyopneumoniae,ArchiveII,RNaseP,416,mfe,8,121,134,0.6198347107438017,0.5597014925373134,0.5882352941176471,0.5883951557084943,0.628099173553719,0.5671641791044776,0.596078431372549,0.5962601220980213
RNaseP_M.hyopneumoniae,ArchiveII,RNaseP,416,mea,8,121,130,0.6446280991735537,0.6,0.6215139442231076,0.6213643084228245,0.6446280991735537,0.6,0.6215139442231076,0.6213643084228245
RNaseP_M.hyopneumoniae,ArchiveII,RNaseP,416,centroid,8,121,127,0.6363636363636364,0.6062992125984252,0.6209677419354839,0.620604970683019,0.6446280991735537,0.6141732283464567,0.6290322580645161,0.6286834529094871
5s_Candidatus-Pelagibacter-ubique-1,ArchiveII,5s,119,mfe,0,33,38,0.36363636363636365,0.3157894736842105,0.3380281690140845,0.3355222997575758,0.3333333333333333,0.2894736842105263,0.30985915492957744,0.3071396632290096
5s_Candidatus-Pelagibacter-ubique-1,ArchiveII,5s,119,mea,0,33,36,0.36363636363636365,0.3333333333333333,0.34782608695652173,0.34494111852784193,0.3333333333333333,0.3055555555555556,0.3188405797101449,0.31578490653246516
5s_Candidatus-Pelagibacter-ubique-1,ArchiveII,5s,119,centroid,0,33,30,0.36363636363636365,0.4,0.38095238095238093,0.37860220775883946,0.3333333333333333,0.36666666666666664,0.3492063492063492,0.34667688647572337
srp_Hypo.jeco._GSP-334564-2,ArchiveII,srp,298,mfe,0,68,93,0.38235294117647056,0.27956989247311825,0.32298136645962733,0.32574259109931303,0.4411764705882353,0.3225806451612903,0.37267080745341613,0.3761338045324071
srp_Hypo.jeco._GSP-334564-2,ArchiveII,srp,298,mea,0,68,93,0.38235294117647056,0.27956989247311825,0.32298136645962733,0.32574259109931303,0.4411764705882353,0.3225806451612903,0.37267080745341613,0.3761338045324071
srp_Hypo.jeco._GSP-334564-2,ArchiveII,srp,298,centroid,0,68,92,0.38235294117647056,0.2826086956521739,0.325,0.3275239011198434,0.4411764705882353,0.32608695652173914,0.375,0.3781876660260724
5s_Symbiobacterium-thermophilum-4,ArchiveII,5s,110,mfe,0,29,34,0.2413793103448276,0.20588235294117646,0.2222222222222222,0.21883748416102877,0.27586206896551724,0.23529411764705882,0.25396825396825395,0.2508521921223106
5s_Symbiobacterium-thermophilum-4,ArchiveII,5s,110,mea,0,29,34,0.2413793103448276,0.20588235294117646,0.2222222222222222,0.21883748416102877,0.27586206896551724,0.23529411764705882,0.25396825396825395,0.2508521921223106
5s_Symbiobacterium-thermophilum-4,ArchiveII,5s,110,centroid,0,29,29,0.2413793103448276,0.2413793103448276,0.2413793103448276,0.23769174748864252,0.27586206896551724,0.27586206896551724,0.27586206896551724,0.27234212260279517
tmRNA_Acti.acti._TRW-272556_1-366,ArchiveII,tmRNA,366,mfe,24,76,107,0.32894736842105265,0.2336448598130841,0.273224043715847,0.2762590807498748,0.2894736842105263,0.205607476635514,0.24043715846994534,0.2429457610030405
tmRNA_Acti.acti._TRW-272556_1-366,ArchiveII,tmRNA,366,mea,24,76,104,0.32894736842105265,0.2403846153846154,0.2777777777777778,0.2802474029678686,0.2894736842105263,0.21153846153846154,0.24444444444444444,0.24645777857387116
tmRNA_Acti.acti._TRW-272556_1-366,ArchiveII,tmRNA,366,centroid,24,76,99,0.32894736842105265,0.25252525252525254,0.2857142857142857,0.287292095543789,0.2894736842105263,0.2222222222222222,0.25142857142857145,0.25266100586083867
srp_Rick.prow._AJ235273,ArchiveII,srp,99,mfe,0,35,32,0.8857142857142857,0.96875,0.9253731343283582,0.9257967104601806,0.8285714285714286,0.90625,0.8656716417910447,0.8656197071915125
srp_Rick.prow._AJ235273,ArchiveII,srp,99,mea,0,35,34,0.9428571428571428,0.9705882352941176,0.9565217391304348,0.9563122564548687,0.8857142857142857,0.9117647058823529,0.8985507246376812,0.8979198696780747
srp_Rick.prow._AJ235273,ArchiveII,srp,99,centroid,0,35,33,0.9142857142857143,0.9696969696969697,0.9411764705882353,0.941174571008193,0.8571428571428571,0.9090909090909091,0.8823529411764706,0.8819102052175722
srp_Pseu.puti._AE015451,ArchiveII,srp,100,mfe,0,32,34,0.96875,0.9117647058823529,0.9393939393939394,0.9394247932177079,0.84375,0.7941176470588235,0.8181818181818182,0.8173431002384177
srp_Pseu.puti._AE015451,ArchiveII,srp,100,mea,0,32,34,0.9375,0.8823529411764706,0.9090909090909091,0.9089043699728854,0.84375,0.7941176470588235,0.8181818181818182,0.8173431002384177
srp_Pseu.puti._AE015451,ArchiveII,srp,100,centroid,0,32,34,0.9375,0.8823529411764706,0.9090909090909091,0.9089043699728854,0.84375,0.7941176470588235,0.8181818181818182,0.8173431002384177
tmRNA_Myco.hyop._TRW-295358_1-424,ArchiveII,tmRNA,424,mfe,11,60,114,0.2,0.10526315789473684,0.13793103448275862,0.14431300645848869,0.23333333333333334,0.12280701754385964,0.16091954022988506,0.1685190329272851
tmRNA_Myco.hyop._TRW-295358_1-424,ArchiveII,tmRNA,424,mea,11,60,101,0.2,0.1188118811881188,0.14906832298136646,0.1534201436005738,0.23333333333333334,0.13861386138613863,0.17391304347826086,0.17913497764139621
tmRNA_Myco.hyop._TRW-295358_1-424,ArchiveII,tmRNA,424,centroid,11,60,89,0.2,0.1348314606741573,0.1610738255033557,0.16353514605495442,0.23333333333333334,0.15730337078651685,0.18791946308724833,0.19092693022118978
tmRNA_Esch.coli._D12501_1-363,ArchiveII,tmRNA,363,mfe,22,82,103,0.5853658536585366,0.46601941747572817,0.518918918918919,0.5216304297453014,0.4878048780487805,0.3883495145631068,0.43243243243243246,0.43445857098837454
tmRNA_Esch.coli._D12501_1-363,ArchiveII,tmRNA,363,mea,22,82,100,0.573170731707317,0.47,0.5164835164835165,0.5183678974845848,0.4878048780487805,0.4,0.43956043956043955,0.4409586150641586
tmRNA_Esch.coli._D12501_1-363,ArchiveII,tmRNA,363,centroid,22,82,89,0.573170731707317,0.5280898876404494,0.5497076023391813,0.549583722723347,0.4878048780487805,0.449438202247191,0.4678362573099415,0.4675369257855159
RNaseP_ESH210B,ArchiveII,RNaseP,327,mfe,4,92,103,0.6086956521739131,0.5436893203883495,0.5743589743589743,0.5744995758211555,0.5434782608695652,0.4854368932038835,0.5128205128205128,0.5127500139685316
RNaseP_ESH210B,ArchiveII,RNaseP,327,mea,4,92,97,0.6304347826086957,0.5979381443298969,0.6137566137566137,0.6132864985504869,0.5434782608695652,0.5154639175257731,0.5291005291005291,0.528450363969679
RNaseP_ESH210B,ArchiveII,RNaseP,327,centroid,4,92,80,0.6847826086956522,0.7875,0.7325581395348837,0.733922161952547,0.5978260869565217,0.6875,0.6395348837209303,0.6405209797671727
srp_Meth.acet._AE010299,ArchiveII,srp,316,mfe,0,97,100,0.8144329896907216,0.79,0.8020304568527918,0.8017313059745219,0.6907216494845361,0.67,0.6802030456852792,0.67964815085722
srp_Meth.acet._AE010299,ArchiveII,srp,316,mea,0,97,96,0.28865979381443296,0.2916666666666667,0.29015544041450775,0.2887803640577416,0.26804123711340205,0.2708333333333333,0.2694300518134715,0.2680144337921334
srp_Meth.acet._AE010299,ArchiveII,srp,316,centroid,0,97,81,0.27835051546391754,0.3333333333333333,0.30337078651685395,0.3033653522834561,0.26804123711340205,0.32098765432098764,0.29213483146067415,0.29206351784778634
5s_Methanospirillum-hungatei-1,ArchiveII,5s,126,mfe,0,35,38,0.6571428571428571,0.6052631578947368,0.6301369863013698,0.6289539295958845,0.5714285714285714,0.5263157894736842,0.547945205479452,0.5463096036318544
5s_Methanospirillum-hungatei-1,ArchiveII,5s,126,mea,0,35,36,0.6571428571428571,0.6388888888888888,0.647887323943662,0.6463578473794157,0.5714285714285714,0.5555555555555556,0.5633802816901409,0.5614597063050616
5s_Methanospirillum-hungatei-1,ArchiveII,5s,126,centroid,0,35,29,0.6571428571428571,0.7931034482758621,0.71875,0.720813018647964,0.5714285714285714,0.6896551724137931,0.625,0.62626408985135
tRNA_tdbR00000092-Oryctolagus_cuniculus-9986-Phe-AA,ArchiveII,tRNA,76,mfe,0,21,22,0.3333333333333333,0.3181818181818182,0.32558139534883723,0.3205458118360129,0.3333333333333333,0.3181818181818182,0.32558139534883723,0.3205458118360129
tRNA_tdbR00000092-Oryctolagus_cuniculus-9986-Phe-AA,ArchiveII,tRNA,76,mea,0,21,21,0.3333333333333333,0.3333333333333333,0.3333333333333333,0.328384588193708,0.2857142857142857,0.2857142857142857,0.2857142857142857,0.2804120587789729
tRNA_tdbR00000092-Oryctolagus_cuniculus-9986-Phe-AA,ArchiveII,tRNA,76,centroid,0,21,14,0.3333333333333333,0.5,0.4,0.4047174138690496,0.2857142857142857,0.42857142857142855,0.34285714285714286,0.34603585966031986
5s_Brucella-suis-2,ArchiveII,5s,119,mfe,0,34,40,0.6470588235294118,0.55,0.5945945945945946,0.5944388963536308,0.6176470588235294,0.525,0.5675675675675675,0.5671789291990617
5s_Brucella-suis-2,ArchiveII,5s,119,mea,0,34,36,0.6470588235294118,0.6111111111111112,0.6285714285714286,0.6269706188402506,0.6176470588235294,0.5833333333333334,0.6,0.598244319130796
5s_Brucella-suis-2,ArchiveII,5s,119,centroid,0,34,36,0.6470588235294118,0.6111111111111112,0.6285714285714286,0.6269706188402506,0.6176470588235294,0.5833333333333334,0.6,0.598244319130796
5s_Bacillus-anthracis-5,ArchiveII,5s,119,mfe,0,33,38,0.36363636363636365,0.3157894736842105,0.3380281690140845,0.3355222997575758,0.36363636363636365,0.3157894736842105,0.3380281690140845,0.3355222997575758
5s_Bacillus-anthracis-5,ArchiveII,5s,119,mea,0,33,30,0.7272727272727273,0.8,0.7619047619047619,0.7617060631562325,0.696969696969697,0.7666666666666667,0.7301587301587301,0.7297807418731164
5s_Bacillus-anthracis-5,ArchiveII,5s,119,centroid,0,33,22,0.6060606060606061,0.9090909090909091,0.7272727272727273,0.7413358420403698,0.5757575757575758,0.8636363636363636,0.6909090909090909,0.7040764110915428
srp_Ther.ther._AE017221,ArchiveII,srp,105,mfe,0,35,36,0.9714285714285714,0.9444444444444444,0.9577464788732394,0.9575662405064495,0.9142857142857143,0.8888888888888888,0.9014084507042254,0.9008538891324912
srp_Ther.ther._AE017221,ArchiveII,srp,105,mea,0,35,36,0.9714285714285714,0.9444444444444444,0.9577464788732394,0.9575662405064495,0.9142857142857143,0.8888888888888888,0.9014084507042254,0.9008538891324912
srp_Ther.ther._AE017221,ArchiveII,srp,105,centroid,0,35,36,0.9714285714285714,0.9444444444444444,0.9577464788732394,0.9575662405064495,0.9142857142857143,0.8888888888888888,0.9014084507042254,0.9008538891324912
5s_Photobacterium-angustum-1,ArchiveII,5s,120,mfe,0,36,36,0.5833333333333334,0.5833333333333334,0.5833333333333334,0.5812218468468469,0.5833333333333334,0.5833333333333334,0.5833333333333334,0.5812218468468469
5s_Photobacterium-angustum-1,ArchiveII,5s,120,mea,0,36,34,0.5833333333333334,0.6176470588235294,0.6,0.5982778287747805,0.5833333333333334,0.6176470588235294,0.6,0.5982778287747805
5s_Photobacterium-angustum-1,ArchiveII,5s,120,centroid,0,36,34,0.5833333333333334,0.6176470588235294,0.6,0.5982778287747805,0.5833333333333334,0.6176470588235294,0.6,0.5982778287747805
tRNA_tdbR00000406-Saccharomyces_cerevisiae-4932-Ser-NGA,ArchiveII,tRNA,85,mfe,0,20,28,0.3,0.21428571428571427,0.25,0.24858895897191652,0.25,0.17857142857142858,0.20833333333333334,0.20604521095994424
tRNA_tdbR00000406-Saccharomyces_cerevisiae-4932-Ser-NGA,ArchiveII,tRNA,85,mea,0,20,22,0.0,0.0,0.0,-0.005910447392531696,0.0,0.0,0.0,-0.005910447392531696
tRNA_tdbR00000406-Saccharomyces_cerevisiae-4932-Ser-NGA,ArchiveII,tRNA,85,centroid,0,20,12,0.0,0.0,0.0,-0.004359016093672417,0.0,0.0,0.0,-0.004359016093672417
5s_Streptomyces-purpureus-1,ArchiveII,5s,120,mfe,0,33,38,0.48484848484848486,0.42105263157894735,0.4507042253521127,0.4490992955156806,0.5454545454545454,0.47368421052631576,0.5070422535211268,0.505859760882752
5s_Streptomyces-purpureus-1,ArchiveII,5s,120,mea,0,33,32,0.48484848484848486,0.5,0.49230769230769234,0.49004528137455544,0.5454545454545454,0.5625,0.5538461538461539,0.5518724532188855
5s_Streptomyces-purpureus-1,ArchiveII,5s,120,centroid,0,33,26,0.48484848484848486,0.6153846153846154,0.5423728813559322,0.5443777689605908,0.45454545454545453,0.5769230769230769,0.5084745762711864,0.5100966902145939
5s_Candidatus-Tremblaya-princeps-2,ArchiveII,5s,117,mfe,0,30,35,0.23333333333333334,0.2,0.2153846153846154,0.2122662235445758,0.2,0.17142857142857143,0.18461538461538463,0.18125704002237028
5s_Candidatus-Tremblaya-princeps-2,ArchiveII,5s,117,mea,0,30,34,0.26666666666666666,0.23529411764705882,0.25,0.24694786052747866,0.23333333333333334,0.20588235294117646,0.21875,0.21548829415480708
5s_Candidatus-Tremblaya-princeps-2,ArchiveII,5s,117,centroid,0,30,30,0.26666666666666666,0.26666666666666666,0.26666666666666666,0.2634103019538188,0.23333333333333334,0.23333333333333334,0.23333333333333334,0.22992895204262878
tmRNA_Cyan.para._U30821_1-291,ArchiveII,tmRNA,291,mfe,4,38,80,0.7894736842105263,0.375,0.5084745762711864,0.543560599713267,0.7631578947368421,0.3625,0.4915254237288136,0.5253982954039083
tmRNA_Cyan.para._U30821_1-291,ArchiveII,tmRNA,291,mea,4,38,67,0.7894736842105263,0.44776119402985076,0.5714285714285714,0.5940984260667417,0.7631578947368421,0.43283582089552236,0.5523809523809524,0.5742552346513056
tmRNA_Cyan.para._U30821_1-291,ArchiveII,tmRNA,291,centroid,4,38,62,0.7894736842105263,0.4838709677419355,0.6,0.617645810990332,0.7631578947368421,0.46774193548387094,0.58,0.5970192270930305
5s_Pirellula-sp.-1,ArchiveII,5s,111,mfe,0,30,34,0.9333333333333333,0.8235294117647058,0.875,0.8760747349866768,0.8333333333333334,0.7352941176470589,0.78125,0.7816461287526785
5s_Pirellula-sp.-1,ArchiveII,5s,111,mea,0,30,33,0.9,0.8181818181818182,0.8571428571428571,0.8573863653542885,0.8,0.7272727272727273,0.7619047619047619,0.7615455933962562
5s_Pirellula-sp.-1,ArchiveII,5s,111,centroid,0,30,32,0.8666666666666667,0.8125,0.8387096774193549,0.838328107249878,0.7666666666666667,0.71875,0.7419354838709677,0.7410093566364438
tmRNA_Geob.stea._TRW-1422_1-352,ArchiveII,tmRNA,352,mfe,22,75,108,0.6533333333333333,0.4537037037037037,0.5355191256830601,0.5437930306647433,0.6,0.4166666666666667,0.4918032786885246,0.4992826577473128
tmRNA_Geob.stea._TRW-1422_1-352,ArchiveII,tmRNA,352,mea,22,75,104,0.5866666666666667,0.4230769230769231,0.49162011173184356,0.4974930253156605,0.5466666666666666,0.3942307692307692,0.4581005586592179,0.46347542924826063
tmRNA_Geob.stea._TRW-1422_1-352,ArchiveII,tmRNA,352,centroid,22,75,70,0.5866666666666667,0.6285714285714286,0.6068965517241379,0.6067969295366037,0.56,0.6,0.5793103448275863,0.5791618747802784
5s_Cryptococcus-humicola-1,ArchiveII,5s,118,mfe,0,35,37,0.9142857142857143,0.8648648648648649,0.8888888888888888,0.8886533582440403,0.7714285714285715,0.7297297297297297,0.75,0.7489824521015681
5s_Cryptococcus-humicola-1,ArchiveII,5s,118,mea,0,35,35,0.8857142857142857,0.8857142857142857,0.8857142857142857,0.885131874531991,0.7428571428571429,0.7428571428571429,0.7428571428571429,0.7415467176969798
5s_Cryptococcus-humicola-1,ArchiveII,5s,118,centroid,0,35,35,0.8857142857142857,0.8857142857142857,0.8857142857142857,0.885131874531991,0.7428571428571429,0.7428571428571429,0.7428571428571429,0.7415467176969798
grp1_a.I1.e.P.carinii.Pc3.C1.LSU.1921,ArchiveII,grp1,381,mfe,6,102,128,0.8823529411764706,0.703125,0.782608695652174,0.7873298915560659,0.8431372549019608,0.671875,0.7478260869565218,0.7522671876741829
grp1_a.I1.e.P.carinii.Pc3.C1.LSU.1921,ArchiveII,grp1,381,mea,6,102,124,0.8725490196078431,0.717741935483871,0.7876106194690266,0.7910503354885001,0.8431372549019608,0.6935483870967742,0.7610619469026548,0.7643332678524435
grp1_a.I1.e.P.carinii.Pc3.C1.LSU.1921,ArchiveII,grp1,381,centroid,6,102,122,0.8725490196078431,0.7295081967213115,0.7946428571428571,0.7975222622652329,0.8333333333333334,0.6967213114754098,0.7589285714285714,0.7616091995301111
srp_Shew.onei._AE014299,ArchiveII,srp,114,mfe,0,28,35,0.5357142857142857,0.42857142857142855,0.47619047619047616,0.47662820347304635,0.8214285714285714,0.6571428571428571,0.7301587301587301,0.73343479173633
srp_Shew.onei._AE014299,ArchiveII,srp,114,mea,0,28,35,0.6785714285714286,0.5428571428571428,0.6031746031746031,0.6050314976046882,0.8214285714285714,0.6571428571428571,0.7301587301587301,0.73343479173633
srp_Shew.onei._AE014299,ArchiveII,srp,114,centroid,0,28,35,0.6785714285714286,0.5428571428571428,0.6031746031746031,0.6050314976046882,0.8214285714285714,0.6571428571428571,0.7301587301587301,0.73343479173633
tmRNA_Baci.cere._TRW-226900_1-355,ArchiveII,tmRNA,355,mfe,21,77,104,0.37662337662337664,0.27884615384615385,0.32044198895027626,0.3231090729873536,0.36363636363636365,0.2692307692307692,0.30939226519337015,0.311918200831552
tmRNA_Baci.cere._TRW-226900_1-355,ArchiveII,tmRNA,355,mea,21,77,99,0.37662337662337664,0.29292929292929293,0.32954545454545453,0.3312249720236583,0.36363636363636365,0.2828282828282828,0.3181818181818182,0.3197554399651534
tmRNA_Baci.cere._TRW-226900_1-355,ArchiveII,tmRNA,355,centroid,21,77,91,0.37662337662337664,0.31868131868131866,0.34523809523809523,0.3455729096964971,0.36363636363636365,0.3076923076923077,0.3333333333333333,0.3336106035691666
RNaseP_G.gorilla,ArchiveII,RNaseP,320,mfe,4,51,107,0.3333333333333333,0.1588785046728972,0.21518987341772153,0.22903652758258702,0.35294117647058826,0.16822429906542055,0.22784810126582278,0.24259453330479028
RNaseP_G.gorilla,ArchiveII,RNaseP,320,mea,4,51,103,0.3333333333333333,0.1650485436893204,0.22077922077922077,0.23348754309433287,0.35294117647058826,0.17475728155339806,0.23376623376623376,0.24730576098353943
RNaseP_G.gorilla,ArchiveII,RNaseP,320,centroid,4,51,86,0.3333333333333333,0.19767441860465115,0.24817518248175183,0.2557390338659293,0.35294117647058826,0.20930232558139536,0.26277372262773724,0.27085893541571077
5s_Helix-pomatia-1,ArchiveII,5s,119,mfe,0,36,42,0.8333333333333334,0.7142857142857143,0.7692307692307693,0.7702571115254458,0.8055555555555556,0.6904761904761905,0.7435897435897436,0.7443962330739489
5s_Helix-pomatia-1,ArchiveII,5s,119,mea,0,36,40,0.8333333333333334,0.75,0.7894736842105263,0.7894373130733434,0.7777777777777778,0.7,0.7368421052631579,0.7364458758623109
5s_Helix-pomatia-1,ArchiveII,5s,119,centroid,0,36,40,0.8333333333333334,0.75,0.7894736842105263,0.7894373130733434,0.7777777777777778,0.7,0.7368421052631579,0.7364458758623109
RNaseP_L.borgpetersenii,ArchiveII,RNaseP,336,mfe,4,93,103,0.5376344086021505,0.4854368932038835,0.5102040816326531,0.5100185006722661,0.4731182795698925,0.42718446601941745,0.4489795918367347,0.4486072334955437
RNaseP_L.borgpetersenii,ArchiveII,RNaseP,336,mea,4,93,92,0.6451612903225806,0.6521739130434783,0.6486486486486487,0.6480797443068395,0.5698924731182796,0.5760869565217391,0.572972972972973,0.5722783783526145
RNaseP_L.borgpetersenii,ArchiveII,RNaseP,336,centroid,4,93,77,0.5698924731182796,0.6883116883116883,0.6235294117647059,0.6257510284598139,0.5053763440860215,0.6103896103896104,0.5529411764705883,0.5547408128786608
RNaseP_DU1,ArchiveII,RNaseP,294,mfe,4,81,87,0.48148148148148145,0.4482758620689655,0.4642857142857143,0.46353709722736297,0.4074074074074074,0.3793103448275862,0.39285714285714285,0.39192326188109594
RNaseP_DU1,ArchiveII,RNaseP,294,mea,4,81,73,0.5679012345679012,0.6301369863013698,0.5974025974025974,0.5974931443609997,0.49382716049382713,0.547945205479452,0.5194805194805194,0.5193259695195228
RNaseP_DU1,ArchiveII,RNaseP,294,centroid,4,81,55,0.5185185185185185,0.7636363636363637,0.6176470588235294,0.628696143061376,0.4444444444444444,0.6545454545454545,0.5294117647058824,0.5386606769992006
5s_Nadsonia-fulvescens-1,ArchiveII,5s,121,mfe,0,36,37,0.8888888888888888,0.8648648648648649,0.8767123287671232,0.8761725241840502,0.75,0.7297297297297297,0.7397260273972602,0.7384811175833567
5s_Nadsonia-fulvescens-1,ArchiveII,5s,121,mea,0,36,37,0.8888888888888888,0.8648648648648649,0.8767123287671232,0.8761725241840502,0.75,0.7297297297297297,0.7397260273972602,0.7384811175833567
5s_Nadsonia-fulvescens-1,ArchiveII,5s,121,centroid,0,36,36,0.8611111111111112,0.8611111111111112,0.8611111111111112,0.8604189737910668,0.7222222222222222,0.7222222222222222,0.7222222222222222,0.7208379475821336
srp_Urea.parv._AE002112,ArchiveII,srp,102,mfe,0,34,35,0.9705882352941176,0.9428571428571428,0.9565217391304348,0.9563304298657419,0.9117647058823529,0.8857142857142857,0.8985507246376812,0.8979623927523731
srp_Urea.parv._AE002112,ArchiveII,srp,102,mea,0,34,35,0.9705882352941176,0.9428571428571428,0.9565217391304348,0.9563304298657419,0.9117647058823529,0.8857142857142857,0.8985507246376812,0.8979623927523731
srp_Urea.parv._AE002112,ArchiveII,srp,102,centroid,0,34,35,0.9705882352941176,0.9428571428571428,0.9565217391304348,0.9563304298657419,0.9117647058823529,0.8857142857142857,0.8985507246376812,0.8979623927523731
5s_Saprolegnia-ferax-1,ArchiveII,5s,118,mfe,0,37,37,0.918918918918919,0.918918918918919,0.918918918918919,0.918481983294101,0.7837837837837838,0.7837837837837838,0.7837837837837838,0.7826186221176026
5s_Saprolegnia-ferax-1,ArchiveII,5s,118,mea,0,37,37,0.918918918918919,0.918918918918919,0.918918918918919,0.918481983294101,0.7837837837837838,0.7837837837837838,0.7837837837837838,0.7826186221176026
5s_Saprolegnia-ferax-1,ArchiveII,5s,118,centroid,0,37,37,0.918918918918919,0.918918918918919,0.918918918918919,0.918481983294101,0.7837837837837838,0.7837837837837838,0.7837837837837838,0.7826186221176026
tRNA_tdbR00000080-Bos_taurus-9913-Phe-GAA,ArchiveII,tRNA,70,mfe,0,19,19,1.0,1.0,1.0,1.0,0.7894736842105263,0.7894736842105263,0.7894736842105263,0.7878042351287233
tRNA_tdbR00000080-Bos_taurus-9913-Phe-GAA,ArchiveII,tRNA,70,mea,0,19,19,1.0,1.0,1.0,1.0,0.7894736842105263,0.7894736842105263,0.7894736842105263,0.7878042351287233
tRNA_tdbR00000080-Bos_taurus-9913-Phe-GAA,ArchiveII,tRNA,70,centroid,0,19,19,1.0,1.0,1.0,1.0,0.7894736842105263,0.7894736842105263,0.7894736842105263,0.7878042351287233
tmRNA_envi.sequ._TRW-300695-2_1-345,ArchiveII,tmRNA,345,mfe,21,59,94,0.5423728813559322,0.3404255319148936,0.41830065359477125,0.4289928201279183,0.6271186440677966,0.39361702127659576,0.48366013071895425,0.49621929455448716
tmRNA_envi.sequ._TRW-300695-2_1-345,ArchiveII,tmRNA,345,mea,21,59,91,0.5423728813559322,0.3516483516483517,0.4266666666666667,0.4360365126074127,0.6271186440677966,0.4065934065934066,0.49333333333333335,0.5043604005017103
tmRNA_envi.sequ._TRW-300695-2_1-345,ArchiveII,tmRNA,345,centroid,21,59,88,0.5423728813559322,0.36363636363636365,0.43537414965986393,0.4434368878584721,0.6101694915254238,0.4090909090909091,0.4897959183673469,0.49901847241838215
srp_Zymo.mobi._AE008692,ArchiveII,srp,103,mfe,0,28,30,0.25,0.23333333333333334,0.2413793103448276,0.2373157165678583,0.2857142857142857,0.26666666666666666,0.27586206896551724,0.2720105332757417
srp_Zymo.mobi._AE008692,ArchiveII,srp,103,mea,0,28,30,0.25,0.23333333333333334,0.2413793103448276,0.2373157165678583,0.2857142857142857,0.26666666666666666,0.27586206896551724,0.2720105332757417
srp_Zymo.mobi._AE008692,ArchiveII,srp,103,centroid,0,28,30,0.25,0.23333333333333334,0.2413793103448276,0.2373157165678583,0.2857142857142857,0.26666666666666666,0.27586206896551724,0.2720105332757417
srp_Stre.muta._AE014133,ArchiveII,srp,73,mfe,0,24,26,0.7083333333333334,0.6538461538461539,0.68,0.6774842443298904,0.75,0.6923076923076923,0.72,0.7179007655797531
srp_Stre.muta._AE014133,ArchiveII,srp,73,mea,0,24,24,0.6666666666666666,0.6666666666666666,0.6666666666666666,0.663594470046083,0.75,0.75,0.75,0.7476958525345622
srp_Stre.muta._AE014133,ArchiveII,srp,73,centroid,0,24,24,0.6666666666666666,0.6666666666666666,0.6666666666666666,0.663594470046083,0.75,0.75,0.75,0.7476958525345622
5s_Burkholderia-caryophylli-1,ArchiveII,5s,116,mfe,0,31,32,0.5806451612903226,0.5625,0.5714285714285714,0.5694679206353088,0.4838709677419355,0.46875,0.47619047619047616,0.4737658588562202
5s_Burkholderia-caryophylli-1,ArchiveII,5s,116,mea,0,31,29,0.8387096774193549,0.896551724137931,0.8666666666666667,0.8665508378636018,0.7419354838709677,0.7931034482758621,0.7666666666666667,0.7660431763867341
5s_Burkholderia-caryophylli-1,ArchiveII,5s,116,centroid,0,31,21,0.6451612903225806,0.9523809523809523,0.7692307692307693,0.7830892517751059,0.5483870967741935,0.8095238095238095,0.6538461538461539,0.6650498245250335
srp_Plas.know._GSP-5851,ArchiveII,srp,302,mfe,0,101,101,0.5742574257425742,0.5742574257425742,0.5742574257425742,0.5733092449266978,0.5445544554455446,0.5445544554455446,0.5445544554455446,0.5435401224797232
srp_Plas.know._GSP-5851,ArchiveII,srp,302,mea,0,101,97,0.7326732673267327,0.7628865979381443,0.7474747474747475,0.7470768601611526,0.693069306930693,0.7216494845360825,0.7070707070707071,0.7065763553316114
srp_Plas.know._GSP-5851,ArchiveII,srp,302,centroid,0,101,86,0.7128712871287128,0.8372093023255814,0.7700534759358288,0.7720806342281686,0.6633663366336634,0.7790697674418605,0.7165775401069518,0.7183212319476507
srp_Shew.balt._CP000753,ArchiveII,srp,93,mfe,0,19,26,0.0,0.0,0.0,-0.00522291582383013,0.0,0.0,0.0,-0.00522291582383013
srp_Shew.balt._CP000753,ArchiveII,srp,93,mea,0,19,26,0.0,0.0,0.0,-0.00522291582383013,0.0,0.0,0.0,-0.00522291582383013
srp_Shew.balt._CP000753,ArchiveII,srp,93,centroid,0,19,22,0.0,0.0,0.0,-0.004802125559406351,0.0,0.0,0.0,-0.004802125559406351
5s_Lactobacillus-acidophilus-1,ArchiveII,5s,117,mfe,0,30,33,0.16666666666666666,0.15151515151515152,0.15873015873015872,0.15499325617094678,0.16666666666666666,0.15151515151515152,0.15873015873015872,0.15499325617094678
5s_Lactobacillus-acidophilus-1,ArchiveII,5s,117,mea,0,30,32,0.16666666666666666,0.15625,0.16129032258064516,0.15752808083354514,0.13333333333333333,0.125,0.12903225806451613,0.12510510368654978
5s_Lactobacillus-acidophilus-1,ArchiveII,5s,117,centroid,0,30,30,0.16666666666666666,0.16666666666666666,0.16666666666666666,0.16296625222024866,0.13333333333333333,0.13333333333333333,0.13333333333333333,0.12948490230905862
srp_Fuso.nucl._AE009951,ArchiveII,srp,99,mfe,0,16,35,0.6875,0.3142857142857143,0.43137254901960786,0.4623881077938133,0.8125,0.37142857142857144,0.5098039215686274,0.5473503134682433
srp_Fuso.nucl._AE009951,ArchiveII,srp,99,mea,0,16,35,0.625,0.2857142857142857,0.39215686274509803,0.41990700495659833,0.8125,0.37142857142857144,0.5098039215686274,0.5473503134682433
srp_Fuso.nucl._AE009951,ArchiveII,srp,99,centroid,0,16,34,0.625,0.29411764705882354,0.4,0.42613527971096926,0.8125,0.38235294117647056,0.52,0.5554257505785366
tRNA_tdbR00000202-Drosophila_melanogaster-7227-Lys-UU,ArchiveII,tRNA,76,mfe,0,21,25,0.6666666666666666,0.56,0.6086956521739131,0.6078763055036929,0.6190476190476191,0.52,0.5652173913043478,0.5638776395815208
tRNA_tdbR00000202-Drosophila_melanogaster-7227-Lys-UU,ArchiveII,tRNA,76,mea,0,21,25,0.6666666666666666,0.56,0.6086956521739131,0.6078763055036929,0.6190476190476191,0.52,0.5652173913043478,0.5638776395815208
tRNA_tdbR00000202-Drosophila_melanogaster-7227-Lys-UU,ArchiveII,tRNA,76,centroid,0,21,25,0.6666666666666666,0.56,0.6086956521739131,0.6078763055036929,0.6190476190476191,0.52,0.5652173913043478,0.5638776395815208
5s_Pseudonocardia-halophobica-1,ArchiveII,5s,118,mfe,0,35,37,1.0,0.9459459459459459,0.9722222222222222,0.9724559019295237,0.9142857142857143,0.8648648648648649,0.8888888888888888,0.8886533582440403
5s_Pseudonocardia-halophobica-1,ArchiveII,5s,118,mea,0,35,33,0.9142857142857143,0.9696969696969697,0.9411764705882353,0.9412968225638648,0.8285714285714286,0.8787878787878788,0.8529411764705882,0.8525864048517625
5s_Pseudonocardia-halophobica-1,ArchiveII,5s,118,centroid,0,35,24,0.6571428571428571,0.9583333333333334,0.7796610169491526,0.7927649567953339,0.6,0.875,0.711864406779661,0.723462213198424
5s_Herpetosiphon-aurantiacus-1,ArchiveII,5s,117,mfe,0,33,36,0.8181818181818182,0.75,0.782608695652174,0.7822472242295031,0.7878787878787878,0.7222222222222222,0.7536231884057971,0.7530860254225691
5s_Herpetosiphon-aurantiacus-1,ArchiveII,5s,117,mea,0,33,33,0.7575757575757576,0.7575757575757576,0.7575757575757576,0.7563910989055369,0.7272727272727273,0.7272727272727273,0.7272727272727273,0.725939986268729
5s_Herpetosiphon-aurantiacus-1,ArchiveII,5s,117,centroid,0,33,30,0.7575757575757576,0.8333333333333334,0.7936507936507936,0.7935993499026074,0.7272727272727273,0.8,0.7619047619047619,0.7616690452160243
srp_Agro.tume._AE007951,ArchiveII,srp,103,mfe,0,28,32,0.25,0.21875,0.23333333333333334,0.22946577054728173,0.32142857142857145,0.28125,0.3,0.29666486142866827
srp_Agro.tume._AE007951,ArchiveII,srp,103,mea,0,28,32,0.25,0.21875,0.23333333333333334,0.22946577054728173,0.35714285714285715,0.3125,0.3333333333333333,0.33026440686936154
srp_Agro.tume._AE007951,ArchiveII,srp,103,centroid,0,28,30,0.25,0.23333333333333334,0.2413793103448276,0.2373157165678583,0.35714285714285715,0.3333333333333333,0.3448275862068966,0.3414001666915086
RNaseP_M.maripaludus,ArchiveII,RNaseP,233,mfe,8,57,71,0.6842105263157895,0.5492957746478874,0.609375,0.6121488039253576,0.6140350877192983,0.49295774647887325,0.546875,0.5491223322122613
RNaseP_M.maripaludus,ArchiveII,RNaseP,233,mea,8,57,69,0.7017543859649122,0.5797101449275363,0.6349206349206349,0.636984282664623,0.6842105263157895,0.5652173913043478,0.6190476190476191,0.6210015320448519
RNaseP_M.maripaludus,ArchiveII,RNaseP,233,centroid,8,57,66,0.6842105263157895,0.5909090909090909,0.6341463414634146,0.6350264252260166,0.631578947368421,0.5454545454545454,0.5853658536585366,0.586003277583822
5s_Secale-cereale-2,ArchiveII,5s,120,mfe,0,34,39,0.8823529411764706,0.7692307692307693,0.821917808219178,0.8229595718686658,0.8529411764705882,0.7435897435897436,0.7945205479452054,0.7953567112884997
5s_Secale-cereale-2,ArchiveII,5s,120,mea,0,34,39,0.9117647058823529,0.7948717948717948,0.8493150684931506,0.8505624324488318,0.8529411764705882,0.7435897435897436,0.7945205479452054,0.7953567112884997
5s_Secale-cereale-2,ArchiveII,5s,120,centroid,0,34,38,0.8823529411764706,0.7894736842105263,0.8333333333333334,0.8337921229824232,0.8529411764705882,0.7631578947368421,0.8055555555555556,0.8058303941695345
tmRNA_Ther.teng._AE013063_1-351,ArchiveII,tmRNA,351,mfe,24,78,113,0.7307692307692307,0.504424778761062,0.5968586387434555,0.6065539258562217,0.7948717948717948,0.5486725663716814,0.6492146596858639,0.6598946908688711
tmRNA_Ther.teng._AE013063_1-351,ArchiveII,tmRNA,351,mea,24,78,112,0.7307692307692307,0.5089285714285714,0.6,0.609264377119115,0.7948717948717948,0.5535714285714286,0.6526315789473685,0.662842304443355
tmRNA_Ther.teng._AE013063_1-351,ArchiveII,tmRNA,351,centroid,24,78,106,0.717948717948718,0.5283018867924528,0.6086956521739131,0.6153095030227235,0.7307692307692307,0.5377358490566038,0.6195652173913043,0.6263236466248145
srp_Sorg.bico._BE594178,ArchiveII,srp,305,mfe,0,88,106,0.5,0.41509433962264153,0.4536082474226804,0.4544410012905051,0.5795454545454546,0.4811320754716981,0.5257731958762887,0.5270705615880038
srp_Sorg.bico._BE594178,ArchiveII,srp,305,mea,0,88,100,0.5340909090909091,0.47,0.5,0.5000120417458577,0.5795454545454546,0.51,0.5425531914893617,0.5427388186159625
srp_Sorg.bico._BE594178,ArchiveII,srp,305,centroid,0,88,93,0.5227272727272727,0.4946236559139785,0.5082872928176796,0.5075207115810879,0.5795454545454546,0.5483870967741935,0.56353591160221,0.562898526499208
tRNA_tdbR00000019-Mycoplasma_capricolum-2095-Cys-GCA,ArchiveII,tRNA,75,mfe,0,19,25,0.8421052631578947,0.64,0.7272727272727273,0.732080791390554,0.6842105263157895,0.52,0.5909090909090909,0.5933312731588782
tRNA_tdbR00000019-Mycoplasma_capricolum-2095-Cys-GCA,ArchiveII,tRNA,75,mea,0,19,25,0.8421052631578947,0.64,0.7272727272727273,0.732080791390554,0.6842105263157895,0.52,0.5909090909090909,0.5933312731588782
tRNA_tdbR00000019-Mycoplasma_capricolum-2095-Cys-GCA,ArchiveII,tRNA,75,centroid,0,19,25,0.8421052631578947,0.64,0.7272727272727273,0.732080791390554,0.6842105263157895,0.52,0.5909090909090909,0.5933312731588782
srp_Lact.plan._AL935253,ArchiveII,srp,84,mfe,0,26,29,0.8076923076923077,0.7241379310344828,0.7636363636363637,0.7629164273272785,0.7692307692307693,0.6896551724137931,0.7272727272727273,0.7262089980546167
srp_Lact.plan._AL935253,ArchiveII,srp,84,mea,0,26,29,0.8076923076923077,0.7241379310344828,0.7636363636363637,0.7629164273272785,0.7692307692307693,0.6896551724137931,0.7272727272727273,0.7262089980546167
srp_Lact.plan._AL935253,ArchiveII,srp,84,centroid,0,26,23,0.7692307692307693,0.8695652173913043,0.8163265306122449,0.8165850197237156,0.7307692307692307,0.8260869565217391,0.7755102040816326,0.7754025397787361
5s_Oerskovia-turbata-1,ArchiveII,5s,120,mfe,0,35,37,1.0,0.9459459459459459,0.9722222222222222,0.9724606263585178,0.9142857142857143,0.8648648648648649,0.8888888888888888,0.888672663056897
5s_Oerskovia-turbata-1,ArchiveII,5s,120,mea,0,35,36,0.9714285714285714,0.9444444444444444,0.9577464788732394,0.9576313276674764,0.8857142857142857,0.8611111111111112,0.8732394366197183,0.8726935925178394
5s_Oerskovia-turbata-1,ArchiveII,5s,120,centroid,0,35,35,0.9428571428571428,0.9428571428571428,0.9428571428571428,0.9425756509500351,0.8571428571428571,0.8571428571428571,0.8571428571428571,0.856439127375088
tRNA_tdbR00000004-Haloferax_volcanii-2246-Ala-UGC,ArchiveII,tRNA,75,mfe,0,21,23,1.0,0.9130434782608695,0.9545454545454546,0.9551860609858368,0.9047619047619048,0.8260869565217391,0.8636363636363636,0.8634556720311131
tRNA_tdbR00000004-Haloferax_volcanii-2246-Ala-UGC,ArchiveII,tRNA,75,mea,0,21,23,1.0,0.9130434782608695,0.9545454545454546,0.9551860609858368,0.9047619047619048,0.8260869565217391,0.8636363636363636,0.8634556720311131
tRNA_tdbR00000004-Haloferax_volcanii-2246-Ala-UGC,ArchiveII,tRNA,75,centroid,0,21,23,1.0,0.9130434782608695,0.9545454545454546,0.9551860609858368,0.9047619047619048,0.8260869565217391,0.8636363636363636,0.8634556720311131
5s_Wolbachia-pipientis-1,ArchiveII,5s,107,mfe,0,26,32,0.6153846153846154,0.5,0.5517241379310345,0.5524390009232797,0.7307692307692307,0.59375,0.6551724137931034,0.6569798970203138
5s_Wolbachia-pipientis-1,ArchiveII,5s,107,mea,0,26,27,0.5384615384615384,0.5185185185185185,0.5283018867924528,0.5261826835591172,0.46153846153846156,0.4444444444444444,0.4528301886792453,0.4503431573439046
5s_Wolbachia-pipientis-1,ArchiveII,5s,107,centroid,0,26,18,0.38461538461538464,0.5555555555555556,0.45454545454545453,0.46022092785105917,0.3076923076923077,0.4444444444444444,0.36363636363636365,0.36741082572654876
tmRNA_Burk.xeno._CP000270_1-370,ArchiveII,tmRNA,370,mfe,24,80,117,0.5875,0.4017094017094017,0.47715736040609136,0.4850854328051538,0.5875,0.4017094017094017,0.47715736040609136,0.4850854328051538
tmRNA_Burk.xeno._CP000270_1-370,ArchiveII,tmRNA,370,mea,24,80,111,0.375,0.2702702702702703,0.31413612565445026,0.31742092640921227,0.4,0.2882882882882883,0.33507853403141363,0.338674477823656
tmRNA_Burk.xeno._CP000270_1-370,ArchiveII,tmRNA,370,centroid,24,80,93,0.375,0.3225806451612903,0.3468208092485549,0.3469803011536015,0.4,0.34408602150537637,0.3699421965317919,0.37019666398274775
tRNA_tdbR00000382-Haloferax_volcanii-2246-Ser-MGA,ArchiveII,tRNA,88,mfe,0,22,30,1.0,0.7333333333333333,0.8461538461538461,0.8554483663637746,0.9090909090909091,0.6666666666666666,0.7692307692307693,0.7770660515942661
tRNA_tdbR00000382-Haloferax_volcanii-2246-Ser-MGA,ArchiveII,tRNA,88,mea,0,22,30,1.0,0.7333333333333333,0.8461538461538461,0.8554483663637746,0.9090909090909091,0.6666666666666666,0.7692307692307693,0.7770660515942661
tRNA_tdbR00000382-Haloferax_volcanii-2246-Ser-MGA,ArchiveII,tRNA,88,centroid,0,22,30,1.0,0.7333333333333333,0.8461538461538461,0.8554483663637746,0.9090909090909091,0.6666666666666666,0.7692307692307693,0.7770660515942661
tRNA_tdbR00000418-Nicotiana_rustica-4093-Ser-IGA,ArchiveII,tRNA,85,mfe,0,22,27,0.7272727272727273,0.5925925925925926,0.6530612244897959,0.6541504582146919,0.7727272727272727,0.6296296296296297,0.6938775510204082,0.6954644930982226
tRNA_tdbR00000418-Nicotiana_rustica-4093-Ser-IGA,ArchiveII,tRNA,85,mea,0,22,27,0.6818181818181818,0.5555555555555556,0.6122448979591837,0.6128364233311613,0.7272727272727273,0.5925925925925926,0.6530612244897959,0.6541504582146919
tRNA_tdbR00000418-Nicotiana_rustica-4093-Ser-IGA,ArchiveII,tRNA,85,centroid,0,22,26,0.6363636363636364,0.5384615384615384,0.5833333333333334,0.5825867428397256,0.6818181818181818,0.5769230769230769,0.625,0.6246818422555654
5s_Bacillus-thuringiensis-2,ArchiveII,5s,114,mfe,0,31,37,0.3548387096774194,0.2972972972972973,0.3235294117647059,0.32123385955372724,0.3225806451612903,0.2702702702702703,0.29411764705882354,0.29155023609760483
5s_Bacillus-thuringiensis-2,ArchiveII,5s,114,mea,0,31,29,0.7419354838709677,0.7931034482758621,0.7666666666666667,0.7660056790212996,0.6774193548387096,0.7241379310344828,0.7,0.6989898063395443
5s_Bacillus-thuringiensis-2,ArchiveII,5s,114,centroid,0,31,21,0.6129032258064516,0.9047619047619048,0.7307692307692307,0.7437097301393285,0.5483870967741935,0.8095238095238095,0.6538461538461539,0.6650058268167172
5s_Photobacterium-profundum-2,ArchiveII,5s,118,mfe,0,35,40,0.2571428571428571,0.225,0.24,0.236399017021975,0.22857142857142856,0.2,0.21333333333333335,0.20952691047130242
5s_Photobacterium-profundum-2,ArchiveII,5s,118,mea,0,35,31,0.7428571428571429,0.8387096774193549,0.7878787878787878,0.7883266731953116,0.7428571428571429,0.8387096774193549,0.7878787878787878,0.7883266731953116
5s_Photobacterium-profundum-2,ArchiveII,5s,118,centroid,0,35,26,0.6857142857142857,0.9230769230769231,0.7868852459016393,0.7947338358332823,0.6285714285714286,0.8461538461538461,0.7213114754098361,0.7281402321047873
telomerase_AF221913.109-520,ArchiveII,telomerase,412,mfe,9,88,131,0.5,0.33587786259541985,0.4018264840182648,0.40906444883954607,0.45454545454545453,0.3053435114503817,0.365296803652968,0.3717613367235229
telomerase_AF221913.109-520,ArchiveII,telomerase,412,mea,9,88,127,0.5,0.3464566929133858,0.40930232558139534,0.4154860160825367,0.45454545454545453,0.31496062992125984,0.37209302325581395,0.37760090384338496
telomerase_AF221913.109-520,ArchiveII,telomerase,412,centroid,9,88,109,0.5,0.4036697247706422,0.4467005076142132,0.448625516394964,0.45454545454545453,0.3669724770642202,0.40609137055837563,0.40773609550217577
5s_Amycolatopsis-mediterranei-1,ArchiveII,5s,120,mfe,0,35,35,0.9428571428571428,0.9428571428571428,0.9428571428571428,0.9425756509500351,0.8857142857142857,0.8857142857142857,0.8857142857142857,0.8851513019000704
5s_Amycolatopsis-mediterranei-1,ArchiveII,5s,120,mea,0,35,33,0.8857142857142857,0.9393939393939394,0.9117647058823529,0.9117411124828337,0.8285714285714286,0.8787878787878788,0.8529411764705882,0.8526105491553825
5s_Amycolatopsis-mediterranei-1,ArchiveII,5s,120,centroid,0,35,33,0.8857142857142857,0.9393939393939394,0.9117647058823529,0.9117411124828337,0.8285714285714286,0.8787878787878788,0.8529411764705882,0.8526105491553825
tRNA_tdbR00000548-Scenedesmus_obliquus-3088-Tyr-GUA,ArchiveII,tRNA,85,mfe,0,21,32,0.6190476190476191,0.40625,0.49056603773584906,0.4979212023307704,0.5714285714285714,0.375,0.4528301886792453,0.4590568293297461
tRNA_tdbR00000548-Scenedesmus_obliquus-3088-Tyr-GUA,ArchiveII,tRNA,85,mea,0,21,32,0.6190476190476191,0.40625,0.49056603773584906,0.4979212023307704,0.5714285714285714,0.375,0.4528301886792453,0.4590568293297461
tRNA_tdbR00000548-Scenedesmus_obliquus-3088-Tyr-GUA,ArchiveII,tRNA,85,centroid,0,21,32,0.6190476190476191,0.40625,0.49056603773584906,0.4979212023307704,0.5714285714285714,0.375,0.4528301886792453,0.4590568293297461
5s_Vibrio-fischeri-2,ArchiveII,5s,119,mfe,0,35,35,0.5714285714285714,0.5714285714285714,0.5714285714285714,0.5692814199828228,0.5714285714285714,0.5714285714285714,0.5714285714285714,0.5692814199828228
5s_Vibrio-fischeri-2,ArchiveII,5s,119,mea,0,35,33,0.5714285714285714,0.6060606060606061,0.5882352941176471,0.5864895152429775,0.5714285714285714,0.6060606060606061,0.5882352941176471,0.5864895152429775
5s_Vibrio-fischeri-2,ArchiveII,5s,119,centroid,0,35,33,0.5714285714285714,0.6060606060606061,0.5882352941176471,0.5864895152429775,0.5714285714285714,0.6060606060606061,0.5882352941176471,0.5864895152429775
RNaseP_Prochlorococcus-TAK9803-2,ArchiveII,RNaseP,308,mfe,5,83,100,0.4457831325301205,0.37,0.40437158469945356,0.4049845677108674,0.3855421686746988,0.32,0.34972677595628415,0.3499960141204468
RNaseP_Prochlorococcus-TAK9803-2,ArchiveII,RNaseP,308,mea,5,83,95,0.4578313253012048,0.4,0.42696629213483145,0.42686523748830413,0.3855421686746988,0.3368421052631579,0.3595505617977528,0.35916834599025876
RNaseP_Prochlorococcus-TAK9803-2,ArchiveII,RNaseP,308,centroid,5,83,82,0.4457831325301205,0.45121951219512196,0.4484848484848485,0.4475290569108921,0.3855421686746988,0.3902439024390244,0.3878787878787879,0.3868159389622409
5s_Scenedesmus-obliquus-1,ArchiveII,5s,120,mfe,0,31,40,0.4838709677419355,0.375,0.4225352112676056,0.42314344312955904,0.5161290322580645,0.4,0.4507042253521127,0.45168344108860925
5s_Scenedesmus-obliquus-1,ArchiveII,5s,120,mea,0,31,40,0.5161290322580645,0.4,0.4507042253521127,0.45168344108860925,0.5161290322580645,0.4,0.4507042253521127,0.45168344108860925
5s_Scenedesmus-obliquus-1,ArchiveII,5s,120,centroid,0,31,40,0.5161290322580645,0.4,0.4507042253521127,0.45168344108860925,0.5161290322580645,0.4,0.4507042253521127,0.45168344108860925
5s_Branchiostoma-belcheri-1,ArchiveII,5s,120,mfe,0,36,36,0.5833333333333334,0.5833333333333334,0.5833333333333334,0.5812218468468469,0.5277777777777778,0.5277777777777778,0.5277777777777778,0.5253847597597597
5s_Branchiostoma-belcheri-1,ArchiveII,5s,120,mea,0,36,35,0.6388888888888888,0.6571428571428571,0.647887323943662,0.6461929654521407,0.5833333333333334,0.6,0.5915492957746479,0.5895678086857159
5s_Branchiostoma-belcheri-1,ArchiveII,5s,120,centroid,0,36,32,0.6388888888888888,0.71875,0.6764705882352942,0.6761099373859688,0.5833333333333334,0.65625,0.6176470588235294,0.6169024294391513
5s_Natronomonas-pharaonis-1,ArchiveII,5s,119,mfe,0,34,38,0.9411764705882353,0.8421052631578947,0.8888888888888888,0.8897062412279918,0.9117647058823529,0.8157894736842105,0.8611111111111112,0.8617421105105519
5s_Natronomonas-pharaonis-1,ArchiveII,5s,119,mea,0,34,37,0.9411764705882353,0.8648648648648649,0.9014084507042254,0.9017218153842945,0.9117647058823529,0.8378378378378378,0.8732394366197183,0.8733843393719894
5s_Natronomonas-pharaonis-1,ArchiveII,5s,119,centroid,0,34,37,0.9411764705882353,0.8648648648648649,0.9014084507042254,0.9017218153842945,0.9117647058823529,0.8378378378378378,0.8732394366197183,0.8733843393719894
tmRNA_Stap.aure._BA000033_1-362,ArchiveII,tmRNA,362,mfe,25,76,107,0.5263157894736842,0.37383177570093457,0.4371584699453552,0.4428091131049793,0.47368421052631576,0.3364485981308411,0.39344262295081966,0.3983899975092606
tmRNA_Stap.aure._BA000033_1-362,ArchiveII,tmRNA,362,mea,25,76,101,0.5263157894736842,0.39603960396039606,0.4519774011299435,0.4558309205264359,0.47368421052631576,0.3564356435643564,0.4067796610169492,0.4101135611490725
tmRNA_Stap.aure._BA000033_1-362,ArchiveII,tmRNA,362,centroid,25,76,89,0.5263157894736842,0.449438202247191,0.48484848484848486,0.4857149705810178,0.47368421052631576,0.4044943820224719,0.43636363636363634,0.43701744619898464
srp_List.mono._U15684,ArchiveII,srp,279,mfe,0,86,100,0.8372093023255814,0.72,0.7741935483870968,0.7758652891107473,0.7906976744186046,0.68,0.7311827956989247,0.7326284937627934
srp_List.mono._U15684,ArchiveII,srp,279,mea,0,86,92,0.8023255813953488,0.75,0.7752808988764045,0.7752071402051798,0.7558139534883721,0.7065217391304348,0.7303370786516854,0.7301343257029602
srp_List.mono._U15684,ArchiveII,srp,279,centroid,0,86,88,0.8023255813953488,0.7840909090909091,0.7931034482758621,0.7926909232340124,0.7441860465116279,0.7272727272727273,0.735632183908046,0.7350866344435366
tmRNA_Lept.inte._AE016823_1-350,ArchiveII,tmRNA,350,mfe,25,77,104,0.7532467532467533,0.5576923076923077,0.6408839779005525,0.6476301853716101,0.6753246753246753,0.5,0.574585635359116,0.5804821613746606
tmRNA_Lept.inte._AE016823_1-350,ArchiveII,tmRNA,350,mea,25,77,95,0.6883116883116883,0.5578947368421052,0.6162790697674418,0.6191532139892651,0.6103896103896104,0.49473684210526314,0.5465116279069767,0.5489016409858016
tmRNA_Lept.inte._AE016823_1-350,ArchiveII,tmRNA,350,centroid,25,77,65,0.6103896103896104,0.7230769230769231,0.6619718309859155,0.6639617986730277,0.5324675324675324,0.6307692307692307,0.5774647887323944,0.5790526718395975
tRNA_tdbR00000149-Homo_sapiens-9606-His-GUG,ArchiveII,tRNA,76,mfe,0,21,21,0.5714285714285714,0.5714285714285714,0.5714285714285714,0.5682472352673837,0.47619047619047616,0.47619047619047616,0.47619047619047616,0.47230217643791345
tRNA_tdbR00000149-Homo_sapiens-9606-His-GUG,ArchiveII,tRNA,76,mea,0,21,21,0.5714285714285714,0.5714285714285714,0.5714285714285714,0.5682472352673837,0.47619047619047616,0.47619047619047616,0.47619047619047616,0.47230217643791345
tRNA_tdbR00000149-Homo_sapiens-9606-His-GUG,ArchiveII,tRNA,76,centroid,0,21,12,0.5714285714285714,1.0,0.7272727272727273,0.7547293753932904,0.47619047619047616,0.8333333333333334,0.6060606060606061,0.6280074053290229
5s_Vibrio-cincinnatiensis-1,ArchiveII,5s,120,mfe,0,36,38,0.6944444444444444,0.6578947368421053,0.6756756756756757,0.6742363567624597,0.6944444444444444,0.6578947368421053,0.6756756756756757,0.6742363567624597
5s_Vibrio-cincinnatiensis-1,ArchiveII,5s,120,mea,0,36,38,0.6944444444444444,0.6578947368421053,0.6756756756756757,0.6742363567624597,0.6944444444444444,0.6578947368421053,0.6756756756756757,0.6742363567624597
5s_Vibrio-cincinnatiensis-1,ArchiveII,5s,120,centroid,0,36,38,0.6944444444444444,0.6578947368421053,0.6756756756756757,0.6742363567624597,0.6944444444444444,0.6578947368421053,0.6756756756756757,0.6742363567624597
5s_Neurospora-africana-1,ArchiveII,5s,119,mfe,0,34,40,0.6176470588235294,0.525,0.5675675675675675,0.5671789291990617,0.6470588235294118,0.55,0.5945945945945946,0.5944388963536308
5s_Neurospora-africana-1,ArchiveII,5s,119,mea,0,34,40,0.2647058823529412,0.225,0.24324324324324326,0.24005932334423222,0.23529411764705882,0.2,0.21621621621621623,0.21279935618966309
5s_Neurospora-africana-1,ArchiveII,5s,119,centroid,0,34,36,0.2647058823529412,0.25,0.2571428571428571,0.2535287226173412,0.23529411764705882,0.2222222222222222,0.22857142857142856,0.22480242290788663
srp_Symb.ther._AP006840,ArchiveII,srp,105,mfe,0,28,32,0.6428571428571429,0.5625,0.6,0.5991475724641722,0.7142857142857143,0.625,0.6666666666666666,0.6663320328612472
srp_Symb.ther._AP006840,ArchiveII,srp,105,mea,0,28,32,0.75,0.65625,0.7,0.6999242630597847,0.7142857142857143,0.625,0.6666666666666666,0.6663320328612472
srp_Symb.ther._AP006840,ArchiveII,srp,105,centroid,0,28,25,0.6071428571428571,0.68,0.6415094339622641,0.6408040596372055,0.6071428571428571,0.68,0.6415094339622641,0.6408040596372055
srp_Caul.cres._AE005673,ArchiveII,srp,93,mfe,0,21,28,0.0,0.0,0.0,-0.00570088621492611,0.047619047619047616,0.03571428571428571,0.04081632653061224,0.03577596961407712
srp_Caul.cres._AE005673,ArchiveII,srp,93,mea,0,21,28,0.0,0.0,0.0,-0.00570088621492611,0.047619047619047616,0.03571428571428571,0.04081632653061224,0.03577596961407712
srp_Caul.cres._AE005673,ArchiveII,srp,93,centroid,0,21,27,0.0,0.0,0.0,-0.005597500639580289,0.047619047619047616,0.037037037037037035,0.041666666666666664,0.03663549360402549
RNaseP_P.strasburgensis,ArchiveII,RNaseP,314,mfe,8,88,102,0.5227272727272727,0.45098039215686275,0.4842105263157895,0.48453914526825315,0.48863636363636365,0.4215686274509804,0.45263157894736844,0.452812786330082
RNaseP_P.strasburgensis,ArchiveII,RNaseP,314,mea,8,88,99,0.5227272727272727,0.46464646464646464,0.4919786096256685,0.49186848095937247,0.48863636363636365,0.43434343434343436,0.45989304812834225,0.45966599213568343
RNaseP_P.strasburgensis,ArchiveII,RNaseP,314,centroid,8,88,93,0.5227272727272727,0.4946236559139785,0.5082872928176796,0.507575176060409,0.48863636363636365,0.46236559139784944,0.47513812154696133,0.4743521645902093
tmRNA_Myco.geni._TRW-243273_1-388,ArchiveII,tmRNA,388,mfe,22,77,118,0.5974025974025974,0.3898305084745763,0.4717948717948718,0.4819386525754883,0.5974025974025974,0.3898305084745763,0.4717948717948718,0.4819386525754883
tmRNA_Myco.geni._TRW-243273_1-388,ArchiveII,tmRNA,388,mea,22,77,102,0.6103896103896104,0.46078431372549017,0.5251396648044693,0.5297887438984361,0.5974025974025974,0.45098039215686275,0.5139664804469274,0.5184914978897294
tmRNA_Myco.geni._TRW-243273_1-388,ArchiveII,tmRNA,388,centroid,22,77,79,0.5974025974025974,0.5822784810126582,0.5897435897435898,0.5893655317545199,0.5974025974025974,0.5822784810126582,0.5897435897435898,0.5893655317545199
tmRNA_Stap.epid._TRW-1282-1_1-361,ArchiveII,tmRNA,361,mfe,25,76,101,0.5657894736842105,0.42574257425742573,0.4858757062146893,0.4901151737997818,0.5394736842105263,0.40594059405940597,0.4632768361581921,0.467256321868797
tmRNA_Stap.epid._TRW-1282-1_1-361,ArchiveII,tmRNA,361,mea,25,76,101,0.5789473684210527,0.43564356435643564,0.4971751412429379,0.5015445997652742,0.5394736842105263,0.40594059405940597,0.4632768361581921,0.467256321868797
tmRNA_Stap.epid._TRW-1282-1_1-361,ArchiveII,tmRNA,361,centroid,25,76,98,0.5657894736842105,0.4387755102040816,0.4942528735632184,0.4975895958274097,0.5263157894736842,0.40816326530612246,0.45977011494252873,0.4627812582678246
srp_Stap.aure._CP000046,ArchiveII,srp,101,mfe,0,33,33,0.9090909090909091,0.9090909090909091,0.9090909090909091,0.9084929421784116,0.7878787878787878,0.7878787878787878,0.7878787878787878,0.786483531749627
srp_Stap.aure._CP000046,ArchiveII,srp,101,mea,0,33,32,0.6666666666666666,0.6875,0.676923076923077,0.6749118136813891,0.6363636363636364,0.65625,0.6461538461538462,0.6439396147510429
srp_Stap.aure._CP000046,ArchiveII,srp,101,centroid,0,33,28,0.5757575757575758,0.6785714285714286,0.6229508196721312,0.6227963494367814,0.5454545454545454,0.6428571428571429,0.5901639344262295,0.5896988649098546
grp1_a.I1.m.M.grisea.B2.ND1,ArchiveII,grp1,285,mfe,6,59,81,0.4915254237288136,0.35802469135802467,0.4142857142857143,0.4185133235133488,0.559322033898305,0.4074074074074074,0.4714285714285714,0.4764753193625553
grp1_a.I1.m.M.grisea.B2.ND1,ArchiveII,grp1,285,mea,6,59,75,0.4915254237288136,0.38666666666666666,0.43283582089552236,0.4350312161961872,0.559322033898305,0.44,0.4925373134328358,0.4952626155468902
grp1_a.I1.m.M.grisea.B2.ND1,ArchiveII,grp1,285,centroid,6,59,69,0.4915254237288136,0.42028985507246375,0.453125,0.45365502721450696,0.559322033898305,0.4782608695652174,0.515625,0.5164459388363101
5s_Fusarium-sporotrichioides-5,ArchiveII,5s,119,mfe,0,35,36,0.9142857142857143,0.8888888888888888,0.9014084507042254,0.9009977946750968,0.8,0.7777777777777778,0.7887323943661971,0.7877378889150864
5s_Fusarium-sporotrichioides-5,ArchiveII,5s,119,mea,0,35,34,0.8571428571428571,0.8823529411764706,0.8695652173913043,0.8690134260216879,0.8285714285714286,0.8529411764705882,0.8405797101449275,0.8398817259448245
5s_Fusarium-sporotrichioides-5,ArchiveII,5s,119,centroid,0,35,26,0.6857142857142857,0.9230769230769231,0.7868852459016393,0.7947483231342866,0.6857142857142857,0.9230769230769231,0.7868852459016393,0.7947483231342866
5s_Salmonella-typhi-1,ArchiveII,5s,116,mfe,0,32,35,0.1875,0.17142857142857143,0.1791044776119403,0.1751465158243082,0.15625,0.14285714285714285,0.14925373134328357,0.14511496670996024
5s_Salmonella-typhi-1,ArchiveII,5s,116,mea,0,32,34,0.1875,0.17647058823529413,0.18181818181818182,0.17783631650394102,0.15625,0.14705882352941177,0.15151515151515152,0.14736862331886738
5s_Salmonella-typhi-1,ArchiveII,5s,116,centroid,0,32,20,0.09375,0.15,0.11538461538461539,0.11524184086135342,0.09375,0.15,0.11538461538461539,0.11524184086135342
5s_Pyrococcus-abyssi-1,ArchiveII,5s,118,mfe,0,30,37,0.6333333333333333,0.5135135135135135,0.5671641791044776,0.5682164168983944,0.7666666666666667,0.6216216216216216,0.6865671641791045,0.6888619658414571
5s_Pyrococcus-abyssi-1,ArchiveII,5s,118,mea,0,30,37,0.6333333333333333,0.5135135135135135,0.5671641791044776,0.5682164168983944,0.7666666666666667,0.6216216216216216,0.6865671641791045,0.6888619658414571
5s_Pyrococcus-abyssi-1,ArchiveII,5s,118,centroid,0,30,37,0.6333333333333333,0.5135135135135135,0.5671641791044776,0.5682164168983944,0.7666666666666667,0.6216216216216216,0.6865671641791045,0.6888619658414571
tRNA_tdbR00000280-Saccharomyces_cerevisiae-4932-Met-CAU,ArchiveII,tRNA,77,mfe,0,21,20,0.3333333333333333,0.35,0.34146341463414637,0.3369214860332683,0.2857142857142857,0.3,0.2926829268292683,0.28778220439966534
tRNA_tdbR00000280-Saccharomyces_cerevisiae-4932-Met-CAU,ArchiveII,tRNA,77,mea,0,21,20,0.3333333333333333,0.35,0.34146341463414637,0.3369214860332683,0.2857142857142857,0.3,0.2926829268292683,0.28778220439966534
tRNA_tdbR00000280-Saccharomyces_cerevisiae-4932-Met-CAU,ArchiveII,tRNA,77,centroid,0,21,20,0.3333333333333333,0.35,0.34146341463414637,0.3369214860332683,0.2857142857142857,0.3,0.2926829268292683,0.28778220439966534
srp_Leis.dono._AY722733,ArchiveII,srp,138,mfe,0,14,43,0.42857142857142855,0.13953488372093023,0.21052631578947367,0.2426781391708956,0.42857142857142855,0.13953488372093023,0.21052631578947367,0.2426781391708956
srp_Leis.dono._AY722733,ArchiveII,srp,138,mea,0,14,43,0.42857142857142855,0.13953488372093023,0.21052631578947367,0.2426781391708956,0.5,0.16279069767441862,0.24561403508771928,0.28355839524015347
srp_Leis.dono._AY722733,ArchiveII,srp,138,centroid,0,14,40,0.42857142857142855,0.15,0.2222222222222222,0.2517622415438711,0.42857142857142855,0.15,0.2222222222222222,0.2517622415438711
srp_Haem.infl._CP000057,ArchiveII,srp,115,mfe,0,39,39,0.9230769230769231,0.9230769230769231,0.9230769230769231,0.9226165179203853,0.8461538461538461,0.8461538461538461,0.8461538461538461,0.8452330358407707
srp_Haem.infl._CP000057,ArchiveII,srp,115,mea,0,39,39,0.9230769230769231,0.9230769230769231,0.9230769230769231,0.9226165179203853,0.8461538461538461,0.8461538461538461,0.8461538461538461,0.8452330358407707
srp_Haem.infl._CP000057,ArchiveII,srp,115,centroid,0,39,39,0.9230769230769231,0.9230769230769231,0.9230769230769231,0.9226165179203853,0.8461538461538461,0.8461538461538461,0.8461538461538461,0.8452330358407707
5s_Saccoglossus-kowalevskii-1,ArchiveII,5s,120,mfe,0,36,39,0.9444444444444444,0.8717948717948718,0.9066666666666666,0.9069081673513683,0.8333333333333334,0.7692307692307693,0.8,0.799592429356228
5s_Saccoglossus-kowalevskii-1,ArchiveII,5s,120,mea,0,36,39,0.9444444444444444,0.8717948717948718,0.9066666666666666,0.9069081673513683,0.8333333333333334,0.7692307692307693,0.8,0.799592429356228
5s_Saccoglossus-kowalevskii-1,ArchiveII,5s,120,centroid,0,36,39,0.9444444444444444,0.8717948717948718,0.9066666666666666,0.9069081673513683,0.8333333333333334,0.7692307692307693,0.8,0.799592429356228
tRNA_tdbR00000288-Mus_musculus-10090-Met-BAU,ArchiveII,tRNA,76,mfe,0,20,20,1.0,1.0,1.0,1.0,0.8,0.8,0.8,0.7985865724381626
tRNA_tdbR00000288-Mus_musculus-10090-Met-BAU,ArchiveII,tRNA,76,mea,0,20,18,0.75,0.8333333333333334,0.7894736842105263,0.7891731919073139,0.6,0.6666666666666666,0.631578947368421,0.6299981319684714
tRNA_tdbR00000288-Mus_musculus-10090-Met-BAU,ArchiveII,tRNA,76,centroid,0,20,18,0.75,0.8333333333333334,0.7894736842105263,0.7891731919073139,0.6,0.6666666666666666,0.631578947368421,0.6299981319684714
srp_Myco.capr._CP000123,ArchiveII,srp,98,mfe,0,28,28,0.6428571428571429,0.6428571428571429,0.6428571428571429,0.6407407407407407,0.6428571428571429,0.6428571428571429,0.6428571428571429,0.6407407407407407
srp_Myco.capr._CP000123,ArchiveII,srp,98,mea,0,28,27,0.6428571428571429,0.6666666666666666,0.6545454545454545,0.652644896829794,0.6428571428571429,0.6666666666666666,0.6545454545454545,0.652644896829794
srp_Myco.capr._CP000123,ArchiveII,srp,98,centroid,0,28,27,0.6428571428571429,0.6666666666666666,0.6545454545454545,0.652644896829794,0.6428571428571429,0.6666666666666666,0.6545454545454545,0.652644896829794
RNaseP_SM-A5584,ArchiveII,RNaseP,341,mfe,4,98,107,0.6938775510204082,0.6355140186915887,0.6634146341463415,0.6634615549041987,0.6224489795918368,0.5700934579439252,0.5951219512195122,0.5949818792495779
RNaseP_SM-A5584,ArchiveII,RNaseP,341,mea,4,98,105,0.6938775510204082,0.6476190476190476,0.6699507389162561,0.6697722453646563,0.6224489795918368,0.580952380952381,0.6009852216748769,0.60064465341352
RNaseP_SM-A5584,ArchiveII,RNaseP,341,centroid,4,98,103,0.6836734693877551,0.6504854368932039,0.6666666666666666,0.6662950356654378,0.6122448979591837,0.5825242718446602,0.5970149253731343,0.5965007349091247
tmRNA_Prop.acne._TRW-1747-3_1-353,ArchiveII,tmRNA,353,mfe,20,63,116,0.14285714285714285,0.07758620689655173,0.1005586592178771,0.10405328763629965,0.12698412698412698,0.06896551724137931,0.0893854748603352,0.09233870406871891
tmRNA_Prop.acne._TRW-1747-3_1-353,ArchiveII,tmRNA,353,mea,20,63,98,0.14285714285714285,0.09183673469387756,0.11180124223602485,0.11342277549144061,0.12698412698412698,0.08163265306122448,0.09937888198757763,0.10067953761266023
tmRNA_Prop.acne._TRW-1747-3_1-353,ArchiveII,tmRNA,353,centroid,20,63,49,0.14285714285714285,0.1836734693877551,0.16071428571428573,0.16123581219069802,0.12698412698412698,0.16326530612244897,0.14285714285714285,0.14322126615779954
srp_Myco.aviu._AE016958,ArchiveII,srp,88,mfe,0,10,27,0.0,0.0,0.0,-0.004313352835851877,0.0,0.0,0.0,-0.004313352835851877
srp_Myco.aviu._AE016958,ArchiveII,srp,88,mea,0,10,22,0.0,0.0,0.0,-0.003890979891694723,0.0,0.0,0.0,-0.003890979891694723
srp_Myco.aviu._AE016958,ArchiveII,srp,88,centroid,0,10,15,0.0,0.0,0.0,-0.0032099204148682346,0.0,0.0,0.0,-0.0032099204148682346
RNaseP_PS4,ArchiveII,RNaseP,297,mfe,4,80,87,0.5625,0.5172413793103449,0.5389221556886228,0.5385212479532052,0.525,0.4827586206896552,0.5029940119760479,0.5024930601126051
RNaseP_PS4,ArchiveII,RNaseP,297,mea,4,80,87,0.4875,0.4482758620689655,0.46706586826347307,0.466464872272005,0.4625,0.42528735632183906,0.4431137724550898,0.4424460803782716
RNaseP_PS4,ArchiveII,RNaseP,297,centroid,4,80,72,0.475,0.5277777777777778,0.5,0.4998315692515229,0.4125,0.4583333333333333,0.4342105263157895,0.43383667911179913
RNaseP_ESH212C,ArchiveII,RNaseP,355,mfe,0,102,107,0.7352941176470589,0.7009345794392523,0.7177033492822966,0.717439373473223,0.6764705882352942,0.6448598130841121,0.6602870813397129,0.65991099323183
RNaseP_ESH212C,ArchiveII,RNaseP,355,mea,0,102,108,0.7647058823529411,0.7222222222222222,0.7428571428571429,0.7427313115686496,0.6862745098039216,0.6481481481481481,0.6666666666666666,0.6663821353123642
RNaseP_ESH212C,ArchiveII,RNaseP,355,centroid,0,102,106,0.7549019607843137,0.7264150943396226,0.7403846153846154,0.7400916835995123,0.6862745098039216,0.660377358490566,0.6730769230769231,0.672659933643515
5s_Oenococcus-oeni-1,ArchiveII,5s,116,mfe,0,33,33,0.21212121212121213,0.21212121212121213,0.21212121212121213,0.20820377954625355,0.2727272727272727,0.2727272727272727,0.2727272727272727,0.2691111811196187
5s_Oenococcus-oeni-1,ArchiveII,5s,116,mea,0,33,33,0.21212121212121213,0.21212121212121213,0.21212121212121213,0.20820377954625355,0.2727272727272727,0.2727272727272727,0.2727272727272727,0.2691111811196187
5s_Oenococcus-oeni-1,ArchiveII,5s,116,centroid,0,33,29,0.21212121212121213,0.2413793103448276,0.22580645161290322,0.222674801272431,0.2727272727272727,0.3103448275862069,0.2903225806451613,0.28762750170700185
5s_Fusarium-lunulosporum-3,ArchiveII,5s,119,mfe,0,34,34,0.35294117647058826,0.35294117647058826,0.35294117647058826,0.3497924717332188,0.4117647058823529,0.4117647058823529,0.4117647058823529,0.40890224703019895
5s_Fusarium-lunulosporum-3,ArchiveII,5s,119,mea,0,34,30,0.7058823529411765,0.8,0.75,0.7503402021928167,0.7647058823529411,0.8666666666666667,0.8125,0.813249358405897
5s_Fusarium-lunulosporum-3,ArchiveII,5s,119,centroid,0,34,23,0.5882352941176471,0.8695652173913043,0.7017543859649122,0.7141145842040106,0.6470588235294118,0.9565217391304348,0.7719298245614035,0.7859259607017599
srp_Clos.perf._BA000016,ArchiveII,srp,268,mfe,0,90,88,0.8333333333333334,0.8522727272727273,0.8426966292134831,0.8423578407623795,0.7555555555555555,0.7727272727272727,0.7640449438202247,0.763505038862283
srp_Clos.perf._BA000016,ArchiveII,srp,268,mea,0,90,85,0.8555555555555555,0.9058823529411765,0.88,0.8800670919528093,0.7666666666666667,0.8117647058823529,0.7885714285714286,0.7883769388228858
srp_Clos.perf._BA000016,ArchiveII,srp,268,centroid,0,90,81,0.8111111111111111,0.9012345679012346,0.8538011695906432,0.8546421341217235,0.7333333333333333,0.8148148148148148,0.7719298245614035,0.7724607652613765
srp_Burk.pseu._CP000572,ArchiveII,srp,79,mfe,0,22,26,0.0,0.0,0.0,-0.007823528493503021,0.0,0.0,0.0,-0.007823528493503021
srp_Burk.pseu._CP000572,ArchiveII,srp,79,mea,0,22,25,0.0,0.0,0.0,-0.007670345583451546,0.0,0.0,0.0,-0.007670345583451546
srp_Burk.pseu._CP000572,ArchiveII,srp,79,centroid,0,22,23,0.0,0.0,0.0,-0.0073547307696549555,0.0,0.0,0.0,-0.0073547307696549555
5s_Clostridium-acetobutylicum-2,ArchiveII,5s,117,mfe,0,33,37,0.6060606060606061,0.5405405405405406,0.5714285714285714,0.5701552589261855,0.6363636363636364,0.5675675675675675,0.6,0.5989218191762474
5s_Clostridium-acetobutylicum-2,ArchiveII,5s,117,mea,0,33,37,0.6363636363636364,0.5675675675675675,0.6,0.5989218191762474,0.6363636363636364,0.5675675675675675,0.6,0.5989218191762474
5s_Clostridium-acetobutylicum-2,ArchiveII,5s,117,centroid,0,33,36,0.6363636363636364,0.5833333333333334,0.6086956521739131,0.6072800313878995,0.6363636363636364,0.5833333333333334,0.6086956521739131,0.6072800313878995
tRNA_tdbR00000330-Haloferax_volcanii-2246-Gln-MUG,ArchiveII,tRNA,76,mfe,0,21,25,0.6190476190476191,0.52,0.5652173913043478,0.5638776395815208,0.6190476190476191,0.52,0.5652173913043478,0.5638776395815208
tRNA_tdbR00000330-Haloferax_volcanii-2246-Gln-MUG,ArchiveII,tRNA,76,mea,0,21,25,0.6190476190476191,0.52,0.5652173913043478,0.5638776395815208,0.6190476190476191,0.52,0.5652173913043478,0.5638776395815208
tRNA_tdbR00000330-Haloferax_volcanii-2246-Gln-MUG,ArchiveII,tRNA,76,centroid,0,21,25,0.6190476190476191,0.52,0.5652173913043478,0.5638776395815208,0.6190476190476191,0.52,0.5652173913043478,0.5638776395815208
5s_Bacillus-cereus-1,ArchiveII,5s,115,mfe,0,33,38,0.36363636363636365,0.3157894736842105,0.3380281690140845,0.33528305085442833,0.36363636363636365,0.3157894736842105,0.3380281690140845,0.33528305085442833
5s_Bacillus-cereus-1,ArchiveII,5s,115,mea,0,33,30,0.7272727272727273,0.8,0.7619047619047619,0.7616300580830083,0.696969696969697,0.7666666666666667,0.7301587301587301,0.729694504889545
5s_Bacillus-cereus-1,ArchiveII,5s,115,centroid,0,33,22,0.6060606060606061,0.9090909090909091,0.7272727272727273,0.7412691969589433,0.5757575757575758,0.8636363636363636,0.6909090909090909,0.7039993457150919
tmRNA_Esch.coli._CP000247_1-363,ArchiveII,tmRNA,363,mfe,22,82,103,0.5853658536585366,0.46601941747572817,0.518918918918919,0.5216304297453014,0.4878048780487805,0.3883495145631068,0.43243243243243246,0.43445857098837454
tmRNA_Esch.coli._CP000247_1-363,ArchiveII,tmRNA,363,mea,22,82,100,0.573170731707317,0.47,0.5164835164835165,0.5183678974845848,0.4878048780487805,0.4,0.43956043956043955,0.4409586150641586
tmRNA_Esch.coli._CP000247_1-363,ArchiveII,tmRNA,363,centroid,22,82,89,0.573170731707317,0.5280898876404494,0.5497076023391813,0.549583722723347,0.4878048780487805,0.449438202247191,0.4678362573099415,0.4675369257855159
5s_Drosophila-mauritiana-1,ArchiveII,5s,120,mfe,0,36,41,0.8333333333333334,0.7317073170731707,0.7792207792207793,0.7796923040344426,0.7777777777777778,0.6829268292682927,0.7272727272727273,0.7273521538792563
5s_Drosophila-mauritiana-1,ArchiveII,5s,120,mea,0,36,41,0.8333333333333334,0.7317073170731707,0.7792207792207793,0.7796923040344426,0.7777777777777778,0.6829268292682927,0.7272727272727273,0.7273521538792563
5s_Drosophila-mauritiana-1,ArchiveII,5s,120,centroid,0,36,41,0.8333333333333334,0.7317073170731707,0.7792207792207793,0.7796923040344426,0.7777777777777778,0.6829268292682927,0.7272727272727273,0.7273521538792563
5s_Haemophilus-aegyptius-1,ArchiveII,5s,116,mfe,0,34,34,0.7647058823529411,0.7647058823529411,0.7647058823529411,0.7635003368435982,0.7647058823529411,0.7647058823529411,0.7647058823529411,0.7635003368435982
5s_Haemophilus-aegyptius-1,ArchiveII,5s,116,mea,0,34,34,0.7647058823529411,0.7647058823529411,0.7647058823529411,0.7635003368435982,0.7647058823529411,0.7647058823529411,0.7647058823529411,0.7635003368435982
5s_Haemophilus-aegyptius-1,ArchiveII,5s,116,centroid,0,34,33,0.7647058823529411,0.7878787878787878,0.7761194029850746,0.7750767513891238,0.7647058823529411,0.7878787878787878,0.7761194029850746,0.7750767513891238
srp_Rhod.spha._CP000577,ArchiveII,srp,42,mfe,0,10,8,0.0,0.0,0.0,-0.010497978956322833,0.0,0.0,0.0,-0.010497978956322833
srp_Rhod.spha._CP000577,ArchiveII,srp,42,mea,0,10,8,0.0,0.0,0.0,-0.010497978956322833,0.0,0.0,0.0,-0.010497978956322833
srp_Rhod.spha._CP000577,ArchiveII,srp,42,centroid,0,10,8,0.0,0.0,0.0,-0.010497978956322833,0.0,0.0,0.0,-0.010497978956322833
5s_Halorubrum-distributum-7,ArchiveII,5s,119,mfe,0,32,37,0.84375,0.7297297297297297,0.782608695652174,0.7836212814536814,0.75,0.6486486486486487,0.6956521739130435,0.6960050153826511
5s_Halorubrum-distributum-7,ArchiveII,5s,119,mea,0,32,38,0.5625,0.47368421052631576,0.5142857142857142,0.5137799658298655,0.46875,0.39473684210526316,0.42857142857142855,0.42731804112209115
5s_Halorubrum-distributum-7,ArchiveII,5s,119,centroid,0,32,30,0.5625,0.6,0.5806451612903226,0.5790913570402755,0.46875,0.5,0.4838709677419355,0.48183736436506686
tRNA_tdbR00000490-Saccharomyces_cerevisiae-4932-Trp-CA,ArchiveII,tRNA,74,mfe,0,21,23,1.0,0.9130434782608695,0.9545454545454546,0.955176477165777,0.8571428571428571,0.782608695652174,0.8181818181818182,0.8175507615557929
tRNA_tdbR00000490-Saccharomyces_cerevisiae-4932-Trp-CA,ArchiveII,tRNA,74,mea,0,21,18,0.7619047619047619,0.8888888888888888,0.8205128205128205,0.8216853676262067,0.7142857142857143,0.8333333333333334,0.7692307692307693,0.7698768756807755
tRNA_tdbR00000490-Saccharomyces_cerevisiae-4932-Trp-CA,ArchiveII,tRNA,74,centroid,0,21,18,0.7619047619047619,0.8888888888888888,0.8205128205128205,0.8216853676262067,0.7142857142857143,0.8333333333333334,0.7692307692307693,0.7698768756807755
srp_Yers.pest._CP000668,ArchiveII,srp,114,mfe,0,39,40,0.717948717948718,0.7,0.7088607594936709,0.7071219499900967,0.6923076923076923,0.675,0.6835443037974683,0.6816472398312147
srp_Yers.pest._CP000668,ArchiveII,srp,114,mea,0,39,41,0.717948717948718,0.6829268292682927,0.7,0.698347474777673,0.6923076923076923,0.6585365853658537,0.675,0.6731833838734275
srp_Yers.pest._CP000668,ArchiveII,srp,114,centroid,0,39,41,0.717948717948718,0.6829268292682927,0.7,0.698347474777673,0.6923076923076923,0.6585365853658537,0.675,0.6731833838734275
RNaseP_SM-A1519,ArchiveII,RNaseP,300,mfe,4,82,88,0.7073170731707317,0.6590909090909091,0.6823529411764706,0.6821771760566064,0.6097560975609756,0.5681818181818182,0.5882352941176471,0.5878220315165259
RNaseP_SM-A1519,ArchiveII,RNaseP,300,mea,4,82,87,0.7195121951219512,0.6781609195402298,0.6982248520710059,0.6979624072511027,0.6219512195121951,0.5862068965517241,0.6035502958579881,0.6030676011105959
RNaseP_SM-A1519,ArchiveII,RNaseP,300,centroid,4,82,61,0.573170731707317,0.7704918032786885,0.6573426573426573,0.6640291745316178,0.5,0.6721311475409836,0.5734265734265734,0.5790578624181189
srp_Nitr.wino._CP000115,ArchiveII,srp,39,mfe,0,9,7,0.7777777777777778,1.0,0.875,0.8807147621561396,0.7777777777777778,1.0,0.875,0.8807147621561396
srp_Nitr.wino._CP000115,ArchiveII,srp,39,mea,0,9,7,0.7777777777777778,1.0,0.875,0.8807147621561396,0.7777777777777778,1.0,0.875,0.8807147621561396
srp_Nitr.wino._CP000115,ArchiveII,srp,39,centroid,0,9,7,0.7777777777777778,1.0,0.875,0.8807147621561396,0.7777777777777778,1.0,0.875,0.8807147621561396
5s_Bombyx-mori-1,ArchiveII,5s,121,mfe,0,36,42,0.8333333333333334,0.7142857142857143,0.7692307692307693,0.770298800646746,0.8055555555555556,0.6904761904761905,0.7435897435897436,0.7444426769011135
5s_Bombyx-mori-1,ArchiveII,5s,121,mea,0,36,42,0.8333333333333334,0.7142857142857143,0.7692307692307693,0.770298800646746,0.8055555555555556,0.6904761904761905,0.7435897435897436,0.7444426769011135
5s_Bombyx-mori-1,ArchiveII,5s,121,centroid,0,36,42,0.8333333333333334,0.7142857142857143,0.7692307692307693,0.770298800646746,0.8055555555555556,0.6904761904761905,0.7435897435897436,0.7444426769011135
RNaseP_N.jensenii,ArchiveII,RNaseP,326,mfe,4,90,98,0.5444444444444444,0.5,0.5212765957446809,0.5209006791782893,0.45555555555555555,0.41836734693877553,0.43617021276595747,0.4355657167086062
RNaseP_N.jensenii,ArchiveII,RNaseP,326,mea,4,90,88,0.6777777777777778,0.6931818181818182,0.6853932584269663,0.6849072653226485,0.5666666666666667,0.5795454545454546,0.5730337078651685,0.5723515236633088
RNaseP_N.jensenii,ArchiveII,RNaseP,326,centroid,4,90,69,0.6444444444444445,0.8405797101449275,0.7295597484276729,0.7356238311506005,0.5444444444444444,0.7101449275362319,0.6163522012578616,0.6212441302378422
RNaseP_M.thermolithotrophicus,ArchiveII,RNaseP,234,mfe,8,55,68,0.6545454545454545,0.5294117647058824,0.5853658536585366,0.587745564885351,0.6363636363636364,0.5147058823529411,0.5691056910569106,0.5713568434492431
RNaseP_M.thermolithotrophicus,ArchiveII,RNaseP,234,mea,8,55,67,0.6545454545454545,0.5373134328358209,0.5901639344262295,0.5921379036086484,0.6545454545454545,0.5373134328358209,0.5901639344262295,0.5921379036086484
RNaseP_M.thermolithotrophicus,ArchiveII,RNaseP,234,centroid,8,55,59,0.6545454545454545,0.6101694915254238,0.631578947368421,0.6311982522824368,0.6363636363636364,0.5932203389830508,0.6140350877192983,0.6136068011103053
srp_Nitr.hamb._CP000319,ArchiveII,srp,101,mfe,0,30,36,0.3,0.25,0.2727272727272727,0.2691122873491372,0.3333333333333333,0.2777777777777778,0.30303030303030304,0.2997414748883111
srp_Nitr.hamb._CP000319,ArchiveII,srp,101,mea,0,30,32,0.3,0.28125,0.2903225806451613,0.2860945614878565,0.3333333333333333,0.3125,0.3225806451612903,0.3185687699732167
srp_Nitr.hamb._CP000319,ArchiveII,srp,101,centroid,0,30,21,0.3,0.42857142857142855,0.35294117647058826,0.35539302587469657,0.3333333333333333,0.47619047619047616,0.39215686274509803,0.3954361936718232
srp_Arch.fulg._AE000782,ArchiveII,srp,310,mfe,0,106,111,0.7735849056603774,0.7387387387387387,0.7557603686635944,0.7554075783831802,0.7075471698113207,0.6756756756756757,0.6912442396313364,0.6907277925389222
srp_Arch.fulg._AE000782,ArchiveII,srp,310,mea,0,106,111,0.7735849056603774,0.7387387387387387,0.7557603686635944,0.7554075783831802,0.7075471698113207,0.6756756756756757,0.6912442396313364,0.6907277925389222
srp_Arch.fulg._AE000782,ArchiveII,srp,310,centroid,0,106,105,0.7735849056603774,0.780952380952381,0.7772511848341233,0.776768218309869,0.7075471698113207,0.7142857142857143,0.7109004739336493,0.7102702848959337
srp_Esch.coli._AP009048,ArchiveII,srp,117,mfe,0,39,40,0.717948717948718,0.7,0.7088607594936709,0.7072137729649324,0.6923076923076923,0.675,0.6835443037974683,0.6817470518358144
srp_Esch.coli._AP009048,ArchiveII,srp,117,mea,0,39,41,0.717948717948718,0.6829268292682927,0.7,0.6984431792786292,0.6923076923076923,0.6585365853658537,0.675,0.6732870805010508
srp_Esch.coli._AP009048,ArchiveII,srp,117,centroid,0,39,41,0.717948717948718,0.6829268292682927,0.7,0.6984431792786292,0.6923076923076923,0.6585365853658537,0.675,0.6732870805010508
5s_Rhcoc_fas1B,ArchiveII,5s,120,mfe,0,33,35,0.8181818181818182,0.7714285714285715,0.7941176470588235,0.7934799858279311,0.7575757575757576,0.7142857142857143,0.7352941176470589,0.7343494225004799
5s_Rhcoc_fas1B,ArchiveII,5s,120,mea,0,33,32,0.9090909090909091,0.9375,0.9230769230769231,0.9228354842848657,0.8181818181818182,0.84375,0.8307692307692308,0.8300947265183707
5s_Rhcoc_fas1B,ArchiveII,5s,120,centroid,0,33,31,0.8787878787878788,0.9354838709677419,0.90625,0.9062749709328687,0.7878787878787878,0.8387096774193549,0.8125,0.8120568941923704
srp_Kluy.walt._AADM01000319,ArchiveII,srp,411,mfe,0,129,131,0.5503875968992248,0.5419847328244275,0.5461538461538461,0.5454687387028145,0.5038759689922481,0.4961832061068702,0.5,0.4992422024396186
srp_Kluy.walt._AADM01000319,ArchiveII,srp,411,mea,0,129,128,0.5503875968992248,0.5546875,0.5525291828793775,0.551849889111212,0.5038759689922481,0.5078125,0.5058365758754864,0.505085606927967
srp_Kluy.walt._AADM01000319,ArchiveII,srp,411,centroid,0,129,99,0.4728682170542636,0.6161616161616161,0.5350877192982456,0.5391689893304097,0.43410852713178294,0.5656565656565656,0.49122807017543857,0.4948647206153305
tmRNA_Esch.coli._BA000007_1-363,ArchiveII,tmRNA,363,mfe,22,81,103,0.5925925925925926,0.46601941747572817,0.5217391304347826,0.5248536814498242,0.49382716049382713,0.3883495145631068,0.43478260869565216,0.43714604370875965
tmRNA_Esch.coli._BA000007_1-363,ArchiveII,tmRNA,363,mea,22,81,101,0.5802469135802469,0.46534653465346537,0.5164835164835165,0.5189726940589945,0.49382716049382713,0.39603960396039606,0.43956043956043955,0.4414735738313521
tmRNA_Esch.coli._BA000007_1-363,ArchiveII,tmRNA,363,centroid,22,81,88,0.5802469135802469,0.5340909090909091,0.5562130177514792,0.5561209953186378,0.49382716049382713,0.45454545454545453,0.47337278106508873,0.47310283664685987
16s_P.occultum_domain2,ArchiveII,16s,358,mfe,9,98,119,0.6122448979591837,0.5042016806722689,0.5529953917050692,0.5548553635964618,0.6224489795918368,0.5126050420168067,0.5622119815668203,0.5641311661695052
16s_P.occultum_domain2,ArchiveII,16s,358,mea,9,98,114,0.6122448979591837,0.5263157894736842,0.5660377358490566,0.5669431206047325,0.6122448979591837,0.5263157894736842,0.5660377358490566,0.5669431206047325
16s_P.occultum_domain2,ArchiveII,16s,358,centroid,9,98,106,0.6122448979591837,0.5660377358490566,0.5882352941176471,0.5880317892182062,0.5918367346938775,0.5471698113207547,0.5686274509803921,0.5683774798695748
srp_Yers.pest._CP000308,ArchiveII,srp,117,mfe,0,39,40,0.717948717948718,0.7,0.7088607594936709,0.7072137729649324,0.6923076923076923,0.675,0.6835443037974683,0.6817470518358144
srp_Yers.pest._CP000308,ArchiveII,srp,117,mea,0,39,41,0.717948717948718,0.6829268292682927,0.7,0.6984431792786292,0.6923076923076923,0.6585365853658537,0.675,0.6732870805010508
srp_Yers.pest._CP000308,ArchiveII,srp,117,centroid,0,39,41,0.717948717948718,0.6829268292682927,0.7,0.6984431792786292,0.6923076923076923,0.6585365853658537,0.675,0.6732870805010508
tRNA_tdbR00000162-Spinacia_oleracea-3562-Ile-GAU,ArchiveII,tRNA,75,mfe,0,21,21,0.9523809523809523,0.9523809523809523,0.9523809523809523,0.9520178441747069,0.9047619047619048,0.9047619047619048,0.9047619047619048,0.9040356883494138
tRNA_tdbR00000162-Spinacia_oleracea-3562-Ile-GAU,ArchiveII,tRNA,75,mea,0,21,22,0.9523809523809523,0.9090909090909091,0.9302325581395349,0.9299435412427759,0.9047619047619048,0.8636363636363636,0.8837209302325582,0.8830560575597077
tRNA_tdbR00000162-Spinacia_oleracea-3562-Ile-GAU,ArchiveII,tRNA,75,centroid,0,21,22,0.9523809523809523,0.9090909090909091,0.9302325581395349,0.9299435412427759,0.9047619047619048,0.8636363636363636,0.8837209302325582,0.8830560575597077
5s_Emericella-nidulans-1,ArchiveII,5s,119,mfe,0,36,41,0.25,0.21951219512195122,0.23376623376623376,0.23005017269797737,0.2222222222222222,0.1951219512195122,0.2077922077922078,0.2038776926287456
5s_Emericella-nidulans-1,ArchiveII,5s,119,mea,0,36,41,0.25,0.21951219512195122,0.23376623376623376,0.23005017269797737,0.2222222222222222,0.1951219512195122,0.2077922077922078,0.2038776926287456
5s_Emericella-nidulans-1,ArchiveII,5s,119,centroid,0,36,41,0.25,0.21951219512195122,0.23376623376623376,0.23005017269797737,0.2222222222222222,0.1951219512195122,0.2077922077922078,0.2038776926287456
srp_Zea.mays._CF602412,ArchiveII,srp,303,mfe,0,97,105,0.4639175257731959,0.42857142857142855,0.44554455445544555,0.44467021851214794,0.4742268041237113,0.4380952380952381,0.45544554455445546,0.4546009045606598
srp_Zea.mays._CF602412,ArchiveII,srp,303,mea,0,97,103,0.6907216494845361,0.6504854368932039,0.67,0.6695805078291956,0.6804123711340206,0.6407766990291263,0.66,0.6595540905386046
srp_Zea.mays._CF602412,ArchiveII,srp,303,centroid,0,97,82,0.6494845360824743,0.7682926829268293,0.7039106145251397,0.7058266680319463,0.6185567010309279,0.7317073170731707,0.6703910614525139,0.6721228697420276
tmRNA_Myco.geni._U39713_1-385,ArchiveII,tmRNA,385,mfe,22,77,117,0.7142857142857143,0.4700854700854701,0.5670103092783505,0.5789369319970709,0.6753246753246753,0.4444444444444444,0.5360824742268041,0.5472884236708259
tmRNA_Myco.geni._U39713_1-385,ArchiveII,tmRNA,385,mea,22,77,102,0.7922077922077922,0.5980392156862745,0.6815642458100558,0.6879445370339529,0.7792207792207793,0.5882352941176471,0.6703910614525139,0.6766470797902464
tmRNA_Myco.geni._U39713_1-385,ArchiveII,tmRNA,385,centroid,22,77,86,0.6883116883116883,0.6162790697674418,0.6503067484662577,0.6509171088958533,0.7012987012987013,0.627906976744186,0.6625766871165644,0.6632193576760246
srp_Gluc.oxyd._CP000009,ArchiveII,srp,81,mfe,0,23,23,0.0,0.0,0.0,-0.007149518184644078,0.0,0.0,0.0,-0.007149518184644078
srp_Gluc.oxyd._CP000009,ArchiveII,srp,81,mea,0,23,23,0.0,0.0,0.0,-0.007149518184644078,0.0,0.0,0.0,-0.007149518184644078
srp_Gluc.oxyd._CP000009,ArchiveII,srp,81,centroid,0,23,21,0.0,0.0,0.0,-0.006829478569600082,0.0,0.0,0.0,-0.006829478569600082
tRNA_tdbR00000309-Enterobacteria_phage_T4-10665-Pro-NGG,ArchiveII,tRNA,77,mfe,0,21,23,1.0,0.9130434782608695,0.9545454545454546,0.9552041022205149,0.9047619047619048,0.8260869565217391,0.8636363636363636,0.8635115279345635
tRNA_tdbR00000309-Enterobacteria_phage_T4-10665-Pro-NGG,ArchiveII,tRNA,77,mea,0,21,23,1.0,0.9130434782608695,0.9545454545454546,0.9552041022205149,0.9047619047619048,0.8260869565217391,0.8636363636363636,0.8635115279345635
tRNA_tdbR00000309-Enterobacteria_phage_T4-10665-Pro-NGG,ArchiveII,tRNA,77,centroid,0,21,23,1.0,0.9130434782608695,0.9545454545454546,0.9552041022205149,0.9047619047619048,0.8260869565217391,0.8636363636363636,0.8635115279345635
5s_Sandaracinobacter-sibiricus-1,ArchiveII,5s,120,mfe,0,30,38,0.26666666666666666,0.21052631578947367,0.23529411764705882,0.23332180854539167,0.23333333333333334,0.18421052631578946,0.20588235294117646,0.2035626496848326
5s_Sandaracinobacter-sibiricus-1,ArchiveII,5s,120,mea,0,30,34,0.26666666666666666,0.23529411764705882,0.25,0.24712425520933648,0.23333333333333334,0.20588235294117646,0.21875,0.21567207727360274
5s_Sandaracinobacter-sibiricus-1,ArchiveII,5s,120,centroid,0,30,29,0.26666666666666666,0.27586206896551724,0.2711864406779661,0.2682024623652951,0.23333333333333334,0.2413793103448276,0.23728813559322035,0.2341586298090603
tRNA_tdbR00000383-Haloferax_volcanii-2246-Ser-GGA,ArchiveII,tRNA,84,mfe,0,21,25,1.0,0.84,0.9130434782608695,0.9159859731624186,0.8571428571428571,0.72,0.782608695652174,0.7841856222133042
tRNA_tdbR00000383-Haloferax_volcanii-2246-Ser-GGA,ArchiveII,tRNA,84,mea,0,21,25,1.0,0.84,0.9130434782608695,0.9159859731624186,0.8571428571428571,0.72,0.782608695652174,0.7841856222133042
tRNA_tdbR00000383-Haloferax_volcanii-2246-Ser-GGA,ArchiveII,tRNA,84,centroid,0,21,25,1.0,0.84,0.9130434782608695,0.9159859731624186,0.8571428571428571,0.72,0.782608695652174,0.7841856222133042
srp_Stap.aure._AC025951,ArchiveII,srp,101,mfe,0,33,33,0.9090909090909091,0.9090909090909091,0.9090909090909091,0.9084929421784116,0.7878787878787878,0.7878787878787878,0.7878787878787878,0.786483531749627
srp_Stap.aure._AC025951,ArchiveII,srp,101,mea,0,33,32,0.6666666666666666,0.6875,0.676923076923077,0.6749118136813891,0.6363636363636364,0.65625,0.6461538461538462,0.6439396147510429
srp_Stap.aure._AC025951,ArchiveII,srp,101,centroid,0,33,28,0.5757575757575758,0.6785714285714286,0.6229508196721312,0.6227963494367814,0.5454545454545454,0.6428571428571429,0.5901639344262295,0.5896988649098546
5s_Taphrina-deformans-1,ArchiveII,5s,119,mfe,0,35,37,0.2,0.1891891891891892,0.19444444444444445,0.19037012885108484,0.17142857142857143,0.16216216216216217,0.16666666666666666,0.16243840865833498
5s_Taphrina-deformans-1,ArchiveII,5s,119,mea,0,35,37,0.2,0.1891891891891892,0.19444444444444445,0.19037012885108484,0.17142857142857143,0.16216216216216217,0.16666666666666666,0.16243840865833498
5s_Taphrina-deformans-1,ArchiveII,5s,119,centroid,0,35,27,0.2,0.25925925925925924,0.22580645161290322,0.22432209355418198,0.17142857142857143,0.2222222222222222,0.1935483870967742,0.19164781823689406
RNaseP_T.delbrueckii,ArchiveII,RNaseP,295,mfe,0,63,96,0.5873015873015873,0.3854166666666667,0.46540880503144655,0.474845864069183,0.5873015873015873,0.3854166666666667,0.46540880503144655,0.474845864069183
RNaseP_T.delbrueckii,ArchiveII,RNaseP,295,mea,0,63,97,0.5873015873015873,0.38144329896907214,0.4625,0.47237870412201693,0.5873015873015873,0.38144329896907214,0.4625,0.47237870412201693
RNaseP_T.delbrueckii,ArchiveII,RNaseP,295,centroid,0,63,93,0.5873015873015873,0.3978494623655914,0.47435897435897434,0.48248419811512777,0.5873015873015873,0.3978494623655914,0.47435897435897434,0.48248419811512777
bpRNA_RFAM_15065,bpRNA_TS0,unknown,87,mfe,0,3,29,1.0,0.10344827586206896,0.1875,0.3205132320860015,1.0,0.10344827586206896,0.1875,0.3205132320860015
bpRNA_RFAM_15065,bpRNA_TS0,unknown,87,mea,0,3,25,0.3333333333333333,0.04,0.07142857142857142,0.11358064424913634,0.3333333333333333,0.04,0.07142857142857142,0.11358064424913634
bpRNA_RFAM_15065,bpRNA_TS0,unknown,87,centroid,0,3,21,0.0,0.0,0.0,-0.00212852696454195,0.0,0.0,0.0,-0.00212852696454195
bpRNA_CRW_31722,bpRNA_TS0,unknown,72,mfe,0,14,18,0.0,0.0,0.0,-0.006249808184053982,0.0,0.0,0.0,-0.006249808184053982
bpRNA_CRW_31722,bpRNA_TS0,unknown,72,mea,0,14,18,0.0,0.0,0.0,-0.006249808184053982,0.0,0.0,0.0,-0.006249808184053982
bpRNA_CRW_31722,bpRNA_TS0,unknown,72,centroid,0,14,17,0.0,0.0,0.0,-0.006072525608980626,0.0,0.0,0.0,-0.006072525608980626
bpRNA_RFAM_25434,bpRNA_TS0,unknown,37,mfe,0,3,10,1.0,0.3,0.46153846153846156,0.5448234385427267,0.6666666666666666,0.2,0.3076923076923077,0.36044721391393814
bpRNA_RFAM_25434,bpRNA_TS0,unknown,37,mea,0,3,10,1.0,0.3,0.46153846153846156,0.5448234385427267,0.6666666666666666,0.2,0.3076923076923077,0.36044721391393814
bpRNA_RFAM_25434,bpRNA_TS0,unknown,37,centroid,0,3,9,1.0,0.3333333333333333,0.5,0.5747318871277702,0.6666666666666666,0.2222222222222222,0.3333333333333333,0.3805302449019483
bpRNA_RFAM_2306,bpRNA_TS0,unknown,278,mfe,0,39,89,0.5384615384615384,0.23595505617977527,0.328125,0.3555054110046445,0.5641025641025641,0.24719101123595505,0.34375,0.37250722550523796
bpRNA_RFAM_2306,bpRNA_TS0,unknown,278,mea,0,39,78,0.5384615384615384,0.2692307692307692,0.358974358974359,0.3798945831398475,0.5641025641025641,0.28205128205128205,0.37606837606837606,0.39805311796964526
bpRNA_RFAM_2306,bpRNA_TS0,unknown,278,centroid,0,39,57,0.5128205128205128,0.3508771929824561,0.4166666666666667,0.42349325785936737,0.5384615384615384,0.3684210526315789,0.4375,0.44472922448686675
bpRNA_RFAM_21697,bpRNA_TS0,unknown,181,mfe,0,75,78,1.0,0.9615384615384616,0.9803921568627451,0.9804899609790658,0.8933333333333333,0.8589743589743589,0.8758169934640523,0.8754011775965576
bpRNA_RFAM_21697,bpRNA_TS0,unknown,181,mea,0,75,78,0.9866666666666667,0.9487179487179487,0.9673202614379085,0.9673538630562523,0.9066666666666666,0.8717948717948718,0.8888888888888888,0.8885372755193711
bpRNA_RFAM_21697,bpRNA_TS0,unknown,181,centroid,0,75,78,0.9866666666666667,0.9487179487179487,0.9673202614379085,0.9673538630562523,0.9066666666666666,0.8717948717948718,0.8888888888888888,0.8885372755193711
bpRNA_RFAM_16915,bpRNA_TS0,unknown,132,mfe,0,12,37,0.0,0.0,0.0,-0.0024440444995405173,0.16666666666666666,0.05405405405405406,0.08163265306122448,0.09274158046905098
bpRNA_RFAM_16915,bpRNA_TS0,unknown,132,mea,0,12,35,0.0,0.0,0.0,-0.0023767955650113,0.16666666666666666,0.05714285714285714,0.0851063829787234,0.09547927326873965
bpRNA_RFAM_16915,bpRNA_TS0,unknown,132,centroid,0,12,31,0.0,0.0,0.0,-0.0022363398716376253,0.16666666666666666,0.06451612903225806,0.09302325581395349,0.1017173941615823
bpRNA_RFAM_14208,bpRNA_TS0,unknown,129,mfe,0,22,40,0.0,0.0,0.0,-0.003606664037403713,0.2727272727272727,0.15,0.1935483870967742,0.19941573341353983
bpRNA_RFAM_14208,bpRNA_TS0,unknown,129,mea,0,22,36,0.0,0.0,0.0,-0.0034207493309750133,0.22727272727272727,0.1388888888888889,0.1724137931034483,0.17487285216226808
bpRNA_RFAM_14208,bpRNA_TS0,unknown,129,centroid,0,22,23,0.13636363636363635,0.13043478260869565,0.13333333333333333,0.13099865930753188,0.36363636363636365,0.34782608695652173,0.35555555555555557,0.3538831971121199
bpRNA_RFAM_6217,bpRNA_TS0,unknown,187,mfe,0,21,58,0.7142857142857143,0.25862068965517243,0.379746835443038,0.4287685150979526,0.6190476190476191,0.22413793103448276,0.3291139240506329,0.3713312002353238
bpRNA_RFAM_6217,bpRNA_TS0,unknown,187,mea,0,21,55,0.7142857142857143,0.2727272727272727,0.39473684210526316,0.4403756748730224,0.6190476190476191,0.23636363636363636,0.34210526315789475,0.3813977890641069
bpRNA_RFAM_6217,bpRNA_TS0,unknown,187,centroid,0,21,54,0.7142857142857143,0.2777777777777778,0.4,0.4444576406363767,0.6190476190476191,0.24074074074074073,0.3466666666666667,0.3849378849791219
bpRNA_RFAM_13033,bpRNA_TS0,unknown,166,mfe,0,43,46,0.627906976744186,0.5869565217391305,0.6067415730337079,0.6058075395838951,0.6046511627906976,0.5652173913043478,0.5842696629213483,0.5832495528834368
bpRNA_RFAM_13033,bpRNA_TS0,unknown,166,mea,0,43,45,0.6511627906976745,0.6222222222222222,0.6363636363636364,0.6353573390584721,0.627906976744186,0.6,0.6136363636363636,0.6125509207152292
bpRNA_RFAM_13033,bpRNA_TS0,unknown,166,centroid,0,43,44,0.6511627906976745,0.6363636363636364,0.6436781609195402,0.642585625891084,0.6046511627906976,0.5909090909090909,0.5977011494252874,0.596459063146942
bpRNA_RFAM_9189,bpRNA_TS0,unknown,234,mfe,0,42,78,0.5,0.2692307692307692,0.35,0.36560488041584865,0.4523809523809524,0.24358974358974358,0.31666666666666665,0.3305849679238064
bpRNA_RFAM_9189,bpRNA_TS0,unknown,234,mea,0,42,74,0.5238095238095238,0.2972972972972973,0.3793103448275862,0.39341486646664425,0.47619047619047616,0.2702702702702703,0.3448275862068966,0.3574635707820296
bpRNA_RFAM_9189,bpRNA_TS0,unknown,234,centroid,0,42,63,0.5238095238095238,0.3492063492063492,0.41904761904761906,0.4266234018152964,0.47619047619047616,0.31746031746031744,0.38095238095238093,0.38766758714935723
bpRNA_RFAM_36422,bpRNA_TS0,unknown,123,mfe,0,27,37,0.5185185185185185,0.3783783783783784,0.4375,0.4406070917233258,0.8148148148148148,0.5945945945945946,0.6875,0.6948000703341012
bpRNA_RFAM_36422,bpRNA_TS0,unknown,123,mea,0,27,37,0.5185185185185185,0.3783783783783784,0.4375,0.4406070917233258,0.8148148148148148,0.5945945945945946,0.6875,0.6948000703341012
bpRNA_RFAM_36422,bpRNA_TS0,unknown,123,centroid,0,27,36,0.5185185185185185,0.3888888888888889,0.4444444444444444,0.44677071696525267,0.8148148148148148,0.6111111111111112,0.6984126984126984,0.7044527148044217
bpRNA_CRW_42692,bpRNA_TS0,unknown,76,mfe,0,21,21,0.7619047619047619,0.7619047619047619,0.7619047619047619,0.7601373529263243,0.8095238095238095,0.8095238095238095,0.8095238095238095,0.8081098823410594
bpRNA_CRW_42692,bpRNA_TS0,unknown,76,mea,0,21,20,0.7142857142857143,0.75,0.7317073170731707,0.7299849926292354,0.8095238095238095,0.85,0.8292682926829268,0.8282820504602453
bpRNA_CRW_42692,bpRNA_TS0,unknown,76,centroid,0,21,20,0.7142857142857143,0.75,0.7317073170731707,0.7299849926292354,0.8095238095238095,0.85,0.8292682926829268,0.8282820504602453
bpRNA_CRW_41231,bpRNA_TS0,unknown,79,mfe,0,21,21,1.0,1.0,1.0,1.0,0.8095238095238095,0.8095238095238095,0.8095238095238095,0.8082166199813259
bpRNA_CRW_41231,bpRNA_TS0,unknown,79,mea,0,21,21,0.7619047619047619,0.7619047619047619,0.7619047619047619,0.7602707749766573,0.6666666666666666,0.6666666666666666,0.6666666666666666,0.6643790849673202
bpRNA_CRW_41231,bpRNA_TS0,unknown,79,centroid,0,21,18,0.7619047619047619,0.8888888888888888,0.8205128205128205,0.821842471494959,0.6666666666666666,0.7777777777777778,0.717948717948718,0.7183183431709895
bpRNA_RFAM_13647,bpRNA_TS0,unknown,138,mfe,0,17,38,0.7647058823529411,0.34210526315789475,0.4727272727272727,0.5102742020250971,0.6470588235294118,0.2894736842105263,0.4,0.431355621300749
bpRNA_RFAM_13647,bpRNA_TS0,unknown,138,mea,0,17,38,0.7647058823529411,0.34210526315789475,0.4727272727272727,0.5102742020250971,0.6470588235294118,0.2894736842105263,0.4,0.431355621300749
bpRNA_RFAM_13647,bpRNA_TS0,unknown,138,centroid,0,17,35,0.7647058823529411,0.37142857142857144,0.5,0.5318306445376414,0.6470588235294118,0.3142857142857143,0.4230769230769231,0.44961246404122585
bpRNA_RFAM_21540,bpRNA_TS0,unknown,83,mfe,0,26,28,1.0,0.9285714285714286,0.9629629629629629,0.9633387202384947,0.8846153846153846,0.8214285714285714,0.8518518518518519,0.8512620821198076
bpRNA_RFAM_21540,bpRNA_TS0,unknown,83,mea,0,26,28,1.0,0.9285714285714286,0.9629629629629629,0.9633387202384947,0.8846153846153846,0.8214285714285714,0.8518518518518519,0.8512620821198076
bpRNA_RFAM_21540,bpRNA_TS0,unknown,83,centroid,0,26,28,1.0,0.9285714285714286,0.9629629629629629,0.9633387202384947,0.8846153846153846,0.8214285714285714,0.8518518518518519,0.8512620821198076
bpRNA_RFAM_22343,bpRNA_TS0,unknown,96,mfe,0,30,29,0.9,0.9310344827586207,0.9152542372881356,0.9148357115380705,0.8333333333333334,0.8620689655172413,0.847457627118644,0.8465878449595249
bpRNA_RFAM_22343,bpRNA_TS0,unknown,96,mea,0,30,29,0.9,0.9310344827586207,0.9152542372881356,0.9148357115380705,0.8333333333333334,0.8620689655172413,0.847457627118644,0.8465878449595249
bpRNA_RFAM_22343,bpRNA_TS0,unknown,96,centroid,0,30,29,0.9,0.9310344827586207,0.9152542372881356,0.9148357115380705,0.8333333333333334,0.8620689655172413,0.847457627118644,0.8465878449595249
bpRNA_RFAM_42440,bpRNA_TS0,unknown,109,mfe,0,25,35,1.0,0.7142857142857143,0.8333333333333334,0.844432948584712,0.88,0.6285714285714286,0.7333333333333333,0.742494838818116
bpRNA_RFAM_42440,bpRNA_TS0,unknown,109,mea,0,25,35,1.0,0.7142857142857143,0.8333333333333334,0.844432948584712,0.88,0.6285714285714286,0.7333333333333333,0.742494838818116
bpRNA_RFAM_42440,bpRNA_TS0,unknown,109,centroid,0,25,35,1.0,0.7142857142857143,0.8333333333333334,0.844432948584712,0.88,0.6285714285714286,0.7333333333333333,0.742494838818116
bpRNA_RNP_182,bpRNA_TS0,unknown,313,mfe,0,88,91,0.7954545454545454,0.7692307692307693,0.7821229050279329,0.781833139133914,0.7159090909090909,0.6923076923076923,0.7039106145251397,0.7034662179504441
bpRNA_RNP_182,bpRNA_TS0,unknown,313,mea,0,88,90,0.7840909090909091,0.7666666666666667,0.7752808988764045,0.7749196976366565,0.7045454545454546,0.6888888888888889,0.6966292134831461,0.6961194157819509
bpRNA_RNP_182,bpRNA_TS0,unknown,313,centroid,0,88,84,0.75,0.7857142857142857,0.7674418604651163,0.7672399939752883,0.6818181818181818,0.7142857142857143,0.6976744186046512,0.6973305477119263
bpRNA_CRW_33861,bpRNA_TS0,unknown,72,mfe,0,20,23,0.8,0.6956521739130435,0.7441860465116279,0.7438700143954426,0.75,0.6521739130434783,0.6976744186046512,0.6968492468419074
bpRNA_CRW_33861,bpRNA_TS0,unknown,72,mea,0,20,22,0.8,0.7272727272727273,0.7619047619047619,0.7608143098966406,0.75,0.6818181818181818,0.7142857142857143,0.7127462513615453
bpRNA_CRW_33861,bpRNA_TS0,unknown,72,centroid,0,20,21,0.8,0.7619047619047619,0.7804878048780488,0.7789495586808949,0.75,0.7142857142857143,0.7317073170731707,0.7297600371869635
bpRNA_RFAM_7485,bpRNA_TS0,unknown,95,mfe,0,4,30,1.0,0.13333333333333333,0.23529411764705882,0.36408272143911447,1.0,0.13333333333333333,0.23529411764705882,0.36408272143911447
bpRNA_RFAM_7485,bpRNA_TS0,unknown,95,mea,0,4,30,1.0,0.13333333333333333,0.23529411764705882,0.36408272143911447,1.0,0.13333333333333333,0.23529411764705882,0.36408272143911447
bpRNA_RFAM_7485,bpRNA_TS0,unknown,95,centroid,0,4,30,1.0,0.13333333333333333,0.23529411764705882,0.36408272143911447,1.0,0.13333333333333333,0.23529411764705882,0.36408272143911447
bpRNA_RFAM_20546,bpRNA_TS0,unknown,80,mfe,0,23,32,0.391304347826087,0.28125,0.32727272727272727,0.3259965018448995,0.782608695652174,0.5625,0.6545454545454545,0.6606536095719043
bpRNA_RFAM_20546,bpRNA_TS0,unknown,80,mea,0,23,30,0.391304347826087,0.3,0.33962264150943394,0.3371390152648773,0.782608695652174,0.6,0.6792452830188679,0.6826609465849893
bpRNA_RFAM_20546,bpRNA_TS0,unknown,80,centroid,0,23,28,0.391304347826087,0.32142857142857145,0.35294117647058826,0.3494388868945509,0.782608695652174,0.6428571428571429,0.7058823529411765,0.7069738539143029
bpRNA_RFAM_36169,bpRNA_TS0,unknown,107,mfe,0,23,26,0.0,0.0,0.0,-0.004330831379463948,0.13043478260869565,0.11538461538461539,0.12244897959183673,0.11888059714699116
bpRNA_RFAM_36169,bpRNA_TS0,unknown,107,mea,0,23,26,0.0,0.0,0.0,-0.004330831379463948,0.13043478260869565,0.11538461538461539,0.12244897959183673,0.11888059714699116
bpRNA_RFAM_36169,bpRNA_TS0,unknown,107,centroid,0,23,25,0.0,0.0,0.0,-0.004246353460695366,0.08695652173913043,0.08,0.08333333333333333,0.07951389167183827
bpRNA_RFAM_21587,bpRNA_TS0,unknown,81,mfe,0,26,29,1.0,0.896551724137931,0.9454545454545454,0.9464221405596638,0.8461538461538461,0.7586206896551724,0.8,0.7995037237993299
bpRNA_RFAM_21587,bpRNA_TS0,unknown,81,mea,0,26,29,1.0,0.896551724137931,0.9454545454545454,0.9464221405596638,0.8461538461538461,0.7586206896551724,0.8,0.7995037237993299
bpRNA_RFAM_21587,bpRNA_TS0,unknown,81,centroid,0,26,29,1.0,0.896551724137931,0.9454545454545454,0.9464221405596638,0.8461538461538461,0.7586206896551724,0.8,0.7995037237993299
bpRNA_RFAM_38158,bpRNA_TS0,unknown,154,mfe,0,14,46,0.35714285714285715,0.10869565217391304,0.16666666666666666,0.19537121496160964,0.42857142857142855,0.13043478260869565,0.2,0.2348773731714365
bpRNA_RFAM_38158,bpRNA_TS0,unknown,154,mea,0,14,46,0.35714285714285715,0.10869565217391304,0.16666666666666666,0.19537121496160964,0.42857142857142855,0.13043478260869565,0.2,0.2348773731714365
bpRNA_RFAM_38158,bpRNA_TS0,unknown,154,centroid,0,14,41,0.35714285714285715,0.12195121951219512,0.18181818181818182,0.20714599951918636,0.42857142857142855,0.14634146341463414,0.21818181818181817,0.24898287905726274
bpRNA_RFAM_9138,bpRNA_TS0,unknown,205,mfe,0,31,59,0.6451612903225806,0.3389830508474576,0.4444444444444444,0.46661138331527846,0.6129032258064516,0.3220338983050847,0.4222222222222222,0.44317832956003983
bpRNA_RFAM_9138,bpRNA_TS0,unknown,205,mea,0,31,59,0.6451612903225806,0.3389830508474576,0.4444444444444444,0.46661138331527846,0.6129032258064516,0.3220338983050847,0.4222222222222222,0.44317832956003983
bpRNA_RFAM_9138,bpRNA_TS0,unknown,205,centroid,0,31,54,0.6451612903225806,0.37037037037037035,0.47058823529411764,0.48785867582727205,0.6129032258064516,0.35185185185185186,0.4470588235294118,0.4633677078887802
bpRNA_RFAM_25637,bpRNA_TS0,unknown,77,mfe,0,16,23,1.0,0.6956521739130435,0.8205128205128205,0.8330538900959374,0.875,0.6086956521739131,0.717948717948718,0.7280971349107535
bpRNA_RFAM_25637,bpRNA_TS0,unknown,77,mea,0,16,19,1.0,0.8421052631578947,0.9142857142857143,0.9171897913747524,0.875,0.7368421052631579,0.8,0.8017917293880598
bpRNA_RFAM_25637,bpRNA_TS0,unknown,77,centroid,0,16,18,1.0,0.8888888888888888,0.9411764705882353,0.9424849965332817,0.875,0.7777777777777778,0.8235294117647058,0.8239451452671029
bpRNA_CRW_20109,bpRNA_TS0,unknown,124,mfe,0,35,39,0.7714285714285715,0.6923076923076923,0.7297297297297297,0.7294928142612361,0.7714285714285715,0.6923076923076923,0.7297297297297297,0.7294928142612361
bpRNA_CRW_20109,bpRNA_TS0,unknown,124,mea,0,35,37,0.7428571428571429,0.7027027027027027,0.7222222222222222,0.7211866544935598,0.7428571428571429,0.7027027027027027,0.7222222222222222,0.7211866544935598
bpRNA_CRW_20109,bpRNA_TS0,unknown,124,centroid,0,35,24,0.5428571428571428,0.7916666666666666,0.6440677966101694,0.6542929647869911,0.5142857142857142,0.75,0.6101694915254238,0.6196556888386273
bpRNA_RFAM_18619,bpRNA_TS0,unknown,126,mfe,0,22,49,0.9545454545454546,0.42857142857142855,0.5915492957746479,0.638311299599314,0.9545454545454546,0.42857142857142855,0.5915492957746479,0.638311299599314
bpRNA_RFAM_18619,bpRNA_TS0,unknown,126,mea,0,22,50,0.9545454545454546,0.42,0.5833333333333334,0.6318517045811153,0.9545454545454546,0.42,0.5833333333333334,0.6318517045811153
bpRNA_RFAM_18619,bpRNA_TS0,unknown,126,centroid,0,22,49,0.9545454545454546,0.42857142857142855,0.5915492957746479,0.638311299599314,0.9545454545454546,0.42857142857142855,0.5915492957746479,0.638311299599314
bpRNA_RFAM_36465,bpRNA_TS0,unknown,122,mfe,0,36,39,0.75,0.6923076923076923,0.72,0.7191539030081957,0.75,0.6923076923076923,0.72,0.7191539030081957
bpRNA_RFAM_36465,bpRNA_TS0,unknown,122,mea,0,36,39,0.75,0.6923076923076923,0.72,0.7191539030081957,0.75,0.6923076923076923,0.72,0.7191539030081957
bpRNA_RFAM_36465,bpRNA_TS0,unknown,122,centroid,0,36,39,0.75,0.6923076923076923,0.72,0.7191539030081957,0.75,0.6923076923076923,0.72,0.7191539030081957
bpRNA_RFAM_2954,bpRNA_TS0,unknown,218,mfe,0,53,75,0.16981132075471697,0.12,0.140625,0.14046384363259,0.1320754716981132,0.09333333333333334,0.109375,0.10865571069521601
bpRNA_RFAM_2954,bpRNA_TS0,unknown,218,mea,0,53,75,0.16981132075471697,0.12,0.140625,0.14046384363259,0.1320754716981132,0.09333333333333334,0.109375,0.10865571069521601
bpRNA_RFAM_2954,bpRNA_TS0,unknown,218,centroid,0,53,75,0.16981132075471697,0.12,0.140625,0.14046384363259,0.1320754716981132,0.09333333333333334,0.109375,0.10865571069521601
bpRNA_RFAM_18409,bpRNA_TS0,unknown,66,mfe,0,17,24,0.8823529411764706,0.625,0.7317073170731707,0.7402697030403268,0.9411764705882353,0.6666666666666666,0.7804878048780488,0.7902548610036693
bpRNA_RFAM_18409,bpRNA_TS0,unknown,66,mea,0,17,24,0.8823529411764706,0.625,0.7317073170731707,0.7402697030403268,0.9411764705882353,0.6666666666666666,0.7804878048780488,0.7902548610036693
bpRNA_RFAM_18409,bpRNA_TS0,unknown,66,centroid,0,17,24,0.8823529411764706,0.625,0.7317073170731707,0.7402697030403268,0.9411764705882353,0.6666666666666666,0.7804878048780488,0.7902548610036693
bpRNA_RFAM_21383,bpRNA_TS0,unknown,97,mfe,0,28,33,0.8214285714285714,0.696969696969697,0.7540983606557377,0.7550620900026856,0.8928571428571429,0.7575757575757576,0.819672131147541,0.8212911147389899
bpRNA_RFAM_21383,bpRNA_TS0,unknown,97,mea,0,28,33,0.8214285714285714,0.696969696969697,0.7540983606557377,0.7550620900026856,0.8928571428571429,0.7575757575757576,0.819672131147541,0.8212911147389899
bpRNA_RFAM_21383,bpRNA_TS0,unknown,97,centroid,0,28,33,0.8214285714285714,0.696969696969697,0.7540983606557377,0.7550620900026856,0.8928571428571429,0.7575757575757576,0.819672131147541,0.8212911147389899
bpRNA_RFAM_29020,bpRNA_TS0,unknown,67,mfe,0,12,15,0.8333333333333334,0.6666666666666666,0.7407407407407407,0.7438298395233901,1.0,0.8,0.8888888888888888,0.8938168687241393
bpRNA_RFAM_29020,bpRNA_TS0,unknown,67,mea,0,12,15,0.8333333333333334,0.6666666666666666,0.7407407407407407,0.7438298395233901,1.0,0.8,0.8888888888888888,0.8938168687241393
bpRNA_RFAM_29020,bpRNA_TS0,unknown,67,centroid,0,12,15,0.8333333333333334,0.6666666666666666,0.7407407407407407,0.7438298395233901,1.0,0.8,0.8888888888888888,0.8938168687241393
bpRNA_RFAM_1364,bpRNA_TS0,unknown,68,mfe,0,18,18,0.5,0.5,0.5,0.49601769911504423,0.3888888888888889,0.3888888888888889,0.3888888888888889,0.38402163225172076
bpRNA_RFAM_1364,bpRNA_TS0,unknown,68,mea,0,18,13,0.4444444444444444,0.6153846153846154,0.5161290322580645,0.5197983683237172,0.3333333333333333,0.46153846153846156,0.3870967741935484,0.3881584924992116
bpRNA_RFAM_1364,bpRNA_TS0,unknown,68,centroid,0,18,5,0.2777777777777778,1.0,0.43478260869565216,0.5255369440226617,0.2777777777777778,1.0,0.43478260869565216,0.5255369440226617
bpRNA_RFAM_33614,bpRNA_TS0,unknown,88,mfe,0,20,29,1.0,0.6896551724137931,0.8163265306122449,0.829472850721489,0.8,0.5517241379310345,0.6530612244897959,0.662311909812731
bpRNA_RFAM_33614,bpRNA_TS0,unknown,88,mea,0,20,28,1.0,0.7142857142857143,0.8333333333333334,0.8442660208995849,0.8,0.5714285714285714,0.6666666666666666,0.6741686352151843
bpRNA_RFAM_33614,bpRNA_TS0,unknown,88,centroid,0,20,26,1.0,0.7692307692307693,0.8695652173913043,0.8763667873441591,0.8,0.6153846153846154,0.6956521739130435,0.6998948219599697
bpRNA_RFAM_13841,bpRNA_TS0,unknown,129,mfe,0,34,41,0.0,0.0,0.0,-0.004542959517055387,0.11764705882352941,0.0975609756097561,0.10666666666666667,0.10308020769330123
bpRNA_RFAM_13841,bpRNA_TS0,unknown,129,mea,0,34,32,0.0,0.0,0.0,-0.004011290921664607,0.058823529411764705,0.0625,0.06060606060606061,0.056865947771833555
bpRNA_RFAM_13841,bpRNA_TS0,unknown,129,centroid,0,34,15,0.0,0.0,0.0,-0.002743509034947009,0.0,0.0,0.0,-0.002743509034947009
bpRNA_RFAM_3130,bpRNA_TS0,unknown,196,mfe,0,16,65,0.0,0.0,0.0,-0.001691132835631266,0.75,0.18461538461538463,0.2962962962962963,0.37120365742106287
bpRNA_RFAM_3130,bpRNA_TS0,unknown,196,mea,0,16,65,0.0,0.0,0.0,-0.001691132835631266,0.75,0.18461538461538463,0.2962962962962963,0.37120365742106287
bpRNA_RFAM_3130,bpRNA_TS0,unknown,196,centroid,0,16,64,0.0,0.0,0.0,-0.0016780296456235652,0.75,0.1875,0.3,0.37410884372781
bpRNA_RFAM_2987,bpRNA_TS0,unknown,214,mfe,0,50,74,0.86,0.581081081081081,0.6935483870967742,0.7061678510394398,0.8,0.5405405405405406,0.6451612903225806,0.656713614048721
bpRNA_RFAM_2987,bpRNA_TS0,unknown,214,mea,0,50,71,0.88,0.6197183098591549,0.7272727272727273,0.7378239972462599,0.8,0.5633802816901409,0.6611570247933884,0.6705107947122114
bpRNA_RFAM_2987,bpRNA_TS0,unknown,214,centroid,0,50,67,0.86,0.6417910447761194,0.7350427350427351,0.7422926533497971,0.8,0.5970149253731343,0.6837606837606838,0.6903271590211641
bpRNA_RNP_31,bpRNA_TS0,unknown,293,mfe,0,70,86,0.5142857142857142,0.4186046511627907,0.46153846153846156,0.46301584055262623,0.4857142857142857,0.3953488372093023,0.4358974358974359,0.4371917902638883
bpRNA_RNP_31,bpRNA_TS0,unknown,293,mea,0,70,76,0.5285714285714286,0.4868421052631579,0.5068493150684932,0.5064370450955001,0.5,0.4605263157894737,0.4794520547945205,0.4789697476512506
bpRNA_RNP_31,bpRNA_TS0,unknown,293,centroid,0,70,59,0.4142857142857143,0.4915254237288136,0.4496124031007752,0.4504328486296103,0.35714285714285715,0.423728813559322,0.3875968992248062,0.3880966541646419
bpRNA_RFAM_24804,bpRNA_TS0,unknown,386,mfe,0,124,129,1.0,0.9612403100775194,0.9802371541501976,0.9803955935647801,0.8709677419354839,0.8372093023255814,0.8537549407114624,0.8536729346753194
bpRNA_RFAM_24804,bpRNA_TS0,unknown,386,mea,0,124,122,0.8709677419354839,0.8852459016393442,0.8780487804878049,0.8778756982680508,0.7741935483870968,0.7868852459016393,0.7804878048780488,0.7801497285302229
bpRNA_RFAM_24804,bpRNA_TS0,unknown,386,centroid,0,124,108,0.7661290322580645,0.8796296296296297,0.8189655172413793,0.820643814524407,0.6612903225806451,0.7592592592592593,0.7068965517241379,0.7081317339347569
bpRNA_CRW_54567,bpRNA_TS0,unknown,408,mfe,0,120,131,0.6083333333333333,0.5572519083969466,0.5816733067729084,0.5816017233400023,0.575,0.5267175572519084,0.549800796812749,0.5496502660579948
bpRNA_CRW_54567,bpRNA_TS0,unknown,408,mea,0,120,130,0.6166666666666667,0.5692307692307692,0.592,0.5918609150398474,0.575,0.5307692307692308,0.552,0.5517685167602041
bpRNA_CRW_54567,bpRNA_TS0,unknown,408,centroid,0,120,123,0.6,0.5853658536585366,0.5925925925925926,0.5920408778324868,0.5583333333333333,0.5447154471544715,0.551440329218107,0.5508251644666045
bpRNA_RFAM_38634,bpRNA_TS0,unknown,111,mfe,0,25,32,0.6,0.46875,0.5263157894736842,0.5281628298344252,0.48,0.375,0.42105263157894735,0.4215993241509496
bpRNA_RFAM_38634,bpRNA_TS0,unknown,111,mea,0,25,30,0.6,0.5,0.5454545454545454,0.5456948360815373,0.48,0.4,0.43636363636363634,0.4356546387478368
bpRNA_RFAM_38634,bpRNA_TS0,unknown,111,centroid,0,25,29,0.6,0.5172413793103449,0.5555555555555556,0.5551307136140035,0.48,0.41379310344827586,0.4444444444444444,0.4432185614968821
bpRNA_RFAM_5782,bpRNA_TS0,unknown,135,mfe,0,20,41,0.65,0.3170731707317073,0.4262295081967213,0.4523393910255608,0.55,0.2682926829268293,0.36065573770491804,0.382260004363013
bpRNA_RFAM_5782,bpRNA_TS0,unknown,135,mea,0,20,40,0.6,0.3,0.4,0.42253872144027815,0.5,0.25,0.3333333333333333,0.3515926895964446
bpRNA_RFAM_5782,bpRNA_TS0,unknown,135,centroid,0,20,39,0.6,0.3076923076923077,0.4067796610169492,0.427977270641262,0.5,0.2564102564102564,0.3389830508474576,0.3561314203637896
bpRNA_RFAM_15943,bpRNA_TS0,unknown,74,mfe,0,12,19,0.0,0.0,0.0,-0.005622670524873876,0.0,0.0,0.0,-0.005622670524873876
bpRNA_RFAM_15943,bpRNA_TS0,unknown,74,mea,0,12,12,0.75,0.75,0.75,0.7488843436221644,0.8333333333333334,0.8333333333333334,0.8333333333333334,0.8325895624147762
bpRNA_RFAM_15943,bpRNA_TS0,unknown,74,centroid,0,12,12,0.75,0.75,0.75,0.7488843436221644,0.8333333333333334,0.8333333333333334,0.8333333333333334,0.8325895624147762
bpRNA_RFAM_33533,bpRNA_TS0,unknown,58,mfe,0,9,13,0.6666666666666666,0.46153846153846156,0.5454545454545454,0.5518291368312039,0.5555555555555556,0.38461538461538464,0.45454545454545453,0.45875969869407707
bpRNA_RFAM_33533,bpRNA_TS0,unknown,58,mea,0,9,13,0.6666666666666666,0.46153846153846156,0.5454545454545454,0.5518291368312039,0.5555555555555556,0.38461538461538464,0.45454545454545453,0.45875969869407707
bpRNA_RFAM_33533,bpRNA_TS0,unknown,58,centroid,0,9,13,0.6666666666666666,0.46153846153846156,0.5454545454545454,0.5518291368312039,0.5555555555555556,0.38461538461538464,0.45454545454545453,0.45875969869407707
bpRNA_RFAM_12780,bpRNA_TS0,unknown,143,mfe,0,25,44,0.28,0.1590909090909091,0.2028985507246377,0.2084998724101773,0.28,0.1590909090909091,0.2028985507246377,0.2084998724101773
bpRNA_RFAM_12780,bpRNA_TS0,unknown,143,mea,0,25,43,0.28,0.16279069767441862,0.20588235294117646,0.21097527722125323,0.28,0.16279069767441862,0.20588235294117646,0.21097527722125323
bpRNA_RFAM_12780,bpRNA_TS0,unknown,143,centroid,0,25,35,0.28,0.2,0.23333333333333334,0.23442242537434713,0.28,0.2,0.23333333333333334,0.23442242537434713
bpRNA_RFAM_6799,bpRNA_TS0,unknown,76,mfe,0,21,28,0.9047619047619048,0.6785714285714286,0.7755102040816326,0.7817594570785801,0.9523809523809523,0.7142857142857143,0.8163265306122449,0.8233563812538154
bpRNA_RFAM_6799,bpRNA_TS0,unknown,76,mea,0,21,28,0.9047619047619048,0.6785714285714286,0.7755102040816326,0.7817594570785801,0.9523809523809523,0.7142857142857143,0.8163265306122449,0.8233563812538154
bpRNA_RFAM_6799,bpRNA_TS0,unknown,76,centroid,0,21,28,0.9047619047619048,0.6785714285714286,0.7755102040816326,0.7817594570785801,0.9523809523809523,0.7142857142857143,0.8163265306122449,0.8233563812538154
bpRNA_RFAM_26330,bpRNA_TS0,unknown,90,mfe,0,3,25,1.0,0.12,0.21428571428571427,0.3454566974818732,1.0,0.12,0.21428571428571427,0.3454566974818732
bpRNA_RFAM_26330,bpRNA_TS0,unknown,90,mea,0,3,25,1.0,0.12,0.21428571428571427,0.3454566974818732,1.0,0.12,0.21428571428571427,0.3454566974818732
bpRNA_RFAM_26330,bpRNA_TS0,unknown,90,centroid,0,3,20,1.0,0.15,0.2608695652173913,0.38647486152491817,1.0,0.15,0.2608695652173913,0.38647486152491817
bpRNA_tmRNA_240,bpRNA_TS0,unknown,396,mfe,0,31,131,0.6774193548387096,0.16030534351145037,0.25925925925925924,0.329062012091131,0.7096774193548387,0.16793893129770993,0.2716049382716049,0.34477047223341284
bpRNA_tmRNA_240,bpRNA_TS0,unknown,396,mea,0,31,119,0.6451612903225806,0.16806722689075632,0.26666666666666666,0.32882661296587645,0.7419354838709677,0.19327731092436976,0.30666666666666664,0.37826720531042485
bpRNA_tmRNA_240,bpRNA_TS0,unknown,396,centroid,0,31,108,0.6451612903225806,0.18518518518518517,0.28776978417266186,0.34521755109422897,0.7419354838709677,0.21296296296296297,0.33093525179856115,0.3971112565917642
bpRNA_SPR_563,bpRNA_TS0,unknown,77,mfe,0,21,24,0.3333333333333333,0.2916666666666667,0.3111111111111111,0.30648905363906886,0.2857142857142857,0.25,0.26666666666666666,0.2616003274929123
bpRNA_SPR_563,bpRNA_TS0,unknown,77,mea,0,21,24,0.3333333333333333,0.2916666666666667,0.3111111111111111,0.30648905363906886,0.2857142857142857,0.25,0.26666666666666666,0.2616003274929123
bpRNA_SPR_563,bpRNA_TS0,unknown,77,centroid,0,21,24,0.3333333333333333,0.2916666666666667,0.3111111111111111,0.30648905363906886,0.2857142857142857,0.25,0.26666666666666666,0.2616003274929123
bpRNA_RFAM_31470,bpRNA_TS0,unknown,52,mfe,0,10,13,1.0,0.7692307692307693,0.8695652173913043,0.8760577627345222,0.8,0.6153846153846154,0.6956521739130435,0.6991114423406187
bpRNA_RFAM_31470,bpRNA_TS0,unknown,52,mea,0,10,13,1.0,0.7692307692307693,0.8695652173913043,0.8760577627345222,0.8,0.6153846153846154,0.6956521739130435,0.6991114423406187
bpRNA_RFAM_31470,bpRNA_TS0,unknown,52,centroid,0,10,13,1.0,0.7692307692307693,0.8695652173913043,0.8760577627345222,0.8,0.6153846153846154,0.6956521739130435,0.6991114423406187
bpRNA_RFAM_8538,bpRNA_TS0,unknown,100,mfe,0,22,22,1.0,1.0,1.0,1.0,0.8636363636363636,0.8636363636363636,0.8636363636363636,0.8630275974025974
bpRNA_RFAM_8538,bpRNA_TS0,unknown,100,mea,0,22,22,1.0,1.0,1.0,1.0,0.8636363636363636,0.8636363636363636,0.8636363636363636,0.8630275974025974
bpRNA_RFAM_8538,bpRNA_TS0,unknown,100,centroid,0,22,22,1.0,1.0,1.0,1.0,0.8636363636363636,0.8636363636363636,0.8636363636363636,0.8630275974025974
bpRNA_RFAM_2008,bpRNA_TS0,unknown,70,mfe,0,19,20,0.8421052631578947,0.8,0.8205128205128205,0.819326499808941,0.6842105263157895,0.65,0.6666666666666666,0.6641769835748642
bpRNA_RFAM_2008,bpRNA_TS0,unknown,70,mea,0,19,20,0.8421052631578947,0.8,0.8205128205128205,0.819326499808941,0.6842105263157895,0.65,0.6666666666666666,0.6641769835748642
bpRNA_RFAM_2008,bpRNA_TS0,unknown,70,centroid,0,19,20,0.8421052631578947,0.8,0.8205128205128205,0.819326499808941,0.6842105263157895,0.65,0.6666666666666666,0.6641769835748642
bpRNA_RFAM_1177,bpRNA_TS0,unknown,70,mfe,0,20,26,0.55,0.4230769230769231,0.4782608695652174,0.4774873344172077,0.5,0.38461538461538464,0.43478260869565216,0.4332127361212754
bpRNA_RFAM_1177,bpRNA_TS0,unknown,70,mea,0,20,24,0.55,0.4583333333333333,0.5,0.4975396260786117,0.5,0.4166666666666667,0.45454545454545453,0.4514764404554625
bpRNA_RFAM_1177,bpRNA_TS0,unknown,70,centroid,0,20,24,0.55,0.4583333333333333,0.5,0.4975396260786117,0.5,0.4166666666666667,0.45454545454545453,0.4514764404554625
bpRNA_CRW_54646,bpRNA_TS0,unknown,373,mfe,0,98,102,0.7755102040816326,0.7450980392156863,0.76,0.7598061238001546,0.7040816326530612,0.6764705882352942,0.69,0.689691057177144
bpRNA_CRW_54646,bpRNA_TS0,unknown,373,mea,0,98,104,0.8469387755102041,0.7980769230769231,0.8217821782178217,0.8218862801115191,0.7346938775510204,0.6923076923076923,0.7128712871287128,0.712768459945535
bpRNA_CRW_54646,bpRNA_TS0,unknown,373,centroid,0,98,98,0.7959183673469388,0.7959183673469388,0.7959183673469388,0.7956296837441674,0.6938775510204082,0.6938775510204082,0.6938775510204082,0.6934445256162511
bpRNA_RFAM_22044,bpRNA_TS0,unknown,78,mfe,0,26,29,1.0,0.896551724137931,0.9454545454545454,0.9463869429288015,0.8461538461538461,0.7586206896551724,0.8,0.7993691999452419
bpRNA_RFAM_22044,bpRNA_TS0,unknown,78,mea,0,26,29,1.0,0.896551724137931,0.9454545454545454,0.9463869429288015,0.8461538461538461,0.7586206896551724,0.8,0.7993691999452419
bpRNA_RFAM_22044,bpRNA_TS0,unknown,78,centroid,0,26,29,1.0,0.896551724137931,0.9454545454545454,0.9463869429288015,0.8461538461538461,0.7586206896551724,0.8,0.7993691999452419
bpRNA_RFAM_26243,bpRNA_TS0,unknown,178,mfe,0,11,57,0.45454545454545453,0.08771929824561403,0.14705882352941177,0.19851991084239015,0.45454545454545453,0.08771929824561403,0.14705882352941177,0.19851991084239015
bpRNA_RFAM_26243,bpRNA_TS0,unknown,178,mea,0,11,57,0.45454545454545453,0.08771929824561403,0.14705882352941177,0.19851991084239015,0.45454545454545453,0.08771929824561403,0.14705882352941177,0.19851991084239015
bpRNA_RFAM_26243,bpRNA_TS0,unknown,178,centroid,0,11,57,0.45454545454545453,0.08771929824561403,0.14705882352941177,0.19851991084239015,0.45454545454545453,0.08771929824561403,0.14705882352941177,0.19851991084239015
bpRNA_RFAM_12784,bpRNA_TS0,unknown,121,mfe,0,26,34,0.15384615384615385,0.11764705882352941,0.13333333333333333,0.13098048469128862,0.11538461538461539,0.08823529411764706,0.1,0.09720728115176754
bpRNA_RFAM_12784,bpRNA_TS0,unknown,121,mea,0,26,28,0.15384615384615385,0.14285714285714285,0.14814814814814814,0.1450729355307618,0.11538461538461539,0.10714285714285714,0.1111111111111111,0.10787211920011294
bpRNA_RFAM_12784,bpRNA_TS0,unknown,121,centroid,0,26,26,0.15384615384615385,0.15384615384615385,0.15384615384615385,0.15080495948618702,0.11538461538461539,0.11538461538461539,0.11538461538461539,0.11220518491737734
bpRNA_RFAM_141,bpRNA_TS0,unknown,116,mfe,0,32,41,0.25,0.1951219512195122,0.2191780821917808,0.21661797662160168,0.3125,0.24390243902439024,0.273972602739726,0.27213757023004326
bpRNA_RFAM_141,bpRNA_TS0,unknown,116,mea,0,32,41,0.25,0.1951219512195122,0.2191780821917808,0.21661797662160168,0.28125,0.21951219512195122,0.2465753424657534,0.24437777342582245
bpRNA_RFAM_141,bpRNA_TS0,unknown,116,centroid,0,32,37,0.25,0.21621621621621623,0.2318840579710145,0.2285184699563777,0.28125,0.24324324324324326,0.2608695652173913,0.2577314834991759
bpRNA_RFAM_38360,bpRNA_TS0,unknown,224,mfe,0,53,70,0.7735849056603774,0.5857142857142857,0.6666666666666666,0.6723436927789245,0.7169811320754716,0.5428571428571428,0.6178861788617886,0.6229689285292394
bpRNA_RFAM_38360,bpRNA_TS0,unknown,224,mea,0,53,67,0.8867924528301887,0.7014925373134329,0.7833333333333333,0.7882270900791438,0.7735849056603774,0.6119402985074627,0.6833333333333333,0.6872970385711387
bpRNA_RFAM_38360,bpRNA_TS0,unknown,224,centroid,0,53,62,0.8867924528301887,0.7580645161290323,0.8173913043478261,0.8194975459464815,0.7735849056603774,0.6612903225806451,0.7130434782608696,0.7145871640989658
bpRNA_tmRNA_643,bpRNA_TS0,unknown,366,mfe,0,68,87,0.8088235294117647,0.632183908045977,0.7096774193548387,0.7147478691363511,0.7352941176470589,0.5747126436781609,0.6451612903225806,0.6496659852119666
bpRNA_tmRNA_643,bpRNA_TS0,unknown,366,mea,0,68,82,0.8676470588235294,0.7195121951219512,0.7866666666666666,0.789884566327607,0.7794117647058824,0.6463414634146342,0.7066666666666667,0.7094435059621038
bpRNA_tmRNA_643,bpRNA_TS0,unknown,366,centroid,0,68,77,0.8676470588235294,0.7662337662337663,0.8137931034482758,0.815166714081022,0.7794117647058824,0.6883116883116883,0.7310344827586207,0.7321581165586565
bpRNA_RFAM_31580,bpRNA_TS0,unknown,89,mfe,0,13,24,0.6153846153846154,0.3333333333333333,0.43243243243243246,0.45052905013909655,0.6923076923076923,0.375,0.4864864864864865,0.5074116836297047
bpRNA_RFAM_31580,bpRNA_TS0,unknown,89,mea,0,13,17,0.6153846153846154,0.47058823529411764,0.5333333333333333,0.5363967022017598,0.6923076923076923,0.5294117647058824,0.6,0.6039226444598398
bpRNA_RFAM_31580,bpRNA_TS0,unknown,89,centroid,0,13,17,0.6153846153846154,0.47058823529411764,0.5333333333333333,0.5363967022017598,0.6923076923076923,0.5294117647058824,0.6,0.6039226444598398
bpRNA_RFAM_18693,bpRNA_TS0,unknown,79,mfe,0,18,30,0.5555555555555556,0.3333333333333333,0.4166666666666667,0.4261092272690544,0.7222222222222222,0.43333333333333335,0.5416666666666666,0.5562224610862949
bpRNA_RFAM_18693,bpRNA_TS0,unknown,79,mea,0,18,30,0.5555555555555556,0.3333333333333333,0.4166666666666667,0.4261092272690544,0.7222222222222222,0.43333333333333335,0.5416666666666666,0.5562224610862949
bpRNA_RFAM_18693,bpRNA_TS0,unknown,79,centroid,0,18,30,0.5555555555555556,0.3333333333333333,0.4166666666666667,0.4261092272690544,0.7222222222222222,0.43333333333333335,0.5416666666666666,0.5562224610862949
bpRNA_RFAM_32073,bpRNA_TS0,unknown,69,mfe,0,10,14,0.0,0.0,0.0,-0.005069478967534947,0.0,0.0,0.0,-0.005069478967534947
bpRNA_RFAM_32073,bpRNA_TS0,unknown,69,mea,0,10,14,0.0,0.0,0.0,-0.005069478967534947,0.0,0.0,0.0,-0.005069478967534947
bpRNA_RFAM_32073,bpRNA_TS0,unknown,69,centroid,0,10,7,0.0,0.0,0.0,-0.0035792949681267444,0.0,0.0,0.0,-0.0035792949681267444
bpRNA_RFAM_30886,bpRNA_TS0,unknown,103,mfe,0,28,31,0.8214285714285714,0.7419354838709677,0.7796610169491526,0.7794395327484059,0.8571428571428571,0.7741935483870968,0.8135593220338984,0.8135734363050864
bpRNA_RFAM_30886,bpRNA_TS0,unknown,103,mea,0,28,31,0.8214285714285714,0.7419354838709677,0.7796610169491526,0.7794395327484059,0.8571428571428571,0.7741935483870968,0.8135593220338984,0.8135734363050864
bpRNA_RFAM_30886,bpRNA_TS0,unknown,103,centroid,0,28,31,0.8214285714285714,0.7419354838709677,0.7796610169491526,0.7794395327484059,0.8571428571428571,0.7741935483870968,0.8135593220338984,0.8135734363050864
bpRNA_RFAM_21157,bpRNA_TS0,unknown,91,mfe,0,27,32,0.9629629629629629,0.8125,0.8813559322033898,0.8837264197553109,0.7777777777777778,0.65625,0.711864406779661,0.712388631708325
bpRNA_RFAM_21157,bpRNA_TS0,unknown,91,mea,0,27,31,0.9629629629629629,0.8387096774193549,0.896551724137931,0.8979859945942436,0.7777777777777778,0.6774193548387096,0.7241379310344828,0.7239280464216352
bpRNA_RFAM_21157,bpRNA_TS0,unknown,91,centroid,0,27,31,0.9629629629629629,0.8387096774193549,0.896551724137931,0.8979859945942436,0.7777777777777778,0.6774193548387096,0.7241379310344828,0.7239280464216352
bpRNA_RFAM_24956,bpRNA_TS0,unknown,94,mfe,0,5,27,0.0,0.0,0.0,-0.0026679648914484334,0.0,0.0,0.0,-0.0026679648914484334
bpRNA_RFAM_24956,bpRNA_TS0,unknown,94,mea,0,5,27,0.0,0.0,0.0,-0.0026679648914484334,0.0,0.0,0.0,-0.0026679648914484334
bpRNA_RFAM_24956,bpRNA_TS0,unknown,94,centroid,0,5,26,0.0,0.0,0.0,-0.0026177906974803426,0.0,0.0,0.0,-0.0026177906974803426
bpRNA_RFAM_11948,bpRNA_TS0,unknown,129,mfe,0,4,40,0.0,0.0,0.0,-0.0015362085092148529,0.0,0.0,0.0,-0.0015362085092148529
bpRNA_RFAM_11948,bpRNA_TS0,unknown,129,mea,0,4,36,0.0,0.0,0.0,-0.0014570207193231322,0.0,0.0,0.0,-0.0014570207193231322
bpRNA_RFAM_11948,bpRNA_TS0,unknown,129,centroid,0,4,35,0.0,0.0,0.0,-0.0014365544245255788,0.0,0.0,0.0,-0.0014365544245255788
bpRNA_SPR_111,bpRNA_TS0,unknown,86,mfe,0,21,27,0.8571428571428571,0.6666666666666666,0.75,0.754367796972506,0.7619047619047619,0.5925925925925926,0.6666666666666666,0.6698204962370443
bpRNA_SPR_111,bpRNA_TS0,unknown,86,mea,0,21,25,1.0,0.84,0.9130434782608695,0.9160105889177025,0.8571428571428571,0.72,0.782608695652174,0.78425070294784
bpRNA_SPR_111,bpRNA_TS0,unknown,86,centroid,0,21,25,1.0,0.84,0.9130434782608695,0.9160105889177025,0.8571428571428571,0.72,0.782608695652174,0.78425070294784
bpRNA_tmRNA_610,bpRNA_TS0,unknown,350,mfe,0,80,107,0.9,0.6728971962616822,0.7700534759358288,0.7778838840001235,0.875,0.6542056074766355,0.7486631016042781,0.7562338542814245
bpRNA_tmRNA_610,bpRNA_TS0,unknown,350,mea,0,80,107,0.9,0.6728971962616822,0.7700534759358288,0.7778838840001235,0.875,0.6542056074766355,0.7486631016042781,0.7562338542814245
bpRNA_tmRNA_610,bpRNA_TS0,unknown,350,centroid,0,80,106,0.9,0.6792452830188679,0.7741935483870968,0.7815523707922675,0.8625,0.6509433962264151,0.7419354838709677,0.7489247692095515
bpRNA_RFAM_18946,bpRNA_TS0,unknown,107,mfe,0,18,31,0.9444444444444444,0.5483870967741935,0.6938775510204082,0.7186069977461785,0.8888888888888888,0.5161290322580645,0.6530612244897959,0.6760899106172719
bpRNA_RFAM_18946,bpRNA_TS0,unknown,107,mea,0,18,31,0.9444444444444444,0.5483870967741935,0.6938775510204082,0.7186069977461785,0.8888888888888888,0.5161290322580645,0.6530612244897959,0.6760899106172719
bpRNA_RFAM_18946,bpRNA_TS0,unknown,107,centroid,0,18,31,0.9444444444444444,0.5483870967741935,0.6938775510204082,0.7186069977461785,0.8888888888888888,0.5161290322580645,0.6530612244897959,0.6760899106172719
bpRNA_RFAM_5690,bpRNA_TS0,unknown,70,mfe,0,2,23,1.0,0.08695652173913043,0.16,0.29359794165979963,1.0,0.08695652173913043,0.16,0.29359794165979963
bpRNA_RFAM_5690,bpRNA_TS0,unknown,70,mea,0,2,23,1.0,0.08695652173913043,0.16,0.29359794165979963,1.0,0.08695652173913043,0.16,0.29359794165979963
bpRNA_RFAM_5690,bpRNA_TS0,unknown,70,centroid,0,2,23,1.0,0.08695652173913043,0.16,0.29359794165979963,1.0,0.08695652173913043,0.16,0.29359794165979963
bpRNA_RFAM_18698,bpRNA_TS0,unknown,82,mfe,0,15,20,0.0,0.0,0.0,-0.005243079471913574,0.0,0.0,0.0,-0.005243079471913574
bpRNA_RFAM_18698,bpRNA_TS0,unknown,82,mea,0,15,20,0.0,0.0,0.0,-0.005243079471913574,0.0,0.0,0.0,-0.005243079471913574
bpRNA_RFAM_18698,bpRNA_TS0,unknown,82,centroid,0,15,20,0.0,0.0,0.0,-0.005243079471913574,0.0,0.0,0.0,-0.005243079471913574
bpRNA_RFAM_38847,bpRNA_TS0,unknown,65,mfe,0,16,24,0.5,0.3333333333333333,0.4,0.40270004374160623,0.4375,0.2916666666666667,0.35,0.35117346334159755
bpRNA_RFAM_38847,bpRNA_TS0,unknown,65,mea,0,16,23,0.5,0.34782608695652173,0.41025641025641024,0.411666032562514,0.4375,0.30434782608695654,0.358974358974359,0.3590440225004424
bpRNA_RFAM_38847,bpRNA_TS0,unknown,65,centroid,0,16,23,0.5,0.34782608695652173,0.41025641025641024,0.411666032562514,0.4375,0.30434782608695654,0.358974358974359,0.3590440225004424
bpRNA_RFAM_33611,bpRNA_TS0,unknown,103,mfe,0,19,31,1.0,0.6129032258064516,0.76,0.7819833896064687,0.8947368421052632,0.5483870967741935,0.68,0.6991806976432609
bpRNA_RFAM_33611,bpRNA_TS0,unknown,103,mea,0,19,31,1.0,0.6129032258064516,0.76,0.7819833896064687,0.8947368421052632,0.5483870967741935,0.68,0.6991806976432609
bpRNA_RFAM_33611,bpRNA_TS0,unknown,103,centroid,0,19,31,1.0,0.6129032258064516,0.76,0.7819833896064687,0.8947368421052632,0.5483870967741935,0.68,0.6991806976432609
bpRNA_RFAM_25069,bpRNA_TS0,unknown,320,mfe,0,43,105,0.5581395348837209,0.22857142857142856,0.32432432432432434,0.35637634189318473,0.7441860465116279,0.3047619047619048,0.43243243243243246,0.4756079237521175
bpRNA_RFAM_25069,bpRNA_TS0,unknown,320,mea,0,43,104,0.6046511627906976,0.25,0.35374149659863946,0.3880452578075952,0.7674418604651163,0.3173076923076923,0.4489795918367347,0.4928722381288321
bpRNA_RFAM_25069,bpRNA_TS0,unknown,320,centroid,0,43,101,0.5813953488372093,0.24752475247524752,0.3472222222222222,0.3785973325625833,0.7209302325581395,0.3069306930693069,0.4305555555555556,0.4697710115687662
bpRNA_RFAM_7155,bpRNA_TS0,unknown,213,mfe,0,46,55,0.5434782608695652,0.45454545454545453,0.49504950495049505,0.4959081429715357,0.45652173913043476,0.38181818181818183,0.4158415841584158,0.4162055941958286
bpRNA_RFAM_7155,bpRNA_TS0,unknown,213,mea,0,46,54,0.5217391304347826,0.4444444444444444,0.48,0.4803998398127226,0.4782608695652174,0.4074074074074074,0.44,0.4401821576125563
bpRNA_RFAM_7155,bpRNA_TS0,unknown,213,centroid,0,46,49,0.5217391304347826,0.4897959183673469,0.5052631578947369,0.50447383180717,0.45652173913043476,0.42857142857142855,0.4421052631578947,0.44115120260720475
bpRNA_RFAM_21554,bpRNA_TS0,unknown,108,mfe,0,31,34,0.9032258064516129,0.8235294117647058,0.8615384615384616,0.8616855796840854,0.9032258064516129,0.8235294117647058,0.8615384615384616,0.8616855796840854
bpRNA_RFAM_21554,bpRNA_TS0,unknown,108,mea,0,31,33,1.0,0.9393939393939394,0.96875,0.9690547059433084,0.9032258064516129,0.8484848484848485,0.875,0.874736537141145
bpRNA_RFAM_21554,bpRNA_TS0,unknown,108,centroid,0,31,32,0.967741935483871,0.9375,0.9523809523809523,0.9522412760411927,0.8709677419354839,0.84375,0.8571428571428571,0.8564690577450823
bpRNA_RFAM_27946,bpRNA_TS0,unknown,68,mfe,0,16,18,0.625,0.5555555555555556,0.5882352941176471,0.5861804245168372,0.5625,0.5,0.5294117647058824,0.5268118042496598
bpRNA_RFAM_27946,bpRNA_TS0,unknown,68,mea,0,16,18,0.625,0.5555555555555556,0.5882352941176471,0.5861804245168372,0.5625,0.5,0.5294117647058824,0.5268118042496598
bpRNA_RFAM_27946,bpRNA_TS0,unknown,68,centroid,0,16,17,0.625,0.5882352941176471,0.6060606060606061,0.6034702610811794,0.5,0.47058823529411764,0.48484848484848486,0.4813176704695812
bpRNA_RFAM_10560,bpRNA_TS0,unknown,259,mfe,0,43,74,0.16279069767441862,0.0945945945945946,0.11965811965811966,0.12261955855560298,0.13953488372093023,0.08108108108108109,0.10256410256410256,0.1048608638682398
bpRNA_RFAM_10560,bpRNA_TS0,unknown,259,mea,0,43,66,0.16279069767441862,0.10606060606060606,0.12844036697247707,0.1300165540341509,0.13953488372093023,0.09090909090909091,0.11009174311926606,0.11121460680084824
bpRNA_RFAM_10560,bpRNA_TS0,unknown,259,centroid,0,43,63,0.16279069767441862,0.1111111111111111,0.1320754716981132,0.13314449913756296,0.13953488372093023,0.09523809523809523,0.11320754716981132,0.11390095824658707
bpRNA_RFAM_22188,bpRNA_TS0,unknown,64,mfe,0,18,20,1.0,0.9,0.9473684210526315,0.9482083627025755,0.9444444444444444,0.85,0.8947368421052632,0.8950022822302867
bpRNA_RFAM_22188,bpRNA_TS0,unknown,64,mea,0,18,20,1.0,0.9,0.9473684210526315,0.9482083627025755,0.9444444444444444,0.85,0.8947368421052632,0.8950022822302867
bpRNA_RFAM_22188,bpRNA_TS0,unknown,64,centroid,0,18,20,1.0,0.9,0.9473684210526315,0.9482083627025755,0.9444444444444444,0.85,0.8947368421052632,0.8950022822302867
bpRNA_RFAM_2722,bpRNA_TS0,unknown,397,mfe,0,93,127,0.5806451612903226,0.4251968503937008,0.4909090909090909,0.4961905528410423,0.5806451612903226,0.4251968503937008,0.4909090909090909,0.4961905528410423
bpRNA_RFAM_2722,bpRNA_TS0,unknown,397,mea,0,93,125,0.6021505376344086,0.448,0.5137614678899083,0.5187352427423029,0.6021505376344086,0.448,0.5137614678899083,0.5187352427423029
bpRNA_RFAM_2722,bpRNA_TS0,unknown,397,centroid,0,93,116,0.5913978494623656,0.47413793103448276,0.5263157894736842,0.5289138240649284,0.5913978494623656,0.47413793103448276,0.5263157894736842,0.5289138240649284
bpRNA_RFAM_34934,bpRNA_TS0,unknown,52,mfe,0,11,16,1.0,0.6875,0.8148148148148148,0.8275783537278724,0.8181818181818182,0.5625,0.6666666666666666,0.675271775373513
bpRNA_RFAM_34934,bpRNA_TS0,unknown,52,mea,0,11,16,1.0,0.6875,0.8148148148148148,0.8275783537278724,0.8181818181818182,0.5625,0.6666666666666666,0.675271775373513
bpRNA_RFAM_34934,bpRNA_TS0,unknown,52,centroid,0,11,16,1.0,0.6875,0.8148148148148148,0.8275783537278724,0.8181818181818182,0.5625,0.6666666666666666,0.675271775373513
bpRNA_RFAM_24976,bpRNA_TS0,unknown,139,mfe,0,12,45,1.0,0.26666666666666666,0.42105263157894735,0.515507507603582,1.0,0.26666666666666666,0.42105263157894735,0.515507507603582
bpRNA_RFAM_24976,bpRNA_TS0,unknown,139,mea,0,12,39,1.0,0.3076923076923077,0.47058823529411764,0.5539178873244645,1.0,0.3076923076923077,0.47058823529411764,0.5539178873244645
bpRNA_RFAM_24976,bpRNA_TS0,unknown,139,centroid,0,12,34,1.0,0.35294117647058826,0.5217391304347826,0.5934059148347562,1.0,0.35294117647058826,0.5217391304347826,0.5934059148347562
bpRNA_RFAM_11557,bpRNA_TS0,unknown,78,mfe,0,3,24,0.0,0.0,0.0,-0.0028383788970719544,0.0,0.0,0.0,-0.0028383788970719544
bpRNA_RFAM_11557,bpRNA_TS0,unknown,78,mea,0,3,15,0.0,0.0,0.0,-0.002240553574741104,0.0,0.0,0.0,-0.002240553574741104
bpRNA_RFAM_11557,bpRNA_TS0,unknown,78,centroid,0,3,4,0.0,0.0,0.0,-0.0011548930365948722,0.0,0.0,0.0,-0.0011548930365948722
bpRNA_RFAM_21216,bpRNA_TS0,unknown,114,mfe,0,31,36,0.8709677419354839,0.75,0.8059701492537313,0.807235846135756,0.8709677419354839,0.75,0.8059701492537313,0.807235846135756
bpRNA_RFAM_21216,bpRNA_TS0,unknown,114,mea,0,31,36,0.8709677419354839,0.75,0.8059701492537313,0.807235846135756,0.8709677419354839,0.75,0.8059701492537313,0.807235846135756
bpRNA_RFAM_21216,bpRNA_TS0,unknown,114,centroid,0,31,36,0.8709677419354839,0.75,0.8059701492537313,0.807235846135756,0.8709677419354839,0.75,0.8059701492537313,0.807235846135756
bpRNA_RFAM_7940,bpRNA_TS0,unknown,64,mfe,0,17,15,0.8823529411764706,1.0,0.9375,0.9388668857677784,0.7058823529411765,0.8,0.75,0.7494966364723465
bpRNA_RFAM_7940,bpRNA_TS0,unknown,64,mea,0,17,17,0.7058823529411765,0.7058823529411765,0.7058823529411765,0.7033811023158638,0.7647058823529411,0.7647058823529411,0.7647058823529411,0.762704881852691
bpRNA_RFAM_7940,bpRNA_TS0,unknown,64,centroid,0,17,17,0.7058823529411765,0.7058823529411765,0.7058823529411765,0.7033811023158638,0.7647058823529411,0.7647058823529411,0.7647058823529411,0.762704881852691
bpRNA_RFAM_2720,bpRNA_TS0,unknown,331,mfe,0,78,98,0.4358974358974359,0.3469387755102041,0.38636363636363635,0.38790685015070003,0.48717948717948717,0.3877551020408163,0.4318181818181818,0.4337315884435805
bpRNA_RFAM_2720,bpRNA_TS0,unknown,331,mea,0,78,92,0.5128205128205128,0.43478260869565216,0.47058823529411764,0.471374729686432,0.5256410256410257,0.44565217391304346,0.4823529411764706,0.4831979349334691
bpRNA_RFAM_2720,bpRNA_TS0,unknown,331,centroid,0,78,80,0.5,0.4875,0.4936708860759494,0.4929771544275068,0.5256410256410257,0.5125,0.5189873417721519,0.5183323145706109
bpRNA_RFAM_21276,bpRNA_TS0,unknown,99,mfe,0,25,29,0.96,0.8275862068965517,0.8888888888888888,0.890744891303188,0.88,0.7586206896551724,0.8148148148148148,0.8160510137811392
bpRNA_RFAM_21276,bpRNA_TS0,unknown,99,mea,0,25,26,0.96,0.9230769230769231,0.9411764705882353,0.9410485774064024,0.88,0.8461538461538461,0.8627450980392157,0.8621875784083811
bpRNA_RFAM_21276,bpRNA_TS0,unknown,99,centroid,0,25,25,0.96,0.96,0.96,0.9597927890592624,0.88,0.88,0.88,0.879378367177787
bpRNA_RFAM_42169,bpRNA_TS0,unknown,65,mfe,0,14,15,0.7142857142857143,0.6666666666666666,0.6896551724137931,0.6878939861127571,0.7142857142857143,0.6666666666666666,0.6896551724137931,0.6878939861127571
bpRNA_RFAM_42169,bpRNA_TS0,unknown,65,mea,0,14,12,0.7142857142857143,0.8333333333333334,0.7692307692307693,0.7700984733880271,0.7142857142857143,0.8333333333333334,0.7692307692307693,0.7700984733880271
bpRNA_RFAM_42169,bpRNA_TS0,unknown,65,centroid,0,14,12,0.7142857142857143,0.8333333333333334,0.7692307692307693,0.7700984733880271,0.7142857142857143,0.8333333333333334,0.7692307692307693,0.7700984733880271
bpRNA_RFAM_34572,bpRNA_TS0,unknown,125,mfe,0,24,33,0.4583333333333333,0.3333333333333333,0.38596491228070173,0.3886660441591188,0.4166666666666667,0.30303030303030304,0.3508771929824561,0.3530014316625741
bpRNA_RFAM_34572,bpRNA_TS0,unknown,125,mea,0,24,33,0.4166666666666667,0.30303030303030304,0.3508771929824561,0.3530014316625741,0.4166666666666667,0.30303030303030304,0.3508771929824561,0.3530014316625741
bpRNA_RFAM_34572,bpRNA_TS0,unknown,125,centroid,0,24,29,0.4166666666666667,0.3448275862068966,0.37735849056603776,0.37693380714218117,0.4166666666666667,0.3448275862068966,0.37735849056603776,0.37693380714218117
bpRNA_RFAM_38602,bpRNA_TS0,unknown,150,mfe,0,38,46,1.0,0.8260869565217391,0.9047619047619048,0.9085667595366961,0.8421052631578947,0.6956521739130435,0.7619047619047619,0.7645158890585819
bpRNA_RFAM_38602,bpRNA_TS0,unknown,150,mea,0,38,46,1.0,0.8260869565217391,0.9047619047619048,0.9085667595366961,0.8421052631578947,0.6956521739130435,0.7619047619047619,0.7645158890585819
bpRNA_RFAM_38602,bpRNA_TS0,unknown,150,centroid,0,38,46,1.0,0.8260869565217391,0.9047619047619048,0.9085667595366961,0.8421052631578947,0.6956521739130435,0.7619047619047619,0.7645158890585819
bpRNA_RFAM_1706,bpRNA_TS0,unknown,71,mfe,0,20,27,0.55,0.4074074074074074,0.46808510638297873,0.468443783912743,0.55,0.4074074074074074,0.46808510638297873,0.468443783912743
bpRNA_RFAM_1706,bpRNA_TS0,unknown,71,mea,0,20,27,0.55,0.4074074074074074,0.46808510638297873,0.468443783912743,0.55,0.4074074074074074,0.46808510638297873,0.468443783912743
bpRNA_RFAM_1706,bpRNA_TS0,unknown,71,centroid,0,20,27,0.55,0.4074074074074074,0.46808510638297873,0.468443783912743,0.55,0.4074074074074074,0.46808510638297873,0.468443783912743
bpRNA_RFAM_24906,bpRNA_TS0,unknown,77,mfe,0,4,23,1.0,0.17391304347826086,0.2962962962962963,0.4156707736492723,1.0,0.17391304347826086,0.2962962962962963,0.4156707736492723
bpRNA_RFAM_24906,bpRNA_TS0,unknown,77,mea,0,4,23,1.0,0.17391304347826086,0.2962962962962963,0.4156707736492723,1.0,0.17391304347826086,0.2962962962962963,0.4156707736492723
bpRNA_RFAM_24906,bpRNA_TS0,unknown,77,centroid,0,4,23,1.0,0.17391304347826086,0.2962962962962963,0.4156707736492723,1.0,0.17391304347826086,0.2962962962962963,0.4156707736492723
bpRNA_RFAM_23233,bpRNA_TS0,unknown,46,mfe,0,12,13,1.0,0.9230769230769231,0.96,0.960299223989041,0.9166666666666666,0.8461538461538461,0.88,0.879256358950827
bpRNA_RFAM_23233,bpRNA_TS0,unknown,46,mea,0,12,13,1.0,0.9230769230769231,0.96,0.960299223989041,0.9166666666666666,0.8461538461538461,0.88,0.879256358950827
bpRNA_RFAM_23233,bpRNA_TS0,unknown,46,centroid,0,12,13,1.0,0.9230769230769231,0.96,0.960299223989041,0.9166666666666666,0.8461538461538461,0.88,0.879256358950827
bpRNA_RFAM_5974,bpRNA_TS0,unknown,274,mfe,0,49,83,0.7551020408163265,0.4457831325301205,0.5606060606060606,0.5795000811421885,0.7142857142857143,0.42168674698795183,0.5303030303030303,0.5480834210686996
bpRNA_RFAM_5974,bpRNA_TS0,unknown,274,mea,0,49,81,0.7551020408163265,0.4567901234567901,0.5692307692307692,0.5866367226764787,0.7142857142857143,0.43209876543209874,0.5384615384615384,0.5548354198492185
bpRNA_RFAM_5974,bpRNA_TS0,unknown,274,centroid,0,49,75,0.7551020408163265,0.49333333333333335,0.5967741935483871,0.6097316482728837,0.7142857142857143,0.4666666666666667,0.5645161290322581,0.5766854212690188
bpRNA_RFAM_24717,bpRNA_TS0,unknown,197,mfe,0,47,51,0.8297872340425532,0.7647058823529411,0.7959183673469388,0.7960667081050751,0.7872340425531915,0.7254901960784313,0.7551020408163265,0.7551123944158723
bpRNA_RFAM_24717,bpRNA_TS0,unknown,197,mea,0,47,51,0.8297872340425532,0.7647058823529411,0.7959183673469388,0.7960667081050751,0.7872340425531915,0.7254901960784313,0.7551020408163265,0.7551123944158723
bpRNA_RFAM_24717,bpRNA_TS0,unknown,197,centroid,0,47,51,0.8297872340425532,0.7647058823529411,0.7959183673469388,0.7960667081050751,0.7872340425531915,0.7254901960784313,0.7551020408163265,0.7551123944158723
bpRNA_RFAM_9038,bpRNA_TS0,unknown,192,mfe,0,41,63,0.5609756097560976,0.36507936507936506,0.4423076923076923,0.45105650731991326,0.5365853658536586,0.3492063492063492,0.4230769230769231,0.4313245002144535
bpRNA_RFAM_9038,bpRNA_TS0,unknown,192,mea,0,41,60,0.34146341463414637,0.23333333333333334,0.27722772277227725,0.28033438961959156,0.34146341463414637,0.23333333333333334,0.27722772277227725,0.28033438961959156
bpRNA_RFAM_9038,bpRNA_TS0,unknown,192,centroid,0,41,46,0.34146341463414637,0.30434782608695654,0.3218390804597701,0.32076442711342346,0.34146341463414637,0.30434782608695654,0.3218390804597701,0.32076442711342346
bpRNA_RFAM_3685,bpRNA_TS0,unknown,123,mfe,0,28,34,0.8571428571428571,0.7058823529411765,0.7741935483870968,0.7769423201345648,0.7857142857142857,0.6470588235294118,0.7096774193548387,0.7118530143287403
bpRNA_RFAM_3685,bpRNA_TS0,unknown,123,mea,0,28,34,0.8571428571428571,0.7058823529411765,0.7741935483870968,0.7769423201345648,0.7857142857142857,0.6470588235294118,0.7096774193548387,0.7118530143287403
bpRNA_RFAM_3685,bpRNA_TS0,unknown,123,centroid,0,28,34,0.8571428571428571,0.7058823529411765,0.7741935483870968,0.7769423201345648,0.7857142857142857,0.6470588235294118,0.7096774193548387,0.7118530143287403
bpRNA_RFAM_8993,bpRNA_TS0,unknown,219,mfe,0,39,64,0.5128205128205128,0.3125,0.3883495145631068,0.39908852930064753,0.46153846153846156,0.28125,0.34951456310679613,0.35896993229171237
bpRNA_RFAM_8993,bpRNA_TS0,unknown,219,mea,0,39,60,0.5128205128205128,0.3333333333333333,0.40404040404040403,0.4122776163893726,0.46153846153846156,0.3,0.36363636363636365,0.37084678797802834
bpRNA_RFAM_8993,bpRNA_TS0,unknown,219,centroid,0,39,54,0.5128205128205128,0.37037037037037035,0.43010752688172044,0.43473804639003494,0.46153846153846156,0.3333333333333333,0.3870967741935484,0.3910716199629719
bpRNA_RFAM_34740,bpRNA_TS0,unknown,75,mfe,0,14,18,0.8571428571428571,0.6666666666666666,0.75,0.7545592114226581,0.9285714285714286,0.7222222222222222,0.8125,0.8179186223309696
bpRNA_RFAM_34740,bpRNA_TS0,unknown,75,mea,0,14,14,0.0,0.0,0.0,-0.0050706265845708075,0.0,0.0,0.0,-0.0050706265845708075
bpRNA_RFAM_34740,bpRNA_TS0,unknown,75,centroid,0,14,3,0.0,0.0,0.0,-0.002342582145591242,0.0,0.0,0.0,-0.002342582145591242
bpRNA_RFAM_31482,bpRNA_TS0,unknown,48,mfe,0,10,12,1.0,0.8333333333333334,0.9090909090909091,0.912054042274153,0.8,0.6666666666666666,0.7272727272727273,0.7276818272767973
bpRNA_RFAM_31482,bpRNA_TS0,unknown,48,mea,0,10,12,1.0,0.8333333333333334,0.9090909090909091,0.912054042274153,0.8,0.6666666666666666,0.7272727272727273,0.7276818272767973
bpRNA_RFAM_31482,bpRNA_TS0,unknown,48,centroid,0,10,12,1.0,0.8333333333333334,0.9090909090909091,0.912054042274153,0.8,0.6666666666666666,0.7272727272727273,0.7276818272767973
bpRNA_RFAM_16889,bpRNA_TS0,unknown,42,mfe,0,13,13,1.0,1.0,1.0,1.0,1.0,1.0,1.0,1.0
bpRNA_RFAM_16889,bpRNA_TS0,unknown,42,mea,0,13,13,1.0,1.0,1.0,1.0,1.0,1.0,1.0,1.0
bpRNA_RFAM_16889,bpRNA_TS0,unknown,42,centroid,0,13,13,1.0,1.0,1.0,1.0,1.0,1.0,1.0,1.0
bpRNA_RFAM_42575,bpRNA_TS0,unknown,100,mfe,0,5,30,0.0,0.0,0.0,-0.002483018356223027,0.0,0.0,0.0,-0.002483018356223027
bpRNA_RFAM_42575,bpRNA_TS0,unknown,100,mea,0,5,30,0.0,0.0,0.0,-0.002483018356223027,0.0,0.0,0.0,-0.002483018356223027
bpRNA_RFAM_42575,bpRNA_TS0,unknown,100,centroid,0,5,30,0.0,0.0,0.0,-0.002483018356223027,0.0,0.0,0.0,-0.002483018356223027
bpRNA_RFAM_41689,bpRNA_TS0,unknown,64,mfe,0,11,13,0.45454545454545453,0.38461538461538464,0.4166666666666667,0.41465757924228164,1.0,0.8461538461538461,0.9166666666666666,0.9194073104000394
bpRNA_RFAM_41689,bpRNA_TS0,unknown,64,mea,0,11,13,0.45454545454545453,0.38461538461538464,0.4166666666666667,0.41465757924228164,1.0,0.8461538461538461,0.9166666666666666,0.9194073104000394
bpRNA_RFAM_41689,bpRNA_TS0,unknown,64,centroid,0,11,13,0.45454545454545453,0.38461538461538464,0.4166666666666667,0.41465757924228164,1.0,0.8461538461538461,0.9166666666666666,0.9194073104000394
bpRNA_RFAM_1349,bpRNA_TS0,unknown,72,mfe,0,19,20,0.8947368421052632,0.85,0.8717948717948718,0.8711007380165079,0.7368421052631579,0.7,0.717948717948718,0.7160208610869345
bpRNA_RFAM_1349,bpRNA_TS0,unknown,72,mea,0,19,20,0.9473684210526315,0.9,0.9230769230769231,0.9227940303263656,0.7894736842105263,0.75,0.7692307692307693,0.7677141533967923
bpRNA_RFAM_1349,bpRNA_TS0,unknown,72,centroid,0,19,17,0.7894736842105263,0.8823529411764706,0.8333333333333334,0.8334604527119533,0.6842105263157895,0.7647058823529411,0.7222222222222222,0.7213882262273936
bpRNA_CRW_55438,bpRNA_TS0,unknown,126,mfe,0,41,46,0.9512195121951219,0.8478260869565217,0.896551724137931,0.897478901588017,0.8536585365853658,0.7608695652173914,0.8045977011494253,0.8048610336221852
bpRNA_CRW_55438,bpRNA_TS0,unknown,126,mea,0,41,46,0.9512195121951219,0.8478260869565217,0.896551724137931,0.897478901588017,0.8536585365853658,0.7608695652173914,0.8045977011494253,0.8048610336221852
bpRNA_CRW_55438,bpRNA_TS0,unknown,126,centroid,0,41,46,0.9512195121951219,0.8478260869565217,0.896551724137931,0.897478901588017,0.8536585365853658,0.7608695652173914,0.8045977011494253,0.8048610336221852
bpRNA_RFAM_14719,bpRNA_TS0,unknown,74,mfe,0,12,20,0.0,0.0,0.0,-0.005769813994819862,0.0,0.0,0.0,-0.005769813994819862
bpRNA_RFAM_14719,bpRNA_TS0,unknown,74,mea,0,12,18,0.0,0.0,0.0,-0.005471685638015871,0.0,0.0,0.0,-0.005471685638015871
bpRNA_RFAM_14719,bpRNA_TS0,unknown,74,centroid,0,12,18,0.0,0.0,0.0,-0.005471685638015871,0.0,0.0,0.0,-0.005471685638015871
bpRNA_RFAM_18140,bpRNA_TS0,unknown,166,mfe,0,30,51,0.9666666666666667,0.5686274509803921,0.7160493827160493,0.7407341009092575,0.9,0.5294117647058824,0.6666666666666666,0.6894514291268763
bpRNA_RFAM_18140,bpRNA_TS0,unknown,166,mea,0,30,50,0.9666666666666667,0.58,0.725,0.7481340836108465,0.9,0.54,0.675,0.6963430218269665
bpRNA_RFAM_18140,bpRNA_TS0,unknown,166,centroid,0,30,50,0.9666666666666667,0.58,0.725,0.7481340836108465,0.9,0.54,0.675,0.6963430218269665
bpRNA_tmRNA_168,bpRNA_TS0,unknown,291,mfe,0,39,92,0.3076923076923077,0.13043478260869565,0.183206106870229,0.19922386936345496,0.2564102564102564,0.10869565217391304,0.15267175572519084,0.16578292365745684
bpRNA_tmRNA_168,bpRNA_TS0,unknown,291,mea,0,39,82,0.3076923076923077,0.14634146341463414,0.19834710743801653,0.21116092412371024,0.2564102564102564,0.12195121951219512,0.1652892561983471,0.17574374490432504
bpRNA_tmRNA_168,bpRNA_TS0,unknown,291,centroid,0,39,47,0.3076923076923077,0.2553191489361702,0.27906976744186046,0.2795553321893517,0.2564102564102564,0.2127659574468085,0.23255813953488372,0.23279349442801364
bpRNA_RFAM_1862,bpRNA_TS0,unknown,69,mfe,0,20,23,0.3,0.2608695652173913,0.27906976744186046,0.27311224161304787,0.25,0.21739130434782608,0.23255813953488372,0.22605574052431326
bpRNA_RFAM_1862,bpRNA_TS0,unknown,69,mea,0,20,22,0.75,0.6818181818181818,0.7142857142857143,0.7125339363644423,0.6,0.5454545454545454,0.5714285714285714,0.5682227466052209
bpRNA_RFAM_1862,bpRNA_TS0,unknown,69,centroid,0,20,20,0.75,0.75,0.75,0.7478503869303526,0.6,0.6,0.6,0.5965606190885641
bpRNA_RFAM_9749,bpRNA_TS0,unknown,101,mfe,0,21,33,0.47619047619047616,0.30303030303030304,0.37037037037037035,0.37666988394280343,0.47619047619047616,0.30303030303030304,0.37037037037037035,0.37666988394280343
bpRNA_RFAM_9749,bpRNA_TS0,unknown,101,mea,0,21,33,0.47619047619047616,0.30303030303030304,0.37037037037037035,0.37666988394280343,0.47619047619047616,0.30303030303030304,0.37037037037037035,0.37666988394280343
bpRNA_RFAM_9749,bpRNA_TS0,unknown,101,centroid,0,21,32,0.47619047619047616,0.3125,0.37735849056603776,0.3826332203700561,0.47619047619047616,0.3125,0.37735849056603776,0.3826332203700561
bpRNA_RFAM_11103,bpRNA_TS0,unknown,75,mfe,0,22,28,0.8181818181818182,0.6428571428571429,0.72,0.7228089775054851,0.8636363636363636,0.6785714285714286,0.76,0.7634664330650935
bpRNA_RFAM_11103,bpRNA_TS0,unknown,75,mea,0,22,28,0.8181818181818182,0.6428571428571429,0.72,0.7228089775054851,0.8636363636363636,0.6785714285714286,0.76,0.7634664330650935
bpRNA_RFAM_11103,bpRNA_TS0,unknown,75,centroid,0,22,28,0.8181818181818182,0.6428571428571429,0.72,0.7228089775054851,0.8636363636363636,0.6785714285714286,0.76,0.7634664330650935
bpRNA_RFAM_33959,bpRNA_TS0,unknown,66,mfe,0,16,20,0.9375,0.75,0.8333333333333334,0.8372117643651465,1.0,0.8,0.8888888888888888,0.893586563754983
bpRNA_RFAM_33959,bpRNA_TS0,unknown,66,mea,0,16,20,0.9375,0.75,0.8333333333333334,0.8372117643651465,1.0,0.8,0.8888888888888888,0.893586563754983
bpRNA_RFAM_33959,bpRNA_TS0,unknown,66,centroid,0,16,20,0.9375,0.75,0.8333333333333334,0.8372117643651465,1.0,0.8,0.8888888888888888,0.893586563754983
bpRNA_RFAM_33698,bpRNA_TS0,unknown,82,mfe,0,14,22,0.2857142857142857,0.18181818181818182,0.2222222222222222,0.22385006425802811,0.2857142857142857,0.18181818181818182,0.2222222222222222,0.22385006425802811
bpRNA_RFAM_33698,bpRNA_TS0,unknown,82,mea,0,14,22,0.2857142857142857,0.18181818181818182,0.2222222222222222,0.22385006425802811,0.2857142857142857,0.18181818181818182,0.2222222222222222,0.22385006425802811
bpRNA_RFAM_33698,bpRNA_TS0,unknown,82,centroid,0,14,22,0.2857142857142857,0.18181818181818182,0.2222222222222222,0.22385006425802811,0.2857142857142857,0.18181818181818182,0.2222222222222222,0.22385006425802811
bpRNA_RFAM_9709,bpRNA_TS0,unknown,103,mfe,0,21,33,0.7142857142857143,0.45454545454545453,0.5555555555555556,0.5677098359975944,0.8095238095238095,0.5151515151515151,0.6296296296296297,0.6440761203051758
bpRNA_RFAM_9709,bpRNA_TS0,unknown,103,mea,0,21,33,0.7142857142857143,0.45454545454545453,0.5555555555555556,0.5677098359975944,0.8095238095238095,0.5151515151515151,0.6296296296296297,0.6440761203051758
bpRNA_RFAM_9709,bpRNA_TS0,unknown,103,centroid,0,21,33,0.7142857142857143,0.45454545454545453,0.5555555555555556,0.5677098359975944,0.8095238095238095,0.5151515151515151,0.6296296296296297,0.6440761203051758
bpRNA_RFAM_39694,bpRNA_TS0,unknown,151,mfe,0,41,40,0.926829268292683,0.95,0.9382716049382716,0.9381221050895343,0.8292682926829268,0.85,0.8395061728395061,0.8389946497921167
bpRNA_RFAM_39694,bpRNA_TS0,unknown,151,mea,0,41,40,0.926829268292683,0.95,0.9382716049382716,0.9381221050895343,0.8292682926829268,0.85,0.8395061728395061,0.8389946497921167
bpRNA_RFAM_39694,bpRNA_TS0,unknown,151,centroid,0,41,39,0.926829268292683,0.9743589743589743,0.95,0.9501219521697348,0.8048780487804879,0.8461538461538461,0.825,0.8246396663170809
bpRNA_RFAM_5352,bpRNA_TS0,unknown,61,mfe,0,12,19,0.8333333333333334,0.5263157894736842,0.6451612903225806,0.6596030115141616,0.8333333333333334,0.5263157894736842,0.6451612903225806,0.6596030115141616
bpRNA_RFAM_5352,bpRNA_TS0,unknown,61,mea,0,12,19,0.8333333333333334,0.5263157894736842,0.6451612903225806,0.6596030115141616,0.8333333333333334,0.5263157894736842,0.6451612903225806,0.6596030115141616
bpRNA_RFAM_5352,bpRNA_TS0,unknown,61,centroid,0,12,19,0.8333333333333334,0.5263157894736842,0.6451612903225806,0.6596030115141616,0.8333333333333334,0.5263157894736842,0.6451612903225806,0.6596030115141616
bpRNA_RFAM_2400,bpRNA_TS0,unknown,389,mfe,0,97,125,0.711340206185567,0.552,0.6216216216216216,0.6260875041224112,0.6288659793814433,0.488,0.5495495495495496,0.5533282266113877
bpRNA_RFAM_2400,bpRNA_TS0,unknown,389,mea,0,97,122,0.711340206185567,0.5655737704918032,0.6301369863013698,0.6337614330099943,0.6391752577319587,0.5081967213114754,0.5662100456621004,0.5693203433129735
bpRNA_RFAM_2400,bpRNA_TS0,unknown,389,centroid,0,97,113,0.6804123711340206,0.584070796460177,0.6285714285714286,0.6298929327612239,0.5979381443298969,0.5132743362831859,0.5523809523809524,0.5533738810679311
bpRNA_RFAM_6874,bpRNA_TS0,unknown,82,mfe,0,7,19,0.42857142857142855,0.15789473684210525,0.23076923076923078,0.25766943836580036,0.42857142857142855,0.15789473684210525,0.23076923076923078,0.25766943836580036
bpRNA_RFAM_6874,bpRNA_TS0,unknown,82,mea,0,7,18,0.42857142857142855,0.16666666666666666,0.24,0.2648785924556606,0.42857142857142855,0.16666666666666666,0.24,0.2648785924556606
bpRNA_RFAM_6874,bpRNA_TS0,unknown,82,centroid,0,7,18,0.42857142857142855,0.16666666666666666,0.24,0.2648785924556606,0.42857142857142855,0.16666666666666666,0.24,0.2648785924556606
bpRNA_CRW_26859,bpRNA_TS0,unknown,73,mfe,0,21,21,0.3333333333333333,0.3333333333333333,0.3333333333333333,0.32796317606444186,0.2857142857142857,0.2857142857142857,0.2857142857142857,0.27996054578333057
bpRNA_CRW_26859,bpRNA_TS0,unknown,73,mea,0,21,17,0.8095238095238095,1.0,0.8947368421052632,0.8990459583190871,0.6666666666666666,0.8235294117647058,0.7368421052631579,0.7391127843894478
bpRNA_CRW_26859,bpRNA_TS0,unknown,73,centroid,0,21,17,0.8095238095238095,1.0,0.8947368421052632,0.8990459583190871,0.6666666666666666,0.8235294117647058,0.7368421052631579,0.7391127843894478
bpRNA_RFAM_15371,bpRNA_TS0,unknown,114,mfe,0,20,33,0.0,0.0,0.0,-0.0040050632702919794,0.0,0.0,0.0,-0.0040050632702919794
bpRNA_RFAM_15371,bpRNA_TS0,unknown,114,mea,0,20,30,0.0,0.0,0.0,-0.003817784424228191,0.0,0.0,0.0,-0.003817784424228191
bpRNA_RFAM_15371,bpRNA_TS0,unknown,114,centroid,0,20,24,0.0,0.0,0.0,-0.0034131334107577118,0.0,0.0,0.0,-0.0034131334107577118
bpRNA_RFAM_5849,bpRNA_TS0,unknown,97,mfe,0,19,23,0.42105263157894735,0.34782608695652173,0.38095238095238093,0.3799156631712079,0.631578947368421,0.5217391304347826,0.5714285714285714,0.572128569935506
bpRNA_RFAM_5849,bpRNA_TS0,unknown,97,mea,0,19,23,0.42105263157894735,0.34782608695652173,0.38095238095238093,0.3799156631712079,0.631578947368421,0.5217391304347826,0.5714285714285714,0.572128569935506
bpRNA_RFAM_5849,bpRNA_TS0,unknown,97,centroid,0,19,23,0.42105263157894735,0.34782608695652173,0.38095238095238093,0.3799156631712079,0.631578947368421,0.5217391304347826,0.5714285714285714,0.572128569935506
bpRNA_RFAM_26347,bpRNA_TS0,unknown,86,mfe,0,3,25,1.0,0.12,0.21428571428571427,0.3453651812701085,1.0,0.12,0.21428571428571427,0.3453651812701085
bpRNA_RFAM_26347,bpRNA_TS0,unknown,86,mea,0,3,27,1.0,0.1111111111111111,0.2,0.3322362376530189,1.0,0.1111111111111111,0.2,0.3322362376530189
bpRNA_RFAM_26347,bpRNA_TS0,unknown,86,centroid,0,3,13,1.0,0.23076923076923078,0.375,0.47972631004247734,1.0,0.23076923076923078,0.375,0.47972631004247734
bpRNA_RFAM_37473,bpRNA_TS0,unknown,117,mfe,0,30,33,0.5666666666666667,0.5151515151515151,0.5396825396825397,0.5381569124099431,0.5666666666666667,0.5151515151515151,0.5396825396825397,0.5381569124099431
bpRNA_RFAM_37473,bpRNA_TS0,unknown,117,mea,0,30,33,0.5666666666666667,0.5151515151515151,0.5396825396825397,0.5381569124099431,0.5666666666666667,0.5151515151515151,0.5396825396825397,0.5381569124099431
bpRNA_RFAM_37473,bpRNA_TS0,unknown,117,centroid,0,30,30,0.5666666666666667,0.5666666666666667,0.5666666666666667,0.5647424511545293,0.5,0.5,0.5,0.4977797513321492
bpRNA_RFAM_18515,bpRNA_TS0,unknown,227,mfe,0,21,77,0.9047619047619048,0.24675324675324675,0.3877551020408163,0.47183043794670904,1.0,0.2727272727272727,0.42857142857142855,0.5216621321600979
bpRNA_RFAM_18515,bpRNA_TS0,unknown,227,mea,0,21,76,0.9047619047619048,0.25,0.3917525773195876,0.47493568765934974,1.0,0.27631578947368424,0.4329896907216495,0.5250931699572542
bpRNA_RFAM_18515,bpRNA_TS0,unknown,227,centroid,0,21,70,0.9047619047619048,0.2714285714285714,0.4175824175824176,0.4949419624242398,1.0,0.3,0.46153846153846156,0.547198732980031
bpRNA_RFAM_38370,bpRNA_TS0,unknown,217,mfe,0,53,73,0.7735849056603774,0.5616438356164384,0.6507936507936508,0.6582658579039533,0.6792452830188679,0.4931506849315068,0.5714285714285714,0.5776649916310993
bpRNA_RFAM_38370,bpRNA_TS0,unknown,217,mea,0,53,72,0.660377358490566,0.4861111111111111,0.56,0.5654555943744743,0.660377358490566,0.4861111111111111,0.56,0.5654555943744743
bpRNA_RFAM_38370,bpRNA_TS0,unknown,217,centroid,0,53,64,0.660377358490566,0.546875,0.5982905982905983,0.5999649890760707,0.6415094339622641,0.53125,0.5811965811965812,0.5827519516159342
bpRNA_CRW_16282,bpRNA_TS0,unknown,117,mfe,0,34,39,0.9117647058823529,0.7948717948717948,0.8493150684931506,0.8505230008215395,0.8823529411764706,0.7692307692307693,0.821917808219178,0.822912739227706
bpRNA_CRW_16282,bpRNA_TS0,unknown,117,mea,0,34,37,0.8823529411764706,0.8108108108108109,0.8450704225352113,0.8450197471289624,0.8529411764705882,0.7837837837837838,0.8169014084507042,0.8166772831160665
bpRNA_CRW_16282,bpRNA_TS0,unknown,117,centroid,0,34,35,0.8529411764705882,0.8285714285714286,0.8405797101449275,0.8398543580593171,0.8235294117647058,0.8,0.8115942028985508,0.8107176754056366
bpRNA_RFAM_24722,bpRNA_TS0,unknown,201,mfe,0,45,57,0.7111111111111111,0.5614035087719298,0.6274509803921569,0.63091997987664,0.8,0.631578947368421,0.7058823529411765,0.7101007401880214
bpRNA_RFAM_24722,bpRNA_TS0,unknown,201,mea,0,45,56,0.6888888888888889,0.5535714285714286,0.6138613861386139,0.6165864471177793,0.7777777777777778,0.625,0.693069306930693,0.6964690574956024
bpRNA_RFAM_24722,bpRNA_TS0,unknown,201,centroid,0,45,55,0.6888888888888889,0.5636363636363636,0.62,0.6221961231824337,0.7555555555555555,0.6181818181818182,0.68,0.6826487737007028
bpRNA_RFAM_42225,bpRNA_TS0,unknown,167,mfe,0,51,55,0.7450980392156863,0.6909090909090909,0.7169811320754716,0.7164105425970728,0.7058823529411765,0.6545454545454545,0.6792452830188679,0.6785028497895341
bpRNA_RFAM_42225,bpRNA_TS0,unknown,167,mea,0,51,53,0.7450980392156863,0.7169811320754716,0.7307692307692307,0.7298917714243687,0.6862745098039216,0.660377358490566,0.6730769230769231,0.6719715028611796
bpRNA_RFAM_42225,bpRNA_TS0,unknown,167,centroid,0,51,52,0.7450980392156863,0.7307692307692307,0.7378640776699029,0.7369215735658922,0.6862745098039216,0.6730769230769231,0.6796116504854369,0.6784491487308705
bpRNA_RFAM_19252,bpRNA_TS0,unknown,103,mfe,0,24,38,1.0,0.631578947368421,0.7741935483870968,0.7936548197701626,0.9166666666666666,0.5789473684210527,0.7096774193548387,0.7270349928565694
bpRNA_RFAM_19252,bpRNA_TS0,unknown,103,mea,0,24,38,1.0,0.631578947368421,0.7741935483870968,0.7936548197701626,0.9166666666666666,0.5789473684210527,0.7096774193548387,0.7270349928565694
bpRNA_RFAM_19252,bpRNA_TS0,unknown,103,centroid,0,24,38,1.0,0.631578947368421,0.7741935483870968,0.7936548197701626,0.9166666666666666,0.5789473684210527,0.7096774193548387,0.7270349928565694
bpRNA_RFAM_42484,bpRNA_TS0,unknown,121,mfe,0,30,35,0.8333333333333334,0.7142857142857143,0.7692307692307693,0.7705026957148451,0.7666666666666667,0.6571428571428571,0.7076923076923077,0.708503808811107
bpRNA_RFAM_42484,bpRNA_TS0,unknown,121,mea,0,30,27,0.8333333333333334,0.9259259259259259,0.8771929824561403,0.8779367469604917,0.7666666666666667,0.8518518518518519,0.8070175438596491,0.8073869569009071
bpRNA_RFAM_42484,bpRNA_TS0,unknown,121,centroid,0,30,27,0.8333333333333334,0.9259259259259259,0.8771929824561403,0.8779367469604917,0.7666666666666667,0.8518518518518519,0.8070175438596491,0.8073869569009071
bpRNA_RFAM_14510,bpRNA_TS0,unknown,88,mfe,0,18,32,0.7777777777777778,0.4375,0.56,0.5808582019604906,0.7777777777777778,0.4375,0.56,0.5808582019604906
bpRNA_RFAM_14510,bpRNA_TS0,unknown,88,mea,0,18,31,0.7777777777777778,0.45161290322580644,0.5714285714285714,0.5902751475104391,0.7777777777777778,0.45161290322580644,0.5714285714285714,0.5902751475104391
bpRNA_RFAM_14510,bpRNA_TS0,unknown,88,centroid,0,18,31,0.7777777777777778,0.45161290322580644,0.5714285714285714,0.5902751475104391,0.7777777777777778,0.45161290322580644,0.5714285714285714,0.5902751475104391
bpRNA_SRP_861,bpRNA_TS0,unknown,100,mfe,0,19,33,0.5789473684210527,0.3333333333333333,0.4230769230769231,0.4365324421716643,0.8421052631578947,0.48484848484848486,0.6153846153846154,0.6372677773211114
bpRNA_SRP_861,bpRNA_TS0,unknown,100,mea,0,19,33,0.5789473684210527,0.3333333333333333,0.4230769230769231,0.4365324421716643,0.8421052631578947,0.48484848484848486,0.6153846153846154,0.6372677773211114
bpRNA_SRP_861,bpRNA_TS0,unknown,100,centroid,0,19,31,0.5789473684210527,0.3548387096774194,0.44,0.45062040385343666,0.7894736842105263,0.4838709677419355,0.6,0.6162742906416145
bpRNA_RFAM_26614,bpRNA_TS0,unknown,145,mfe,0,27,43,0.8888888888888888,0.5581395348837209,0.6857142857142857,0.7034555197496911,0.8518518518518519,0.5348837209302325,0.6571428571428571,0.6740084264326097
bpRNA_RFAM_26614,bpRNA_TS0,unknown,145,mea,0,27,44,0.8888888888888888,0.5454545454545454,0.676056338028169,0.6953739200545785,0.8518518518518519,0.5227272727272727,0.647887323943662,0.6662619759495074
bpRNA_RFAM_26614,bpRNA_TS0,unknown,145,centroid,0,27,40,0.8518518518518519,0.575,0.6865671641791045,0.6989628580743044,0.8148148148148148,0.55,0.6567164179104478,0.6684358657788905
bpRNA_RFAM_32711,bpRNA_TS0,unknown,84,mfe,0,11,26,0.45454545454545453,0.19230769230769232,0.2702702702702703,0.2923571284799393,0.5454545454545454,0.23076923076923078,0.32432432432432434,0.35180398743240476
bpRNA_RFAM_32711,bpRNA_TS0,unknown,84,mea,0,11,22,0.18181818181818182,0.09090909090909091,0.12121212121212122,0.12469270177396846,0.36363636363636365,0.18181818181818182,0.24242424242424243,0.2538691530025135
bpRNA_RFAM_32711,bpRNA_TS0,unknown,84,centroid,0,11,20,0.0,0.0,0.0,-0.004273853751026826,0.18181818181818182,0.1,0.12903225806451613,0.13116845694060514
bpRNA_RFAM_18679,bpRNA_TS0,unknown,79,mfe,0,21,30,0.9047619047619048,0.6333333333333333,0.7450980392156863,0.755081749864629,0.9047619047619048,0.6333333333333333,0.7450980392156863,0.755081749864629
bpRNA_RFAM_18679,bpRNA_TS0,unknown,79,mea,0,21,30,0.9047619047619048,0.6333333333333333,0.7450980392156863,0.755081749864629,0.9047619047619048,0.6333333333333333,0.7450980392156863,0.755081749864629
bpRNA_RFAM_18679,bpRNA_TS0,unknown,79,centroid,0,21,30,0.9047619047619048,0.6333333333333333,0.7450980392156863,0.755081749864629,0.9047619047619048,0.6333333333333333,0.7450980392156863,0.755081749864629
bpRNA_RFAM_6040,bpRNA_TS0,unknown,151,mfe,0,3,48,0.0,0.0,0.0,-0.0010619959989607091,0.6666666666666666,0.041666666666666664,0.0784313725490196,0.16598112467090084
bpRNA_RFAM_6040,bpRNA_TS0,unknown,151,mea,0,3,42,0.0,0.0,0.0,-0.0009931421248815908,0.6666666666666666,0.047619047619047616,0.08888888888888889,0.17753597794311865
bpRNA_RFAM_6040,bpRNA_TS0,unknown,151,centroid,0,3,35,0.0,0.0,0.0,-0.000906329473456873,0.6666666666666666,0.05714285714285714,0.10526315789473684,0.19460188551509716
bpRNA_RFAM_5444,bpRNA_TS0,unknown,123,mfe,0,23,34,0.8695652173913043,0.5882352941176471,0.7017543859649122,0.7141844707724018,0.6956521739130435,0.47058823529411764,0.5614035087719298,0.5705993186614321
bpRNA_RFAM_5444,bpRNA_TS0,unknown,123,mea,0,23,34,0.8695652173913043,0.5882352941176471,0.7017543859649122,0.7141844707724018,0.6956521739130435,0.47058823529411764,0.5614035087719298,0.5705993186614321
bpRNA_RFAM_5444,bpRNA_TS0,unknown,123,centroid,0,23,34,0.8695652173913043,0.5882352941176471,0.7017543859649122,0.7141844707724018,0.6956521739130435,0.47058823529411764,0.5614035087719298,0.5705993186614321
bpRNA_CRW_15828,bpRNA_TS0,unknown,111,mfe,0,31,34,0.25806451612903225,0.23529411764705882,0.24615384615384617,0.24238897551540894,0.22580645161290322,0.20588235294117646,0.2153846153846154,0.2114220668910928
bpRNA_CRW_15828,bpRNA_TS0,unknown,111,mea,0,31,34,0.25806451612903225,0.23529411764705882,0.24615384615384617,0.24238897551540894,0.22580645161290322,0.20588235294117646,0.2153846153846154,0.2114220668910928
bpRNA_CRW_15828,bpRNA_TS0,unknown,111,centroid,0,31,33,0.25806451612903225,0.24242424242424243,0.25,0.24617346198194437,0.22580645161290322,0.21212121212121213,0.21875,0.21474344785726548
bpRNA_RFAM_9931,bpRNA_TS0,unknown,55,mfe,0,11,10,0.5454545454545454,0.6,0.5714285714285714,0.5690384040529459,0.45454545454545453,0.5,0.47619047619047616,0.4730131733690113
bpRNA_RFAM_9931,bpRNA_TS0,unknown,55,mea,0,11,9,0.5454545454545454,0.6666666666666666,0.6,0.6003654390092361,0.45454545454545453,0.5555555555555556,0.5,0.49918025265936483
bpRNA_RFAM_9931,bpRNA_TS0,unknown,55,centroid,0,11,6,0.5454545454545454,1.0,0.7058823529411765,0.7372994965869316,0.45454545454545453,0.8333333333333334,0.5882352941176471,0.613499207980917
bpRNA_RFAM_27887,bpRNA_TS0,unknown,67,mfe,0,14,23,0.7857142857142857,0.4782608695652174,0.5945945945945946,0.6099953474712921,0.7142857142857143,0.43478260869565216,0.5405405405405406,0.5537971844953754
bpRNA_RFAM_27887,bpRNA_TS0,unknown,67,mea,0,14,22,0.7857142857142857,0.5,0.6111111111111112,0.6239261000131056,0.7142857142857143,0.45454545454545453,0.5555555555555556,0.5664780257562874
bpRNA_RFAM_27887,bpRNA_TS0,unknown,67,centroid,0,14,22,0.7857142857142857,0.5,0.6111111111111112,0.6239261000131056,0.7142857142857143,0.45454545454545453,0.5555555555555556,0.5664780257562874
bpRNA_RFAM_41348,bpRNA_TS0,unknown,98,mfe,0,22,28,0.5909090909090909,0.4642857142857143,0.52,0.5213051829700465,0.5909090909090909,0.4642857142857143,0.52,0.5213051829700465
bpRNA_RFAM_41348,bpRNA_TS0,unknown,98,mea,0,22,25,0.9090909090909091,0.8,0.851063829787234,0.8520816456786773,0.8636363636363636,0.76,0.8085106382978723,0.8092296293638878
bpRNA_RFAM_41348,bpRNA_TS0,unknown,98,centroid,0,22,22,0.9090909090909091,0.9090909090909091,0.9090909090909091,0.9086681654849061,0.8636363636363636,0.8636363636363636,0.8636363636363636,0.8630022482273592
bpRNA_CRW_29631,bpRNA_TS0,unknown,72,mfe,0,20,21,0.75,0.7142857142857143,0.7317073170731707,0.7297600371869635,0.8,0.7619047619047619,0.7804878048780488,0.7789495586808949
bpRNA_CRW_29631,bpRNA_TS0,unknown,72,mea,0,20,21,0.75,0.7142857142857143,0.7317073170731707,0.7297600371869635,0.8,0.7619047619047619,0.7804878048780488,0.7789495586808949
bpRNA_CRW_29631,bpRNA_TS0,unknown,72,centroid,0,20,21,0.75,0.7142857142857143,0.7317073170731707,0.7297600371869635,0.8,0.7619047619047619,0.7804878048780488,0.7789495586808949
bpRNA_RFAM_15087,bpRNA_TS0,unknown,274,mfe,0,41,95,0.43902439024390244,0.18947368421052632,0.2647058823529412,0.2872693165995297,0.6097560975609756,0.2631578947368421,0.36764705882352944,0.39963527140905075
bpRNA_RFAM_15087,bpRNA_TS0,unknown,274,mea,0,41,94,0.5365853658536586,0.23404255319148937,0.32592592592592595,0.35335600821204344,0.6341463414634146,0.2765957446808511,0.3851851851851852,0.41790489443538126
bpRNA_RFAM_15087,bpRNA_TS0,unknown,274,centroid,0,41,69,0.5365853658536586,0.3188405797101449,0.4,0.41280942939610005,0.6341463414634146,0.37681159420289856,0.4727272727272727,0.4881246355934385
bpRNA_RFAM_31524,bpRNA_TS0,unknown,160,mfe,0,22,54,0.13636363636363635,0.05555555555555555,0.07894736842105263,0.08458187743952587,0.18181818181818182,0.07407407407407407,0.10526315789473684,0.1136817768507227
bpRNA_RFAM_31524,bpRNA_TS0,unknown,160,mea,0,22,41,0.13636363636363635,0.07317073170731707,0.09523809523809523,0.09777011078850271,0.18181818181818182,0.0975609756097561,0.12698412698412698,0.1311491383592192
bpRNA_RFAM_31524,bpRNA_TS0,unknown,160,centroid,0,22,31,0.13636363636363635,0.0967741935483871,0.11320754716981132,0.11305840636102438,0.18181818181818182,0.12903225806451613,0.1509433962264151,0.15143032932682376
bpRNA_RFAM_26929,bpRNA_TS0,unknown,72,mfe,0,14,18,0.5714285714285714,0.4444444444444444,0.5,0.5008774844648977,0.5714285714285714,0.4444444444444444,0.5,0.5008774844648977
bpRNA_RFAM_26929,bpRNA_TS0,unknown,72,mea,0,14,18,0.5714285714285714,0.4444444444444444,0.5,0.5008774844648977,0.5714285714285714,0.4444444444444444,0.5,0.5008774844648977
bpRNA_RFAM_26929,bpRNA_TS0,unknown,72,centroid,0,14,18,0.5714285714285714,0.4444444444444444,0.5,0.5008774844648977,0.5714285714285714,0.4444444444444444,0.5,0.5008774844648977
bpRNA_RFAM_22746,bpRNA_TS0,unknown,121,mfe,0,20,35,0.4,0.22857142857142856,0.2909090909090909,0.2998632993024166,0.4,0.22857142857142856,0.2909090909090909,0.2998632993024166
bpRNA_RFAM_22746,bpRNA_TS0,unknown,121,mea,0,20,30,0.4,0.26666666666666666,0.32,0.324341635653829,0.35,0.23333333333333334,0.28,0.28337572968920133
bpRNA_RFAM_22746,bpRNA_TS0,unknown,121,centroid,0,20,26,0.4,0.3076923076923077,0.34782608695652173,0.34878723178708715,0.35,0.2692307692307692,0.30434782608695654,0.30479495759017516
bpRNA_RFAM_10644,bpRNA_TS0,unknown,83,mfe,0,18,22,0.2777777777777778,0.22727272727272727,0.25,0.2468626421911585,0.2222222222222222,0.18181818181818182,0.2,0.19631365781324692
bpRNA_RFAM_10644,bpRNA_TS0,unknown,83,mea,0,18,19,0.2777777777777778,0.2631578947368421,0.2702702702702703,0.2663828023861933,0.2222222222222222,0.21052631578947367,0.21621621621621623,0.2120134221594665
bpRNA_RFAM_10644,bpRNA_TS0,unknown,83,centroid,0,18,14,0.2777777777777778,0.35714285714285715,0.3125,0.3117714578115869,0.2222222222222222,0.2857142857142857,0.25,0.24847978741053514
bpRNA_RFAM_22913,bpRNA_TS0,unknown,160,mfe,0,39,48,0.8717948717948718,0.7083333333333334,0.7816091954022989,0.785108787737686,0.8717948717948718,0.7083333333333334,0.7816091954022989,0.785108787737686
bpRNA_RFAM_22913,bpRNA_TS0,unknown,160,mea,0,39,49,0.8205128205128205,0.6530612244897959,0.7272727272727273,0.7311067469412521,0.8461538461538461,0.673469387755102,0.75,0.7540616028540421
bpRNA_RFAM_22913,bpRNA_TS0,unknown,160,centroid,0,39,48,0.8205128205128205,0.6666666666666666,0.735632183908046,0.7387251451670725,0.8461538461538461,0.6875,0.7586206896551724,0.7619169664523793
bpRNA_RFAM_12995,bpRNA_TS0,unknown,167,mfe,0,37,57,0.5945945945945946,0.38596491228070173,0.46808510638297873,0.47735950131765864,0.6216216216216216,0.40350877192982454,0.48936170212765956,0.49920877153511867
bpRNA_RFAM_12995,bpRNA_TS0,unknown,167,mea,0,37,57,0.5945945945945946,0.38596491228070173,0.46808510638297873,0.47735950131765864,0.6216216216216216,0.40350877192982454,0.48936170212765956,0.49920877153511867
bpRNA_RFAM_12995,bpRNA_TS0,unknown,167,centroid,0,37,55,0.5675675675675675,0.38181818181818183,0.45652173913043476,0.4638034340098703,0.5945945945945946,0.4,0.4782608695652174,0.48604480527538096
bpRNA_RFAM_41242,bpRNA_TS0,unknown,83,mfe,0,28,29,0.8928571428571429,0.8620689655172413,0.8771929824561403,0.8762932670756077,0.8214285714285714,0.7931034482758621,0.8070175438596491,0.8055142540364733
bpRNA_RFAM_41242,bpRNA_TS0,unknown,83,mea,0,28,29,0.8928571428571429,0.8620689655172413,0.8771929824561403,0.8762932670756077,0.8214285714285714,0.7931034482758621,0.8070175438596491,0.8055142540364733
bpRNA_RFAM_41242,bpRNA_TS0,unknown,83,centroid,0,28,29,0.8928571428571429,0.8620689655172413,0.8771929824561403,0.8762932670756077,0.8214285714285714,0.7931034482758621,0.8070175438596491,0.8055142540364733
bpRNA_RFAM_11766,bpRNA_TS0,unknown,115,mfe,0,2,35,1.0,0.05714285714285714,0.10810810810810811,0.2384430616145966,1.0,0.05714285714285714,0.10810810810810811,0.2384430616145966
bpRNA_RFAM_11766,bpRNA_TS0,unknown,115,mea,0,2,30,1.0,0.06666666666666667,0.125,0.25764667639633987,1.0,0.06666666666666667,0.125,0.25764667639633987
bpRNA_RFAM_11766,bpRNA_TS0,unknown,115,centroid,0,2,30,1.0,0.06666666666666667,0.125,0.25764667639633987,1.0,0.06666666666666667,0.125,0.25764667639633987
bpRNA_RFAM_5512,bpRNA_TS0,unknown,119,mfe,0,23,32,0.8695652173913043,0.625,0.7272727272727273,0.7362295870134469,0.6956521739130435,0.5,0.5818181818181818,0.5882078255970667
bpRNA_RFAM_5512,bpRNA_TS0,unknown,119,mea,0,23,29,0.8695652173913043,0.6896551724137931,0.7692307692307693,0.7735894593431294,0.6956521739130435,0.5517241379310345,0.6153846153846154,0.6181331444433245
bpRNA_RFAM_5512,bpRNA_TS0,unknown,119,centroid,0,23,29,0.8695652173913043,0.6896551724137931,0.7692307692307693,0.7735894593431294,0.6956521739130435,0.5517241379310345,0.6153846153846154,0.6181331444433245
bpRNA_RFAM_160,bpRNA_TS0,unknown,118,mfe,0,27,38,0.14814814814814814,0.10526315789473684,0.12307692307692308,0.12080672617314794,0.18518518518518517,0.13157894736842105,0.15384615384615385,0.15217394315852523
bpRNA_RFAM_160,bpRNA_TS0,unknown,118,mea,0,27,38,0.14814814814814814,0.10526315789473684,0.12307692307692308,0.12080672617314794,0.18518518518518517,0.13157894736842105,0.15384615384615385,0.15217394315852523
bpRNA_RFAM_160,bpRNA_TS0,unknown,118,centroid,0,27,38,0.14814814814814814,0.10526315789473684,0.12307692307692308,0.12080672617314794,0.18518518518518517,0.13157894736842105,0.15384615384615385,0.15217394315852523
bpRNA_RFAM_16197,bpRNA_TS0,unknown,202,mfe,0,37,66,0.5945945945945946,0.3333333333333333,0.42718446601941745,0.44388654114550946,0.4864864864864865,0.2727272727272727,0.34951456310679613,0.36273619064080426
bpRNA_RFAM_16197,bpRNA_TS0,unknown,202,mea,0,37,64,0.5945945945945946,0.34375,0.43564356435643564,0.4508217323988151,0.4864864864864865,0.28125,0.3564356435643564,0.36841723416646743
bpRNA_RFAM_16197,bpRNA_TS0,unknown,202,centroid,0,37,59,0.5945945945945946,0.3728813559322034,0.4583333333333333,0.46967343317223215,0.4864864864864865,0.3050847457627119,0.375,0.38385881864173876
bpRNA_RFAM_40254,bpRNA_TS0,unknown,84,mfe,0,14,23,0.8571428571428571,0.5217391304347826,0.6486486486486487,0.6671272699043975,0.9285714285714286,0.5652173913043478,0.7027027027027027,0.7231524605304329
bpRNA_RFAM_40254,bpRNA_TS0,unknown,84,mea,0,14,23,0.5714285714285714,0.34782608695652173,0.43243243243243246,0.4430265074002559,0.5714285714285714,0.34782608695652173,0.43243243243243246,0.4430265074002559
bpRNA_RFAM_40254,bpRNA_TS0,unknown,84,centroid,0,14,19,0.5714285714285714,0.42105263157894735,0.48484848484848486,0.4881435143966845,0.5714285714285714,0.42105263157894735,0.48484848484848486,0.4881435143966845
bpRNA_RFAM_6613,bpRNA_TS0,unknown,124,mfe,0,3,42,0.0,0.0,0.0,-0.0014762950055946156,0.0,0.0,0.0,-0.0014762950055946156
bpRNA_RFAM_6613,bpRNA_TS0,unknown,124,mea,0,3,37,0.0,0.0,0.0,-0.0013851801299971656,0.0,0.0,0.0,-0.0013851801299971656
bpRNA_RFAM_6613,bpRNA_TS0,unknown,124,centroid,0,3,36,0.0,0.0,0.0,-0.0013662432518984156,0.0,0.0,0.0,-0.0013662432518984156
bpRNA_RFAM_18802,bpRNA_TS0,unknown,86,mfe,0,18,27,1.0,0.6666666666666666,0.8,0.8154857174507376,0.8888888888888888,0.5925925925925926,0.7111111111111111,0.7242018666213108
bpRNA_RFAM_18802,bpRNA_TS0,unknown,86,mea,0,18,27,1.0,0.6666666666666666,0.8,0.8154857174507376,0.8888888888888888,0.5925925925925926,0.7111111111111111,0.7242018666213108
bpRNA_RFAM_18802,bpRNA_TS0,unknown,86,centroid,0,18,27,1.0,0.6666666666666666,0.8,0.8154857174507376,0.8888888888888888,0.5925925925925926,0.7111111111111111,0.7242018666213108
bpRNA_RFAM_5189,bpRNA_TS0,unknown,223,mfe,0,47,74,0.44680851063829785,0.28378378378378377,0.34710743801652894,0.3545698294941029,0.5319148936170213,0.33783783783783783,0.4132231404958678,0.4225618655905715
bpRNA_RFAM_5189,bpRNA_TS0,unknown,223,mea,0,47,69,0.5957446808510638,0.4057971014492754,0.4827586206896552,0.49053109294212144,0.6595744680851063,0.4492753623188406,0.5344827586206896,0.5433350701351108
bpRNA_RFAM_5189,bpRNA_TS0,unknown,223,centroid,0,47,69,0.5957446808510638,0.4057971014492754,0.4827586206896552,0.49053109294212144,0.6595744680851063,0.4492753623188406,0.5344827586206896,0.5433350701351108
bpRNA_RNP_414,bpRNA_TS0,unknown,406,mfe,0,56,134,0.44642857142857145,0.1865671641791045,0.2631578947368421,0.28787721434700486,0.48214285714285715,0.20149253731343283,0.28421052631578947,0.31099178081875917
bpRNA_RNP_414,bpRNA_TS0,unknown,406,mea,0,56,129,0.4107142857142857,0.17829457364341086,0.24864864864864866,0.26987682474631797,0.48214285714285715,0.20930232558139536,0.2918918918918919,0.31699191906552665
bpRNA_RNP_414,bpRNA_TS0,unknown,406,centroid,0,56,120,0.4107142857142857,0.19166666666666668,0.26136363636363635,0.2798737708877153,0.48214285714285715,0.225,0.3068181818181818,0.32872106263585266
bpRNA_RFAM_36483,bpRNA_TS0,unknown,63,mfe,0,11,17,1.0,0.6470588235294118,0.7857142857142857,0.803156069300637,0.8181818181818182,0.5294117647058824,0.6428571428571429,0.6558454190992711
bpRNA_RFAM_36483,bpRNA_TS0,unknown,63,mea,0,11,17,1.0,0.6470588235294118,0.7857142857142857,0.803156069300637,0.8181818181818182,0.5294117647058824,0.6428571428571429,0.6558454190992711
bpRNA_RFAM_36483,bpRNA_TS0,unknown,63,centroid,0,11,13,1.0,0.8461538461538461,0.9166666666666666,0.9193924194692822,0.8181818181818182,0.6923076923076923,0.75,0.7511100019225617
bpRNA_RFAM_21238,bpRNA_TS0,unknown,113,mfe,0,30,39,1.0,0.7692307692307693,0.8695652173913043,0.8764311263091886,0.8333333333333334,0.6410256410256411,0.7246376811594203,0.7294534359693214
bpRNA_RFAM_21238,bpRNA_TS0,unknown,113,mea,0,30,37,1.0,0.8108108108108109,0.8955223880597015,0.8999497896098433,0.8333333333333334,0.6756756756756757,0.746268656716418,0.7490759945414629
bpRNA_RFAM_21238,bpRNA_TS0,unknown,113,centroid,0,30,36,1.0,0.8333333333333334,0.9090909090909091,0.9124359870736354,0.8333333333333334,0.6944444444444444,0.7575757575757576,0.7594932310288705
bpRNA_RFAM_20621,bpRNA_TS0,unknown,82,mfe,0,19,21,1.0,0.9047619047619048,0.95,0.9509016228505874,0.8421052631578947,0.7619047619047619,0.8,0.7998038099564821
bpRNA_RFAM_20621,bpRNA_TS0,unknown,82,mea,0,19,21,1.0,0.9047619047619048,0.95,0.9509016228505874,0.8421052631578947,0.7619047619047619,0.8,0.7998038099564821
bpRNA_RFAM_20621,bpRNA_TS0,unknown,82,centroid,0,19,21,1.0,0.9047619047619048,0.95,0.9509016228505874,0.8421052631578947,0.7619047619047619,0.8,0.7998038099564821
bpRNA_RFAM_27096,bpRNA_TS0,unknown,126,mfe,0,2,25,0.0,0.0,0.0,-0.0008994562586549878,0.0,0.0,0.0,-0.0008994562586549878
bpRNA_RFAM_27096,bpRNA_TS0,unknown,126,mea,0,2,22,0.0,0.0,0.0,-0.0008436035794353906,0.0,0.0,0.0,-0.0008436035794353906
bpRNA_RFAM_27096,bpRNA_TS0,unknown,126,centroid,0,2,18,0.0,0.0,0.0,-0.0007628738847901089,0.0,0.0,0.0,-0.0007628738847901089
bpRNA_RFAM_32679,bpRNA_TS0,unknown,64,mfe,0,13,19,0.0,0.0,0.0,-0.0078581256631472,0.0,0.0,0.0,-0.0078581256631472
bpRNA_RFAM_32679,bpRNA_TS0,unknown,64,mea,0,13,19,0.0,0.0,0.0,-0.0078581256631472,0.0,0.0,0.0,-0.0078581256631472
bpRNA_RFAM_32679,bpRNA_TS0,unknown,64,centroid,0,13,11,0.0,0.0,0.0,-0.005967196722516482,0.0,0.0,0.0,-0.005967196722516482
bpRNA_RFAM_37605,bpRNA_TS0,unknown,123,mfe,0,36,44,0.9444444444444444,0.7727272727272727,0.85,0.8535281168653227,0.8611111111111112,0.7045454545454546,0.775,0.7777462616024949
bpRNA_RFAM_37605,bpRNA_TS0,unknown,123,mea,0,36,43,0.8888888888888888,0.7441860465116279,0.810126582278481,0.8123586555844353,0.8055555555555556,0.6744186046511628,0.7341772151898734,0.7357058185095068
bpRNA_RFAM_37605,bpRNA_TS0,unknown,123,centroid,0,36,43,0.8888888888888888,0.7441860465116279,0.810126582278481,0.8123586555844353,0.8055555555555556,0.6744186046511628,0.7341772151898734,0.7357058185095068
bpRNA_RFAM_4490,bpRNA_TS0,unknown,167,mfe,0,4,48,1.0,0.08333333333333333,0.15384615384615385,0.28821645649480876,1.0,0.08333333333333333,0.15384615384615385,0.28821645649480876
bpRNA_RFAM_4490,bpRNA_TS0,unknown,167,mea,0,4,35,1.0,0.11428571428571428,0.20512820512820512,0.3376833450835562,1.0,0.11428571428571428,0.20512820512820512,0.3376833450835562
bpRNA_RFAM_4490,bpRNA_TS0,unknown,167,centroid,0,4,25,1.0,0.16,0.27586206896551724,0.3996967891707861,1.0,0.16,0.27586206896551724,0.3996967891707861
bpRNA_RFAM_38307,bpRNA_TS0,unknown,241,mfe,0,50,72,0.42,0.2916666666666667,0.3442622950819672,0.3486607550827243,0.4,0.2777777777777778,0.32786885245901637,0.3319588584468793
bpRNA_RFAM_38307,bpRNA_TS0,unknown,241,mea,0,50,70,0.46,0.32857142857142857,0.38333333333333336,0.3875293123724404,0.42,0.3,0.35,0.3536528570515476
bpRNA_RFAM_38307,bpRNA_TS0,unknown,241,centroid,0,50,60,0.42,0.35,0.38181818181818183,0.3822388139238781,0.4,0.3333333333333333,0.36363636363636365,0.3639466069827235
bpRNA_RFAM_15706,bpRNA_TS0,unknown,104,mfe,0,18,30,0.3888888888888889,0.23333333333333334,0.2916666666666667,0.2982299141849506,0.5,0.3,0.375,0.38468366068714777
bpRNA_RFAM_15706,bpRNA_TS0,unknown,104,mea,0,18,30,0.3888888888888889,0.23333333333333334,0.2916666666666667,0.2982299141849506,0.5,0.3,0.375,0.38468366068714777
bpRNA_RFAM_15706,bpRNA_TS0,unknown,104,centroid,0,18,30,0.3888888888888889,0.23333333333333334,0.2916666666666667,0.2982299141849506,0.5,0.3,0.375,0.38468366068714777
bpRNA_RFAM_23293,bpRNA_TS0,unknown,93,mfe,0,26,28,0.8846153846153846,0.8214285714285714,0.8518518518518519,0.8515038551410292,0.8461538461538461,0.7857142857142857,0.8148148148148148,0.8142059879990011
bpRNA_RFAM_23293,bpRNA_TS0,unknown,93,mea,0,26,27,0.8846153846153846,0.8518518518518519,0.8679245283018868,0.8672578994442074,0.8076923076923077,0.7777777777777778,0.7924528301886793,0.7913022573481848
bpRNA_RFAM_23293,bpRNA_TS0,unknown,93,centroid,0,26,27,0.8846153846153846,0.8518518518518519,0.8679245283018868,0.8672578994442074,0.8076923076923077,0.7777777777777778,0.7924528301886793,0.7913022573481848
bpRNA_RFAM_21832,bpRNA_TS0,unknown,136,mfe,0,38,56,1.0,0.6785714285714286,0.8085106382978723,0.8229431121381022,0.9473684210526315,0.6428571428571429,0.7659574468085106,0.7793644775974589
bpRNA_RFAM_21832,bpRNA_TS0,unknown,136,mea,0,38,56,1.0,0.6785714285714286,0.8085106382978723,0.8229431121381022,0.9473684210526315,0.6428571428571429,0.7659574468085106,0.7793644775974589
bpRNA_RFAM_21832,bpRNA_TS0,unknown,136,centroid,0,38,56,1.0,0.6785714285714286,0.8085106382978723,0.8229431121381022,0.9473684210526315,0.6428571428571429,0.7659574468085106,0.7793644775974589
bpRNA_RFAM_11176,bpRNA_TS0,unknown,88,mfe,0,25,31,0.96,0.7741935483870968,0.8571428571428571,0.8611320682916951,0.84,0.6774193548387096,0.75,0.7525748087522829
bpRNA_RFAM_11176,bpRNA_TS0,unknown,88,mea,0,25,32,1.0,0.78125,0.8771929824561403,0.8830696408176363,0.88,0.6875,0.7719298245614035,0.7762079784872914
bpRNA_RFAM_11176,bpRNA_TS0,unknown,88,centroid,0,25,32,1.0,0.78125,0.8771929824561403,0.8830696408176363,0.88,0.6875,0.7719298245614035,0.7762079784872914
bpRNA_RFAM_29070,bpRNA_TS0,unknown,63,mfe,0,12,17,1.0,0.7058823529411765,0.8275862068965517,0.8390852196402406,1.0,0.7058823529411765,0.8275862068965517,0.8390852196402406
bpRNA_RFAM_29070,bpRNA_TS0,unknown,63,mea,0,12,17,1.0,0.7058823529411765,0.8275862068965517,0.8390852196402406,1.0,0.7058823529411765,0.8275862068965517,0.8390852196402406
bpRNA_RFAM_29070,bpRNA_TS0,unknown,63,centroid,0,12,17,1.0,0.7058823529411765,0.8275862068965517,0.8390852196402406,1.0,0.7058823529411765,0.8275862068965517,0.8390852196402406
bpRNA_CRW_30722,bpRNA_TS0,unknown,75,mfe,0,20,23,0.85,0.7391304347826086,0.7906976744186046,0.7910290281600822,0.7,0.6086956521739131,0.6511627906976745,0.6500611022383722
bpRNA_CRW_30722,bpRNA_TS0,unknown,75,mea,0,20,23,0.85,0.7391304347826086,0.7906976744186046,0.7910290281600822,0.7,0.6086956521739131,0.6511627906976745,0.6500611022383722
bpRNA_CRW_30722,bpRNA_TS0,unknown,75,centroid,0,20,23,0.85,0.7391304347826086,0.7906976744186046,0.7910290281600822,0.7,0.6086956521739131,0.6511627906976745,0.6500611022383722
bpRNA_RFAM_9130,bpRNA_TS0,unknown,225,mfe,0,26,73,0.23076923076923078,0.0821917808219178,0.12121212121212122,0.13626084806023245,0.2692307692307692,0.0958904109589041,0.1414141414141414,0.15925969182064997
bpRNA_RFAM_9130,bpRNA_TS0,unknown,225,mea,0,26,72,0.23076923076923078,0.08333333333333333,0.12244897959183673,0.13722500354012745,0.2692307692307692,0.09722222222222222,0.14285714285714285,0.16038254994275264
bpRNA_RFAM_9130,bpRNA_TS0,unknown,225,centroid,0,26,64,0.23076923076923078,0.09375,0.13333333333333333,0.14572863620276835,0.2692307692307692,0.109375,0.15555555555555556,0.17028701433452098
bpRNA_RFAM_6898,bpRNA_TS0,unknown,91,mfe,0,11,22,0.0,0.0,0.0,-0.003814236442588371,0.0,0.0,0.0,-0.003814236442588371
bpRNA_RFAM_6898,bpRNA_TS0,unknown,91,mea,0,11,22,0.0,0.0,0.0,-0.003814236442588371,0.0,0.0,0.0,-0.003814236442588371
bpRNA_RFAM_6898,bpRNA_TS0,unknown,91,centroid,0,11,22,0.0,0.0,0.0,-0.003814236442588371,0.0,0.0,0.0,-0.003814236442588371
bpRNA_RFAM_2225,bpRNA_TS0,unknown,55,mfe,0,14,16,1.0,0.875,0.9333333333333333,0.9347782266969691,0.8571428571428571,0.75,0.8,0.7997839967402445
bpRNA_RFAM_2225,bpRNA_TS0,unknown,55,mea,0,14,16,1.0,0.875,0.9333333333333333,0.9347782266969691,0.8571428571428571,0.75,0.8,0.7997839967402445
bpRNA_RFAM_2225,bpRNA_TS0,unknown,55,centroid,0,14,16,1.0,0.875,0.9333333333333333,0.9347782266969691,0.8571428571428571,0.75,0.8,0.7997839967402445
bpRNA_RFAM_9133,bpRNA_TS0,unknown,189,mfe,0,31,64,0.06451612903225806,0.03125,0.042105263157894736,0.04250783986353956,0.06451612903225806,0.03125,0.042105263157894736,0.04250783986353956
bpRNA_RFAM_9133,bpRNA_TS0,unknown,189,mea,0,31,63,0.06451612903225806,0.031746031746031744,0.0425531914893617,0.04288225408384027,0.06451612903225806,0.031746031746031744,0.0425531914893617,0.04288225408384027
bpRNA_RFAM_9133,bpRNA_TS0,unknown,189,centroid,0,31,58,0.06451612903225806,0.034482758620689655,0.0449438202247191,0.044892381386114455,0.06451612903225806,0.034482758620689655,0.0449438202247191,0.044892381386114455
bpRNA_CRW_20581,bpRNA_TS0,unknown,344,mfe,0,69,115,0.5942028985507246,0.3565217391304348,0.44565217391304346,0.45947422847492503,0.5652173913043478,0.3391304347826087,0.42391304347826086,0.4369870823141273
bpRNA_CRW_20581,bpRNA_TS0,unknown,344,mea,0,69,109,0.5942028985507246,0.3761467889908257,0.4606741573033708,0.4720079057603537,0.5652173913043478,0.3577981651376147,0.43820224719101125,0.4489113145574309
bpRNA_CRW_20581,bpRNA_TS0,unknown,344,centroid,0,69,97,0.5942028985507246,0.422680412371134,0.4939759036144578,0.5004739899531818,0.5652173913043478,0.4020618556701031,0.46987951807228917,0.475992884553313
bpRNA_RFAM_11843,bpRNA_TS0,unknown,100,mfe,0,5,36,1.0,0.1388888888888889,0.24390243902439024,0.37150800826122776,0.8,0.1111111111111111,0.1951219512195122,0.2966620725309438
bpRNA_RFAM_11843,bpRNA_TS0,unknown,100,mea,0,5,36,1.0,0.1388888888888889,0.24390243902439024,0.37150800826122776,0.8,0.1111111111111111,0.1951219512195122,0.2966620725309438
bpRNA_RFAM_11843,bpRNA_TS0,unknown,100,centroid,0,5,33,1.0,0.15151515151515152,0.2631578947368421,0.38814588690951307,0.8,0.12121212121212122,0.21052631578947367,0.30999570833712786
bpRNA_tmRNA_340,bpRNA_TS0,unknown,359,mfe,0,73,110,0.3835616438356164,0.2545454545454545,0.30601092896174864,0.3115132918252738,0.3424657534246575,0.22727272727272727,0.273224043715847,0.2779872467680846
bpRNA_tmRNA_340,bpRNA_TS0,unknown,359,mea,0,73,102,0.3972602739726027,0.28431372549019607,0.3314285714285714,0.3351888174085131,0.3424657534246575,0.24509803921568626,0.2857142857142857,0.288770409586427
bpRNA_tmRNA_340,bpRNA_TS0,unknown,359,centroid,0,73,85,0.3972602739726027,0.3411764705882353,0.3670886075949367,0.36737778084222944,0.3424657534246575,0.29411764705882354,0.31645569620253167,0.316535698030885
bpRNA_RFAM_1072,bpRNA_TS0,unknown,192,mfe,0,42,62,0.6904761904761905,0.46774193548387094,0.5576923076923077,0.5671252129875897,0.6666666666666666,0.45161290322580644,0.5384615384615384,0.54747293210665
bpRNA_RFAM_1072,bpRNA_TS0,unknown,192,mea,0,42,61,0.6904761904761905,0.47540983606557374,0.5631067961165048,0.5717846213527394,0.6666666666666666,0.45901639344262296,0.5436893203883495,0.551972453106042
bpRNA_RFAM_1072,bpRNA_TS0,unknown,192,centroid,0,42,59,0.6904761904761905,0.4915254237288136,0.5742574257425742,0.5814555919262736,0.6666666666666666,0.4745762711864407,0.5544554455445545,0.5613115249853401
bpRNA_RFAM_22136,bpRNA_TS0,unknown,97,mfe,0,35,36,0.9428571428571428,0.9166666666666666,0.9295774647887324,0.9291300892663248,0.9142857142857143,0.8888888888888888,0.9014084507042254,0.9007418323456747
bpRNA_RFAM_22136,bpRNA_TS0,unknown,97,mea,0,35,36,0.9428571428571428,0.9166666666666666,0.9295774647887324,0.9291300892663248,0.9142857142857143,0.8888888888888888,0.9014084507042254,0.9007418323456747
bpRNA_RFAM_22136,bpRNA_TS0,unknown,97,centroid,0,35,36,0.9428571428571428,0.9166666666666666,0.9295774647887324,0.9291300892663248,0.9142857142857143,0.8888888888888888,0.9014084507042254,0.9007418323456747
bpRNA_RFAM_1170,bpRNA_TS0,unknown,74,mfe,0,19,27,0.5263157894736842,0.37037037037037035,0.43478260869565216,0.4368455690177897,0.47368421052631576,0.3333333333333333,0.391304347826087,0.3923152492866107
bpRNA_RFAM_1170,bpRNA_TS0,unknown,74,mea,0,19,27,0.5263157894736842,0.37037037037037035,0.43478260869565216,0.4368455690177897,0.47368421052631576,0.3333333333333333,0.391304347826087,0.3923152492866107
bpRNA_RFAM_1170,bpRNA_TS0,unknown,74,centroid,0,19,27,0.5263157894736842,0.37037037037037035,0.43478260869565216,0.4368455690177897,0.47368421052631576,0.3333333333333333,0.391304347826087,0.3923152492866107
bpRNA_CRW_42293,bpRNA_TS0,unknown,76,mfe,0,21,21,1.0,1.0,1.0,1.0,0.8095238095238095,0.8095238095238095,0.8095238095238095,0.8081098823410594
bpRNA_CRW_42293,bpRNA_TS0,unknown,76,mea,0,21,20,0.9523809523809523,1.0,0.975609756097561,0.9757276372067598,0.8095238095238095,0.85,0.8292682926829268,0.8282820504602453
bpRNA_CRW_42293,bpRNA_TS0,unknown,76,centroid,0,21,19,0.9047619047619048,1.0,0.95,0.9508536811280005,0.7619047619047619,0.8421052631578947,0.8,0.7996044211394532
bpRNA_RFAM_28373,bpRNA_TS0,unknown,87,mfe,0,27,29,0.9629629629629629,0.896551724137931,0.9285714285714286,0.9286348635452898,0.9629629629629629,0.896551724137931,0.9285714285714286,0.9286348635452898
bpRNA_RFAM_28373,bpRNA_TS0,unknown,87,mea,0,27,29,0.9629629629629629,0.896551724137931,0.9285714285714286,0.9286348635452898,0.9629629629629629,0.896551724137931,0.9285714285714286,0.9286348635452898
bpRNA_RFAM_28373,bpRNA_TS0,unknown,87,centroid,0,27,29,0.9629629629629629,0.896551724137931,0.9285714285714286,0.9286348635452898,0.9629629629629629,0.896551724137931,0.9285714285714286,0.9286348635452898
bpRNA_RFAM_4326,bpRNA_TS0,unknown,405,mfe,0,61,128,0.39344262295081966,0.1875,0.25396825396825395,0.2708400134966492,0.5573770491803278,0.265625,0.35978835978835977,0.3841405808025681
bpRNA_RFAM_4326,bpRNA_TS0,unknown,405,mea,0,61,129,0.4098360655737705,0.1937984496124031,0.2631578947368421,0.28106756527012405,0.5737704918032787,0.2713178294573643,0.3684210526315789,0.39392881957036957
bpRNA_RFAM_4326,bpRNA_TS0,unknown,405,centroid,0,61,122,0.4098360655737705,0.20491803278688525,0.273224043715847,0.2890667062909034,0.5901639344262295,0.29508196721311475,0.39344262295081966,0.41672054789828106
bpRNA_RFAM_22684,bpRNA_TS0,unknown,75,mfe,0,14,18,0.42857142857142855,0.3333333333333333,0.375,0.3744027459727895,0.7142857142857143,0.5555555555555556,0.625,0.6278403896060353
bpRNA_RFAM_22684,bpRNA_TS0,unknown,75,mea,0,14,18,0.42857142857142855,0.3333333333333333,0.375,0.3744027459727895,0.7142857142857143,0.5555555555555556,0.625,0.6278403896060353
bpRNA_RFAM_22684,bpRNA_TS0,unknown,75,centroid,0,14,18,0.42857142857142855,0.3333333333333333,0.375,0.3744027459727895,0.7142857142857143,0.5555555555555556,0.625,0.6278403896060353
bpRNA_RFAM_25658,bpRNA_TS0,unknown,134,mfe,0,21,38,0.0,0.0,0.0,-0.0031806459180039174,0.0,0.0,0.0,-0.0031806459180039174
bpRNA_RFAM_25658,bpRNA_TS0,unknown,134,mea,0,21,38,0.0,0.0,0.0,-0.0031806459180039174,0.0,0.0,0.0,-0.0031806459180039174
bpRNA_RFAM_25658,bpRNA_TS0,unknown,134,centroid,0,21,38,0.0,0.0,0.0,-0.0031806459180039174,0.0,0.0,0.0,-0.0031806459180039174
bpRNA_RFAM_41135,bpRNA_TS0,unknown,105,mfe,0,22,32,0.8181818181818182,0.5625,0.6666666666666666,0.6768885380397133,0.6818181818181818,0.46875,0.5555555555555556,0.5632598357656858
bpRNA_RFAM_41135,bpRNA_TS0,unknown,105,mea,0,22,29,0.8181818181818182,0.6206896551724138,0.7058823529411765,0.7113229552037188,0.6818181818181818,0.5172413793103449,0.5882352941176471,0.5919944899302001
bpRNA_RFAM_41135,bpRNA_TS0,unknown,105,centroid,0,22,29,0.8181818181818182,0.6206896551724138,0.7058823529411765,0.7113229552037188,0.6818181818181818,0.5172413793103449,0.5882352941176471,0.5919944899302001
bpRNA_RFAM_21323,bpRNA_TS0,unknown,104,mfe,0,27,34,0.9629629629629629,0.7647058823529411,0.8524590163934426,0.8573533651441899,0.8148148148148148,0.6470588235294118,0.7213114754098361,0.724577566051756
bpRNA_RFAM_21323,bpRNA_TS0,unknown,104,mea,0,27,34,0.9629629629629629,0.7647058823529411,0.8524590163934426,0.8573533651441899,0.8148148148148148,0.6470588235294118,0.7213114754098361,0.724577566051756
bpRNA_RFAM_21323,bpRNA_TS0,unknown,104,centroid,0,27,34,0.9629629629629629,0.7647058823529411,0.8524590163934426,0.8573533651441899,0.8148148148148148,0.6470588235294118,0.7213114754098361,0.724577566051756
bpRNA_RFAM_16599,bpRNA_TS0,unknown,141,mfe,0,36,42,0.75,0.6428571428571429,0.6923076923076923,0.6931643944321011,0.75,0.6428571428571429,0.6923076923076923,0.6931643944321011
bpRNA_RFAM_16599,bpRNA_TS0,unknown,141,mea,0,36,41,0.75,0.6585365853658537,0.7012987012987013,0.7016263145882,0.75,0.6585365853658537,0.7012987012987013,0.7016263145882
bpRNA_RFAM_16599,bpRNA_TS0,unknown,141,centroid,0,36,38,0.75,0.7105263157894737,0.7297297297297297,0.728981793203817,0.7222222222222222,0.6842105263157895,0.7027027027027027,0.7018431540153616
bpRNA_RFAM_8211,bpRNA_TS0,unknown,113,mfe,0,24,32,0.4583333333333333,0.34375,0.39285714285714285,0.3942936561712337,0.4583333333333333,0.34375,0.39285714285714285,0.3942936561712337
bpRNA_RFAM_8211,bpRNA_TS0,unknown,113,mea,0,24,30,0.4166666666666667,0.3333333333333333,0.37037037037037035,0.3700164749714859,0.4166666666666667,0.3333333333333333,0.37037037037037035,0.3700164749714859
bpRNA_RFAM_8211,bpRNA_TS0,unknown,113,centroid,0,24,13,0.2916666666666667,0.5384615384615384,0.3783783783783784,0.3946595767589457,0.2916666666666667,0.5384615384615384,0.3783783783783784,0.3946595767589457
bpRNA_RFAM_848,bpRNA_TS0,unknown,165,mfe,0,38,54,0.6842105263157895,0.48148148148148145,0.5652173913043478,0.5725627085180178,0.631578947368421,0.4444444444444444,0.5217391304347826,0.5282610029282522
bpRNA_RFAM_848,bpRNA_TS0,unknown,165,mea,0,38,53,0.6842105263157895,0.49056603773584906,0.5714285714285714,0.5779803541940142,0.631578947368421,0.4528301886792453,0.5274725274725275,0.5332643200898131
bpRNA_RFAM_848,bpRNA_TS0,unknown,165,centroid,0,38,51,0.6842105263157895,0.5098039215686274,0.5842696629213483,0.5892886248062903,0.631578947368421,0.47058823529411764,0.5393258426966292,0.5437076191315622
bpRNA_RFAM_40155,bpRNA_TS0,unknown,133,mfe,0,14,41,0.2857142857142857,0.0975609756097561,0.14545454545454545,0.16474372694646902,0.2857142857142857,0.0975609756097561,0.14545454545454545,0.16474372694646902
bpRNA_RFAM_40155,bpRNA_TS0,unknown,133,mea,0,14,30,0.0,0.0,0.0,-0.0023405561998405496,0.0,0.0,0.0,-0.0023405561998405496
bpRNA_RFAM_40155,bpRNA_TS0,unknown,133,centroid,0,14,20,0.0,0.0,0.0,-0.00190996478846203,0.0,0.0,0.0,-0.00190996478846203
bpRNA_RFAM_22967,bpRNA_TS0,unknown,113,mfe,0,28,34,1.0,0.8235294117647058,0.9032258064516129,0.9070529742188247,0.8571428571428571,0.7058823529411765,0.7741935483870968,0.7767739960342334
bpRNA_RFAM_22967,bpRNA_TS0,unknown,113,mea,0,28,31,0.9642857142857143,0.8709677419354839,0.9152542372881356,0.9160544320311562,0.8214285714285714,0.7419354838709677,0.7796610169491526,0.7796496870869682
bpRNA_RFAM_22967,bpRNA_TS0,unknown,113,centroid,0,28,30,0.9285714285714286,0.8666666666666667,0.896551724137931,0.8966141665427394,0.8214285714285714,0.7666666666666667,0.7931034482758621,0.7926277818496198
bpRNA_RFAM_35485,bpRNA_TS0,unknown,92,mfe,0,14,25,0.0,0.0,0.0,-0.004490172383020415,0.0,0.0,0.0,-0.004490172383020415
bpRNA_RFAM_35485,bpRNA_TS0,unknown,92,mea,0,14,16,0.2857142857142857,0.25,0.26666666666666666,0.2646341311007952,0.42857142857142855,0.375,0.4,0.3987453263535711
bpRNA_RFAM_35485,bpRNA_TS0,unknown,92,centroid,0,14,8,0.0,0.0,0.0,-0.0025348522099244907,0.0,0.0,0.0,-0.0025348522099244907
bpRNA_RFAM_20013,bpRNA_TS0,unknown,69,mfe,0,14,19,0.7857142857142857,0.5789473684210527,0.6666666666666666,0.6722295663592306,0.9285714285714286,0.6842105263157895,0.7878787878787878,0.7957260865376765
bpRNA_RFAM_20013,bpRNA_TS0,unknown,69,mea,0,14,19,0.7857142857142857,0.5789473684210527,0.6666666666666666,0.6722295663592306,0.9285714285714286,0.6842105263157895,0.7878787878787878,0.7957260865376765
bpRNA_RFAM_20013,bpRNA_TS0,unknown,69,centroid,0,14,19,0.7857142857142857,0.5789473684210527,0.6666666666666666,0.6722295663592306,0.9285714285714286,0.6842105263157895,0.7878787878787878,0.7957260865376765
bpRNA_RFAM_13722,bpRNA_TS0,unknown,136,mfe,0,19,39,0.3684210526315789,0.1794871794871795,0.2413793103448276,0.254991822042764,0.3684210526315789,0.1794871794871795,0.2413793103448276,0.254991822042764
bpRNA_RFAM_13722,bpRNA_TS0,unknown,136,mea,0,19,35,0.42105263157894735,0.22857142857142856,0.2962962962962963,0.3083245419514545,0.3684210526315789,0.2,0.25925925925925924,0.2694318000055342
bpRNA_RFAM_13722,bpRNA_TS0,unknown,136,centroid,0,19,32,0.3684210526315789,0.21875,0.27450980392156865,0.28198482988305584,0.3684210526315789,0.21875,0.27450980392156865,0.28198482988305584
AAAP01003109.1/772-975,Rfam_seed,RF00174,204,mfe,0,40,71,0.0,0.0,0.0,-0.002580647702944571,0.0,0.0,0.0,-0.002580647702944571
AAAP01003109.1/772-975,Rfam_seed,RF00174,204,mea,0,40,70,0.0,0.0,0.0,-0.002562347594796304,0.0,0.0,0.0,-0.002562347594796304
AAAP01003109.1/772-975,Rfam_seed,RF00174,204,centroid,0,40,69,0.0,0.0,0.0,-0.0025439176377449186,0.0,0.0,0.0,-0.0025439176377449186
AACT01038002.1/337-622,Rfam_seed,RF00017,286,mfe,0,86,104,0.627906976744186,0.5192307692307693,0.5684210526315789,0.5699973222081094,0.5930232558139535,0.49038461538461536,0.5368421052631579,0.538201585411587
AACT01038002.1/337-622,Rfam_seed,RF00017,286,mea,0,86,102,0.6744186046511628,0.5686274509803921,0.6170212765957447,0.6183962858605198,0.6395348837209303,0.5392156862745098,0.5851063829787234,0.5862911291735066
AACT01038002.1/337-622,Rfam_seed,RF00017,286,centroid,0,86,102,0.6744186046511628,0.5686274509803921,0.6170212765957447,0.6183962858605198,0.6395348837209303,0.5392156862745098,0.5851063829787234,0.5862911291735066
AB031214.1/4204-4277,Rfam_seed,RF00005,74,mfe,0,21,26,0.5714285714285714,0.46153846153846156,0.5106382978723404,0.5093331465528265,0.5238095238095238,0.4230769230769231,0.46808510638297873,0.46616146423188304
AB031214.1/4204-4277,Rfam_seed,RF00005,74,mea,0,21,26,0.5714285714285714,0.46153846153846156,0.5106382978723404,0.5093331465528265,0.5238095238095238,0.4230769230769231,0.46808510638297873,0.46616146423188304
AB031214.1/4204-4277,Rfam_seed,RF00005,74,centroid,0,21,26,0.5714285714285714,0.46153846153846156,0.5106382978723404,0.5093331465528265,0.5238095238095238,0.4230769230769231,0.46808510638297873,0.46616146423188304
AAJM01000138.1/2313-2480,Rfam_seed,RF00380,168,mfe,0,45,48,0.8888888888888888,0.8333333333333334,0.8602150537634409,0.860201291251836,0.7111111111111111,0.6666666666666666,0.6881720430107527,0.6874962144852588
AAJM01000138.1/2313-2480,Rfam_seed,RF00380,168,mea,0,45,49,0.8888888888888888,0.8163265306122449,0.851063829787234,0.8513403880993289,0.7111111111111111,0.6530612244897959,0.6808510638297872,0.6804005784430143
AAJM01000138.1/2313-2480,Rfam_seed,RF00380,168,centroid,0,45,49,0.8888888888888888,0.8163265306122449,0.851063829787234,0.8513403880993289,0.7111111111111111,0.6530612244897959,0.6808510638297872,0.6804005784430143
K00788.1/2-165,Rfam_seed,RF00003,164,mfe,0,45,54,0.4222222222222222,0.35185185185185186,0.3838383838383838,0.3831653474176356,0.4,0.3333333333333333,0.36363636363636365,0.36280391855365396
K00788.1/2-165,Rfam_seed,RF00003,164,mea,0,45,47,0.4444444444444444,0.425531914893617,0.43478260869565216,0.4329346023565493,0.4222222222222222,0.40425531914893614,0.41304347826086957,0.41111524037205566
K00788.1/2-165,Rfam_seed,RF00003,164,centroid,0,45,30,0.4444444444444444,0.6666666666666666,0.5333333333333333,0.5431059509328044,0.4222222222222222,0.6333333333333333,0.5066666666666667,0.5158128196015721
AJ243001.2/347-509,Rfam_seed,RF00003,163,mfe,0,39,49,0.5897435897435898,0.46938775510204084,0.5227272727272727,0.5245725893633941,0.48717948717948717,0.3877551020408163,0.4318181818181818,0.43276482423551166
AJ243001.2/347-509,Rfam_seed,RF00003,163,mea,0,39,49,0.5897435897435898,0.46938775510204084,0.5227272727272727,0.5245725893633941,0.48717948717948717,0.3877551020408163,0.4318181818181818,0.43276482423551166
AJ243001.2/347-509,Rfam_seed,RF00003,163,centroid,0,39,49,0.5897435897435898,0.46938775510204084,0.5227272727272727,0.5245725893633941,0.48717948717948717,0.3877551020408163,0.4318181818181818,0.43276482423551166
AAOH01000003.1/223452-223841,Rfam_seed,RF00010,390,mfe,0,96,119,0.5104166666666666,0.4117647058823529,0.4558139534883721,0.4576843081020849,0.5208333333333334,0.42016806722689076,0.46511627906976744,0.4670536010181767
AAOH01000003.1/223452-223841,Rfam_seed,RF00010,390,mea,0,96,113,0.5104166666666666,0.4336283185840708,0.4688995215311005,0.4697324719666704,0.5208333333333334,0.4424778761061947,0.4784688995215311,0.47934690930678825
AAOH01000003.1/223452-223841,Rfam_seed,RF00010,390,centroid,0,96,99,0.5104166666666666,0.494949494949495,0.5025641025641026,0.5019836164987107,0.5208333333333334,0.5050505050505051,0.5128205128205128,0.5122544423246109
AAGE02003358.1/100111-100407,Rfam_seed,RF00017,297,mfe,0,100,102,0.85,0.8333333333333334,0.8415841584158416,0.8412607809697427,0.74,0.7254901960784313,0.7326732673267327,0.7320937123311898
AAGE02003358.1/100111-100407,Rfam_seed,RF00017,297,mea,0,100,102,0.86,0.8431372549019608,0.8514851485148515,0.8511850599368838,0.75,0.7352941176470589,0.7425742574257426,0.742017991298331
AAGE02003358.1/100111-100407,Rfam_seed,RF00017,297,centroid,0,100,101,0.86,0.8514851485148515,0.8557213930348259,0.8554014049890061,0.75,0.7425742574257426,0.746268656716418,0.7456964872266179
AAFX01011285.1/689-521,Rfam_seed,RF00380,169,mfe,0,44,50,0.8181818181818182,0.72,0.7659574468085106,0.7667571288463715,0.75,0.66,0.7021276595744681,0.7025844501252613
AAFX01011285.1/689-521,Rfam_seed,RF00380,169,mea,0,44,51,0.8636363636363636,0.7450980392156863,0.8,0.8015256511704026,0.7954545454545454,0.6862745098039216,0.7368421052631579,0.7379829850099773
AAFX01011285.1/689-521,Rfam_seed,RF00380,169,centroid,0,44,45,0.7954545454545454,0.7777777777777778,0.7865168539325843,0.7858955544030983,0.75,0.7333333333333333,0.7415730337078652,0.7408075601810389
AABS01000318.1/14425-14147,Rfam_seed,RF00017,279,mfe,0,90,97,0.7666666666666667,0.711340206185567,0.7379679144385026,0.7378551622056064,0.7222222222222222,0.6701030927835051,0.6951871657754011,0.6949409436749592
AABS01000318.1/14425-14147,Rfam_seed,RF00017,279,mea,0,90,97,0.8222222222222222,0.7628865979381443,0.7914438502673797,0.7914979353689154,0.7666666666666667,0.711340206185567,0.7379679144385026,0.7378551622056064
AABS01000318.1/14425-14147,Rfam_seed,RF00017,279,centroid,0,90,95,0.8222222222222222,0.7789473684210526,0.8,0.7998157399932357,0.7666666666666667,0.7263157894736842,0.745945945945946,0.7456126482389539
AALZ01000005.1/160175-160352,Rfam_seed,RF00174,178,mfe,0,39,54,0.5641025641025641,0.4074074074074074,0.4731182795698925,0.4778925328960504,0.5384615384615384,0.3888888888888889,0.45161290322580644,0.45603733615125713
AALZ01000005.1/160175-160352,Rfam_seed,RF00174,178,mea,0,39,47,0.5128205128205128,0.425531914893617,0.46511627906976744,0.46569522777226846,0.48717948717948717,0.40425531914893614,0.4418604651162791,0.4422742042873947
AALZ01000005.1/160175-160352,Rfam_seed,RF00174,178,centroid,0,39,38,0.5128205128205128,0.5263157894736842,0.5194805194805194,0.5183473910150043,0.4358974358974359,0.4473684210526316,0.44155844155844154,0.4402278183664827
AAFJ01000006.1/109216-108858,Rfam_seed,RF00023,359,mfe,0,74,117,0.2972972972972973,0.18803418803418803,0.23036649214659685,0.23533793548020016,0.2702702702702703,0.17094017094017094,0.2094240837696335,0.21381174761969765
AAFJ01000006.1/109216-108858,Rfam_seed,RF00023,359,mea,0,74,115,0.28378378378378377,0.1826086956521739,0.2222222222222222,0.22654072021747815,0.28378378378378377,0.1826086956521739,0.2222222222222222,0.22654072021747815
AAFJ01000006.1/109216-108858,Rfam_seed,RF00023,359,centroid,0,74,101,0.28378378378378377,0.2079207920792079,0.24,0.2418925639118333,0.2702702702702703,0.19801980198019803,0.22857142857142856,0.23030971967216965
AAEQ01000019.1/51159-51260,Rfam_seed,RF00167,102,mfe,0,19,25,0.9473684210526315,0.72,0.8181818181818182,0.8251900627562037,0.7894736842105263,0.6,0.6818181818181818,0.6869501742034505
AAEQ01000019.1/51159-51260,Rfam_seed,RF00167,102,mea,0,19,24,0.9473684210526315,0.75,0.8372093023255814,0.8422974014139688,0.7894736842105263,0.625,0.6976744186046512,0.7012206662028303
AAEQ01000019.1/51159-51260,Rfam_seed,RF00167,102,centroid,0,19,22,0.8947368421052632,0.7727272727272727,0.8292682926829268,0.8308346372462723,0.7894736842105263,0.6818181818181818,0.7317073170731707,0.7326205621230799
AF096755.1/373-488,Rfam_seed,RF00001,116,mfe,0,28,35,0.14285714285714285,0.11428571428571428,0.12698412698412698,0.12366596371546405,0.10714285714285714,0.08571428571428572,0.09523809523809523,0.09157055601187863
AF096755.1/373-488,Rfam_seed,RF00001,116,mea,0,28,34,0.14285714285714285,0.11764705882352941,0.12903225806451613,0.12559863761257545,0.10714285714285714,0.08823529411764706,0.0967741935483871,0.09303711270290979
AF096755.1/373-488,Rfam_seed,RF00001,116,centroid,0,28,24,0.0,0.0,0.0,-0.003901710410616784,0.0,0.0,0.0,-0.003901710410616784
AALV01000001.1/1015631-1015532,Rfam_seed,RF00059,100,mfe,0,25,26,0.28,0.2692307692307692,0.27450980392156865,0.27080713286904795,0.28,0.2692307692307692,0.27450980392156865,0.27080713286904795
AALV01000001.1/1015631-1015532,Rfam_seed,RF00059,100,mea,0,25,25,0.28,0.28,0.28,0.27634517766497463,0.28,0.28,0.28,0.27634517766497463
AALV01000001.1/1015631-1015532,Rfam_seed,RF00059,100,centroid,0,25,25,0.28,0.28,0.28,0.27634517766497463,0.28,0.28,0.28,0.27634517766497463
AACT01041609.1/35558-35664,Rfam_seed,RF00026,107,mfe,0,5,29,1.0,0.1724137931034483,0.29411764705882354,0.4143470575025303,0.8,0.13793103448275862,0.23529411764705882,0.3310516954643577
AACT01041609.1/35558-35664,Rfam_seed,RF00026,107,mea,0,5,27,0.8,0.14814814814814814,0.25,0.34318525078798623,0.8,0.14814814814814814,0.25,0.34318525078798623
AACT01041609.1/35558-35664,Rfam_seed,RF00026,107,centroid,0,5,24,0.8,0.16666666666666666,0.27586206896551724,0.36414830188344094,0.8,0.16666666666666666,0.27586206896551724,0.36414830188344094
AB042240.3/15036-15107,Rfam_seed,RF00005,72,mfe,0,21,21,1.0,1.0,1.0,1.0,0.8571428571428571,0.8571428571428571,0.8571428571428571,0.8559594251901944
AB042240.3/15036-15107,Rfam_seed,RF00005,72,mea,0,21,21,0.5714285714285714,0.5714285714285714,0.5714285714285714,0.5678782755705832,0.47619047619047616,0.47619047619047616,0.47619047619047616,0.47185122569737953
AB042240.3/15036-15107,Rfam_seed,RF00005,72,centroid,0,21,20,0.5714285714285714,0.6,0.5853658536585366,0.5821914727051692,0.47619047619047616,0.5,0.4878048780487805,0.4838124297173065
AB035923.1/6106-6178,Rfam_seed,RF00005,73,mfe,0,21,23,1.0,0.9130434782608695,0.9545454545454546,0.955166489657655,0.8571428571428571,0.782608695652174,0.8181818181818182,0.8175093723107772
AB035923.1/6106-6178,Rfam_seed,RF00005,73,mea,0,21,23,1.0,0.9130434782608695,0.9545454545454546,0.955166489657655,0.8571428571428571,0.782608695652174,0.8181818181818182,0.8175093723107772
AB035923.1/6106-6178,Rfam_seed,RF00005,73,centroid,0,21,23,1.0,0.9130434782608695,0.9545454545454546,0.955166489657655,0.8571428571428571,0.782608695652174,0.8181818181818182,0.8175093723107772
AF114034.1/6052-6168,Rfam_seed,RF00001,117,mfe,0,31,38,0.41935483870967744,0.34210526315789475,0.37681159420289856,0.3756176778804918,0.45161290322580644,0.3684210526315789,0.4057971014492754,0.4049023925185549
AF114034.1/6052-6168,Rfam_seed,RF00001,117,mea,0,31,31,0.41935483870967744,0.41935483870967744,0.41935483870967744,0.4166901458895442,0.45161290322580644,0.45161290322580644,0.45161290322580644,0.4490962488956806
AF114034.1/6052-6168,Rfam_seed,RF00001,117,centroid,0,31,29,0.3870967741935484,0.41379310344827586,0.4,0.3975615687615603,0.41935483870967744,0.4482758620689655,0.43333333333333335,0.4310615353046662
AAOB01000003.1/8301-7930,Rfam_seed,RF00010,372,mfe,0,94,120,0.7659574468085106,0.6,0.6728971962616822,0.6774305453354678,0.7127659574468085,0.5583333333333333,0.6261682242990654,0.630279709319728
AAOB01000003.1/8301-7930,Rfam_seed,RF00010,372,mea,0,94,111,0.8085106382978723,0.6846846846846847,0.7414634146341463,0.743650455218804,0.7340425531914894,0.6216216216216216,0.6731707317073171,0.6750197916125368
AAOB01000003.1/8301-7930,Rfam_seed,RF00010,372,centroid,0,94,94,0.8085106382978723,0.8085106382978723,0.8085106382978723,0.8082494356045824,0.7340425531914894,0.7340425531914894,0.7340425531914894,0.733679771673031
AAPI01000003.1/215670-216054,Rfam_seed,RF00010,385,mfe,0,98,126,0.6836734693877551,0.5317460317460317,0.5982142857142857,0.602352724663571,0.6224489795918368,0.48412698412698413,0.5446428571428571,0.5482758643397709
AAPI01000003.1/215670-216054,Rfam_seed,RF00010,385,mea,0,98,120,0.6836734693877551,0.5583333333333333,0.6146788990825688,0.6172762405432975,0.6326530612244898,0.5166666666666667,0.5688073394495413,0.5711012072486612
AAPI01000003.1/215670-216054,Rfam_seed,RF00010,385,centroid,0,98,117,0.6836734693877551,0.5726495726495726,0.6232558139534884,0.6251644407572682,0.6326530612244898,0.5299145299145299,0.5767441860465117,0.5784021172074627
AAOX01000002.1/320062-320165,Rfam_seed,RF00162,104,mfe,0,31,33,0.7419354838709677,0.696969696969697,0.71875,0.7174158102467624,0.8709677419354839,0.8181818181818182,0.84375,0.8432285742849619
AAOX01000002.1/320062-320165,Rfam_seed,RF00162,104,mea,0,31,33,0.7419354838709677,0.696969696969697,0.71875,0.7174158102467624,0.8709677419354839,0.8181818181818182,0.84375,0.8432285742849619
AAOX01000002.1/320062-320165,Rfam_seed,RF00162,104,centroid,0,31,33,0.7419354838709677,0.696969696969697,0.71875,0.7174158102467624,0.8709677419354839,0.8181818181818182,0.84375,0.8432285742849619
AB087258.1/15478-15568,Rfam_seed,RF00059,91,mfe,0,21,28,0.5238095238095238,0.39285714285714285,0.4489795918367347,0.4504057136839179,0.42857142857142855,0.32142857142857145,0.3673469387755102,0.36743064125277575
AB087258.1/15478-15568,Rfam_seed,RF00059,91,mea,0,21,26,0.5238095238095238,0.4230769230769231,0.46808510638297873,0.4677346812292594,0.42857142857142855,0.34615384615384615,0.3829787234042553,0.38164854357970246
AB087258.1/15478-15568,Rfam_seed,RF00059,91,centroid,0,21,26,0.5238095238095238,0.4230769230769231,0.46808510638297873,0.4677346812292594,0.42857142857142855,0.34615384615384615,0.3829787234042553,0.38164854357970246
AB031215.1/9125-9195,Rfam_seed,RF00005,71,mfe,0,21,21,1.0,1.0,1.0,1.0,0.8095238095238095,0.8095238095238095,0.8095238095238095,0.8079004329004329
AB031215.1/9125-9195,Rfam_seed,RF00005,71,mea,0,21,19,0.9047619047619048,1.0,0.95,0.9508039312639319,0.7619047619047619,0.8421052631578947,0.8,0.7993975038123637
AB031215.1/9125-9195,Rfam_seed,RF00005,71,centroid,0,21,17,0.8095238095238095,1.0,0.8947368421052632,0.8990059940943731,0.7619047619047619,0.9411764705882353,0.8421052631578947,0.8456725836826916
AAOX01000028.1/42464-42565,Rfam_seed,RF00167,102,mfe,0,19,19,1.0,1.0,1.0,1.0,0.8421052631578947,0.8421052631578947,0.8421052631578947,0.8415206957377857
AAOX01000028.1/42464-42565,Rfam_seed,RF00167,102,mea,0,19,19,1.0,1.0,1.0,1.0,0.8421052631578947,0.8421052631578947,0.8421052631578947,0.8415206957377857
AAOX01000028.1/42464-42565,Rfam_seed,RF00167,102,centroid,0,19,19,1.0,1.0,1.0,1.0,0.8421052631578947,0.8421052631578947,0.8421052631578947,0.8415206957377857
AAEW02000009.1/28314-28685,Rfam_seed,RF00010,372,mfe,0,95,121,0.8105263157894737,0.6363636363636364,0.7129629629629629,0.7177545016878475,0.7578947368421053,0.5950413223140496,0.6666666666666666,0.6710460186442228
AAEW02000009.1/28314-28685,Rfam_seed,RF00010,372,mea,0,95,119,0.8,0.6386554621848739,0.7102803738317757,0.7143566153780986,0.7368421052631579,0.5882352941176471,0.6542056074766355,0.6578382088569249
AAEW02000009.1/28314-28685,Rfam_seed,RF00010,372,centroid,0,95,115,0.7894736842105263,0.6521739130434783,0.7142857142857143,0.7171238074813886,0.7368421052631579,0.6086956521739131,0.6666666666666666,0.6692144204041058
AL591978.1/212840-212931,Rfam_seed,RF00504,92,mfe,0,22,27,0.8636363636363636,0.7037037037037037,0.7755102040816326,0.7783126317662937,0.8181818181818182,0.6666666666666666,0.7346938775510204,0.7370405684704525
AL591978.1/212840-212931,Rfam_seed,RF00504,92,mea,0,22,27,0.8636363636363636,0.7037037037037037,0.7755102040816326,0.7783126317662937,0.8181818181818182,0.6666666666666666,0.7346938775510204,0.7370405684704525
AL591978.1/212840-212931,Rfam_seed,RF00504,92,centroid,0,22,25,0.7727272727272727,0.68,0.723404255319149,0.7233407788968136,0.7272727272727273,0.64,0.6808510638297872,0.6804599017022566
AAEW02000025.1/17075-16894,Rfam_seed,RF00174,182,mfe,0,40,56,0.725,0.5178571428571429,0.6041666666666666,0.6116459208124908,0.65,0.4642857142857143,0.5416666666666666,0.5480740823182203
AAEW02000025.1/17075-16894,Rfam_seed,RF00174,182,mea,0,40,55,0.625,0.45454545454545453,0.5263157894736842,0.5316874753031858,0.65,0.4727272727272727,0.5473684210526316,0.5530692110187905
AAEW02000025.1/17075-16894,Rfam_seed,RF00174,182,centroid,0,40,47,0.575,0.48936170212765956,0.5287356321839081,0.5292206884080327,0.525,0.44680851063829785,0.4827586206896552,0.4829719838811092
AE017355.1/2242861-2242742,Rfam_seed,RF00504,120,mfe,0,19,35,0.7368421052631579,0.4,0.5185185185185185,0.5413324025884978,0.5789473684210527,0.3142857142857143,0.4074074074074074,0.4245557263868197
AE017355.1/2242861-2242742,Rfam_seed,RF00504,120,mea,0,19,33,0.7368421052631579,0.42424242424242425,0.5384615384615384,0.55763000075984,0.5789473684210527,0.3333333333333333,0.4230769230769231,0.4373836111785752
AE017355.1/2242861-2242742,Rfam_seed,RF00504,120,centroid,0,19,30,0.7368421052631579,0.4666666666666667,0.5714285714285714,0.5850594108829652,0.5789473684210527,0.36666666666666664,0.4489795918367347,0.4589705429776114
AACY020564764.1/1738-2092,Rfam_seed,RF00023,355,mfe,0,68,102,0.5588235294117647,0.37254901960784315,0.4470588235294118,0.4555683694001719,0.5882352941176471,0.39215686274509803,0.47058823529411764,0.47961550534831343
AACY020564764.1/1738-2092,Rfam_seed,RF00023,355,mea,0,68,94,0.5735294117647058,0.4148936170212766,0.48148148148148145,0.48716059817483265,0.5882352941176471,0.425531914893617,0.49382716049382713,0.4996845627985788
AACY020564764.1/1738-2092,Rfam_seed,RF00023,355,centroid,0,68,90,0.5588235294117647,0.4222222222222222,0.4810126582278481,0.48510939595390745,0.5882352941176471,0.4444444444444444,0.5063291139240507,0.5107070789454667
AACO02000104.1/123353-123240,Rfam_seed,RF00026,114,mfe,0,5,21,1.0,0.23809523809523808,0.38461538461538464,0.48734313320896133,0.8,0.19047619047619047,0.3076923076923077,0.3895556839566585
AACO02000104.1/123353-123240,Rfam_seed,RF00026,114,mea,0,5,20,1.0,0.25,0.4,0.4994170000737958,0.8,0.2,0.32,0.3992224852793613
AACO02000104.1/123353-123240,Rfam_seed,RF00026,114,centroid,0,5,20,1.0,0.25,0.4,0.4994170000737958,0.8,0.2,0.32,0.3992224852793613
AAOE01000014.1/15829-15485,Rfam_seed,RF00010,345,mfe,0,98,111,0.673469387755102,0.5945945945945946,0.631578947368421,0.6321599140223543,0.6122448979591837,0.5405405405405406,0.5741626794258373,0.5745307646736769
AAOE01000014.1/15829-15485,Rfam_seed,RF00010,345,mea,0,98,104,0.6020408163265306,0.5673076923076923,0.5841584158415841,0.5837084784515276,0.5510204081632653,0.5192307692307693,0.5346534653465347,0.5340972340399462
AAOE01000014.1/15829-15485,Rfam_seed,RF00010,345,centroid,0,98,93,0.6020408163265306,0.6344086021505376,0.6178010471204188,0.6173976453103919,0.5510204081632653,0.5806451612903226,0.5654450261780105,0.5649392506606483
AAKK02000001.1/258130-258269,Rfam_seed,RF00050,140,mfe,0,27,43,0.7407407407407407,0.46511627906976744,0.5714285714285714,0.585571947230988,0.7777777777777778,0.4883720930232558,0.6,0.6150262715738429
AAKK02000001.1/258130-258269,Rfam_seed,RF00050,140,mea,0,27,42,0.5925925925925926,0.38095238095238093,0.463768115942029,0.4733486697784973,0.6296296296296297,0.40476190476190477,0.4927536231884058,0.503150039965657
AAKK02000001.1/258130-258269,Rfam_seed,RF00050,140,centroid,0,27,37,0.5925925925925926,0.43243243243243246,0.5,0.5046288838037584,0.5925925925925926,0.43243243243243246,0.5,0.5046288838037584
AAEK01000033.1/47712-47817,Rfam_seed,RF00059,106,mfe,0,27,30,0.8518518518518519,0.7666666666666667,0.8070175438596491,0.8071571469532197,0.7037037037037037,0.6333333333333333,0.6666666666666666,0.6658879871373714
AAEK01000033.1/47712-47817,Rfam_seed,RF00059,106,mea,0,27,29,0.8148148148148148,0.7586206896551724,0.7857142857142857,0.7851380148840527,0.6666666666666666,0.6206896551724138,0.6428571428571429,0.6414668005399339
AAEK01000033.1/47712-47817,Rfam_seed,RF00059,106,centroid,0,27,29,0.8148148148148148,0.7586206896551724,0.7857142857142857,0.7851380148840527,0.6666666666666666,0.6206896551724138,0.6428571428571429,0.6414668005399339
K03128.1/241-77,Rfam_seed,RF00003,165,mfe,0,45,54,0.37777777777777777,0.3148148148148148,0.3434343434343434,0.34247192881381266,0.37777777777777777,0.3148148148148148,0.3434343434343434,0.34247192881381266
K03128.1/241-77,Rfam_seed,RF00003,165,mea,0,45,52,0.35555555555555557,0.3076923076923077,0.32989690721649484,0.3283610745593535,0.35555555555555557,0.3076923076923077,0.32989690721649484,0.3283610745593535
K03128.1/241-77,Rfam_seed,RF00003,165,centroid,0,45,51,0.35555555555555557,0.3137254901960784,0.3333333333333333,0.3316220469433832,0.35555555555555557,0.3137254901960784,0.3333333333333333,0.3316220469433832
AF269536.1/680-500,Rfam_seed,RF00168,181,mfe,0,37,51,0.40540540540540543,0.29411764705882354,0.3409090909090909,0.3435683235339937,0.35135135135135137,0.2549019607843137,0.29545454545454547,0.2974026983427789
AF269536.1/680-500,Rfam_seed,RF00168,181,mea,0,37,48,0.40540540540540543,0.3125,0.35294117647058826,0.3542715261632528,0.35135135135135137,0.2708333333333333,0.3058823529411765,0.3066894838899722
AF269536.1/680-500,Rfam_seed,RF00168,181,centroid,0,37,44,0.40540540540540543,0.3409090909090909,0.37037037037037035,0.3702047183031577,0.35135135135135137,0.29545454545454547,0.32098765432098764,0.32051301453375536
AB009835.1/1-71,Rfam_seed,RF00005,71,mfe,0,19,25,0.3684210526315789,0.28,0.3181818181818182,0.315202362690045,0.3157894736842105,0.24,0.2727272727272727,0.26890934429260044
AB009835.1/1-71,Rfam_seed,RF00005,71,mea,0,19,17,0.42105263157894735,0.47058823529411764,0.4444444444444444,0.4410947215986308,0.3684210526315789,0.4117647058823529,0.3888888888888889,0.38504725096547654
AB009835.1/1-71,Rfam_seed,RF00005,71,centroid,0,19,7,0.3684210526315789,1.0,0.5384615384615384,0.6055055171601075,0.3157894736842105,0.8571428571428571,0.46153846153846156,0.5183382590125656
AB385841.1/13217-13047,Rfam_seed,RF00380,171,mfe,0,46,57,0.8478260869565217,0.6842105263157895,0.7572815533980582,0.7608102305513964,0.7608695652173914,0.6140350877192983,0.6796116504854369,0.682415803320118
AB385841.1/13217-13047,Rfam_seed,RF00380,171,mea,0,46,57,0.8478260869565217,0.6842105263157895,0.7572815533980582,0.7608102305513964,0.7608695652173914,0.6140350877192983,0.6796116504854369,0.682415803320118
AB385841.1/13217-13047,Rfam_seed,RF00380,171,centroid,0,46,56,0.8260869565217391,0.6785714285714286,0.7450980392156863,0.7478370513800442,0.7608695652173914,0.625,0.6862745098039216,0.6885206396296489
AE016827.1/1325416-1325239,Rfam_seed,RF00168,178,mfe,0,45,54,0.9777777777777777,0.8148148148148148,0.8888888888888888,0.8922594077207763,0.8666666666666667,0.7222222222222222,0.7878787878787878,0.790509576029067
AE016827.1/1325416-1325239,Rfam_seed,RF00168,178,mea,0,45,54,0.9777777777777777,0.8148148148148148,0.8888888888888888,0.8922594077207763,0.8666666666666667,0.7222222222222222,0.7878787878787878,0.790509576029067
AE016827.1/1325416-1325239,Rfam_seed,RF00168,178,centroid,0,45,52,0.9777777777777777,0.8461538461538461,0.9072164948453608,0.9093169102723763,0.8666666666666667,0.75,0.8041237113402062,0.8056354165121652
AE015927.1/24077-23975,Rfam_seed,RF01854,103,mfe,0,32,34,0.9375,0.8823529411764706,0.9090909090909091,0.9089394417131588,0.90625,0.8529411764705882,0.8787878787878788,0.8784308291246984
AE015927.1/24077-23975,Rfam_seed,RF01854,103,mea,0,32,34,0.9375,0.8823529411764706,0.9090909090909091,0.9089394417131588,0.90625,0.8529411764705882,0.8787878787878788,0.8784308291246984
AE015927.1/24077-23975,Rfam_seed,RF01854,103,centroid,0,32,34,0.9375,0.8823529411764706,0.9090909090909091,0.9089394417131588,0.90625,0.8529411764705882,0.8787878787878788,0.8784308291246984
AE014292.2/713320-713218,Rfam_seed,RF00504,103,mfe,0,19,29,0.10526315789473684,0.06896551724137931,0.08333333333333333,0.08110488664600526,0.10526315789473684,0.06896551724137931,0.08333333333333333,0.08110488664600526
AE014292.2/713320-713218,Rfam_seed,RF00504,103,mea,0,19,27,0.5789473684210527,0.4074074074074074,0.4782608695652174,0.4834671145633506,0.5789473684210527,0.4074074074074074,0.4782608695652174,0.4834671145633506
AE014292.2/713320-713218,Rfam_seed,RF00504,103,centroid,0,19,22,0.5263157894736842,0.45454545454545453,0.4878048780487805,0.4871249577889396,0.5789473684210527,0.5,0.5365853658536586,0.5362281855150929
AACY020561358.1/221-575,Rfam_seed,RF00023,355,mfe,0,68,108,0.7058823529411765,0.4444444444444444,0.5454545454545454,0.5595318385623409,0.6911764705882353,0.4351851851851852,0.5340909090909091,0.5478464719911081
AACY020561358.1/221-575,Rfam_seed,RF00023,355,mea,0,68,101,0.7647058823529411,0.5148514851485149,0.6153846153846154,0.6269873980432779,0.7352941176470589,0.49504950495049505,0.591715976331361,0.6028217026910495
AACY020561358.1/221-575,Rfam_seed,RF00023,355,centroid,0,68,95,0.7647058823529411,0.5473684210526316,0.6380368098159509,0.646533852732466,0.7352941176470589,0.5263157894736842,0.6134969325153374,0.6216179048910668
AADG06003467.1/1334-1527,Rfam_seed,RF00004,194,mfe,0,44,61,0.9772727272727273,0.7049180327868853,0.819047619047619,0.8295574007516356,0.8863636363636364,0.639344262295082,0.7428571428571429,0.7521311196865162
AADG06003467.1/1334-1527,Rfam_seed,RF00004,194,mea,0,44,57,0.8409090909090909,0.6491228070175439,0.7326732673267327,0.7381349343188671,0.7727272727272727,0.5964912280701754,0.6732673267326733,0.6780686718293166
AADG06003467.1/1334-1527,Rfam_seed,RF00004,194,centroid,0,44,56,0.8409090909090909,0.6607142857142857,0.74,0.7447237884784481,0.7727272727272727,0.6071428571428571,0.68,0.6841252165415025
AF270378.1/2268-2051,Rfam_seed,RF00234,218,mfe,0,38,70,0.8421052631578947,0.45714285714285713,0.5925925925925926,0.619687789609924,0.8421052631578947,0.45714285714285713,0.5925925925925926,0.619687789609924
AF270378.1/2268-2051,Rfam_seed,RF00234,218,mea,0,38,71,0.8421052631578947,0.4507042253521127,0.5871559633027523,0.6152903605425458,0.8421052631578947,0.4507042253521127,0.5871559633027523,0.6152903605425458
AF270378.1/2268-2051,Rfam_seed,RF00234,218,centroid,0,38,69,0.8421052631578947,0.463768115942029,0.5981308411214953,0.624180340835654,0.8421052631578947,0.463768115942029,0.5981308411214953,0.624180340835654
AE001437.1/136141-136243,Rfam_seed,RF01854,103,mfe,0,33,34,0.9393939393939394,0.9117647058823529,0.9253731343283582,0.924998630474703,0.8787878787878788,0.8529411764705882,0.8656716417910447,0.8649072656441168
AE001437.1/136141-136243,Rfam_seed,RF01854,103,mea,0,33,34,0.9393939393939394,0.9117647058823529,0.9253731343283582,0.924998630474703,0.8787878787878788,0.8529411764705882,0.8656716417910447,0.8649072656441168
AE001437.1/136141-136243,Rfam_seed,RF01854,103,centroid,0,33,34,0.9393939393939394,0.9117647058823529,0.9253731343283582,0.924998630474703,0.8787878787878788,0.8529411764705882,0.8656716417910447,0.8649072656441168
AANE01000023.1/29684-29331,Rfam_seed,RF00010,354,mfe,0,99,110,0.6666666666666666,0.6,0.631578947368421,0.6318421053989736,0.6262626262626263,0.5636363636363636,0.5933014354066986,0.5934472512271444
AANE01000023.1/29684-29331,Rfam_seed,RF00010,354,mea,0,99,102,0.6767676767676768,0.6568627450980392,0.6666666666666666,0.6662042071696194,0.6262626262626263,0.6078431372549019,0.6169154228855721,0.6163672588040816
AANE01000023.1/29684-29331,Rfam_seed,RF00010,354,centroid,0,99,83,0.6161616161616161,0.7349397590361446,0.6703296703296703,0.6724637222081001,0.5858585858585859,0.6987951807228916,0.6373626373626373,0.6393202807947114
ABDQ01000001.1/467807-467647,Rfam_seed,RF00380,161,mfe,0,37,49,0.9459459459459459,0.7142857142857143,0.813953488372093,0.821431533579624,0.8378378378378378,0.6326530612244898,0.7209302325581395,0.7271745670972487
ABDQ01000001.1/467807-467647,Rfam_seed,RF00380,161,mea,0,37,47,0.8918918918918919,0.7021276595744681,0.7857142857142857,0.7906825696821314,0.7837837837837838,0.6170212765957447,0.6904761904761905,0.6944485282080423
ABDQ01000001.1/467807-467647,Rfam_seed,RF00380,161,centroid,0,37,47,0.8918918918918919,0.7021276595744681,0.7857142857142857,0.7906825696821314,0.7837837837837838,0.6170212765957447,0.6904761904761905,0.6944485282080423
AADA01287270.1/15999-15809,Rfam_seed,RF00004,191,mfe,0,40,59,0.8,0.5423728813559322,0.6464646464646465,0.6578269216011018,0.75,0.5084745762711864,0.6060606060606061,0.6165449492262938
AADA01287270.1/15999-15809,Rfam_seed,RF00004,191,mea,0,40,59,0.8,0.5423728813559322,0.6464646464646465,0.6578269216011018,0.75,0.5084745762711864,0.6060606060606061,0.6165449492262938
AADA01287270.1/15999-15809,Rfam_seed,RF00004,191,centroid,0,40,56,0.8,0.5714285714285714,0.6666666666666666,0.6753015260803213,0.75,0.5357142857142857,0.625,0.6329317259740715
AACY023318861.1/904-508,Rfam_seed,RF00023,397,mfe,0,66,109,0.42424242424242425,0.25688073394495414,0.32,0.3294084156557139,0.4393939393939394,0.26605504587155965,0.3314285714285714,0.3412115813058825
AACY023318861.1/904-508,Rfam_seed,RF00023,397,mea,0,66,95,0.42424242424242425,0.29473684210526313,0.34782608695652173,0.3529639041018152,0.4393939393939394,0.30526315789473685,0.36024844720496896,0.36560577129530936
AACY023318861.1/904-508,Rfam_seed,RF00023,397,centroid,0,66,68,0.42424242424242425,0.4117647058823529,0.417910447761194,0.41746057000881853,0.4090909090909091,0.39705882352941174,0.40298507462686567,0.4025208002107265
AACY020396050.1/454-188,Rfam_seed,RF00023,267,mfe,0,33,82,0.0,0.0,0.0,-0.0014672525881877603,0.18181818181818182,0.07317073170731707,0.10434782608695652,0.11406180874027246
AACY020396050.1/454-188,Rfam_seed,RF00023,267,mea,0,33,82,0.0,0.0,0.0,-0.0014672525881877603,0.18181818181818182,0.07317073170731707,0.10434782608695652,0.11406180874027246
AACY020396050.1/454-188,Rfam_seed,RF00023,267,centroid,0,33,77,0.0,0.0,0.0,-0.001421715431753053,0.18181818181818182,0.07792207792207792,0.10909090909090909,0.11779088597788726
AACW02000210.1/206231-206366,Rfam_seed,RF00015,136,mfe,0,26,39,0.8461538461538461,0.5641025641025641,0.676923076923077,0.6898554181369395,0.7692307692307693,0.5128205128205128,0.6153846153846154,0.6268248254553523
AACW02000210.1/206231-206366,Rfam_seed,RF00015,136,mea,0,26,40,0.6923076923076923,0.45,0.5454545454545454,0.5566445114075625,0.5769230769230769,0.375,0.45454545454545453,0.46328281929937576
AACW02000210.1/206231-206366,Rfam_seed,RF00015,136,centroid,0,26,29,0.6538461538461539,0.5862068965517241,0.6181818181818182,0.617963507711888,0.5384615384615384,0.4827586206896552,0.509090909090909,0.5083816821392417
AF114036.1/6058-6174,Rfam_seed,RF00001,117,mfe,0,32,38,0.40625,0.34210526315789475,0.37142857142857144,0.3695680204588986,0.4375,0.3684210526315789,0.4,0.39839366339623433
AF114036.1/6058-6174,Rfam_seed,RF00001,117,mea,0,32,36,0.46875,0.4166666666666667,0.4411764705882353,0.43914034956866277,0.5625,0.5,0.5294117647058824,0.5279737846182349
AF114036.1/6058-6174,Rfam_seed,RF00001,117,centroid,0,32,27,0.40625,0.48148148148148145,0.4406779661016949,0.4398495720964783,0.4375,0.5185185185185185,0.4745762711864407,0.47401880528839513
AACF01000119.1/10356-10566,Rfam_seed,RF00015,211,mfe,0,25,63,0.84,0.3333333333333333,0.4772727272727273,0.5284085795870935,0.76,0.30158730158730157,0.4318181818181818,0.4779130133312617
AACF01000119.1/10356-10566,Rfam_seed,RF00015,211,mea,0,25,61,0.8,0.32786885245901637,0.46511627906976744,0.5113775686414422,0.72,0.29508196721311475,0.4186046511627907,0.4600632051324068
AACF01000119.1/10356-10566,Rfam_seed,RF00015,211,centroid,0,25,54,0.68,0.3148148148148148,0.43037974683544306,0.46184649564700986,0.64,0.2962962962962963,0.4050632911392405,0.4345813262129544
AAAB01008933.1/1598961-1598821,Rfam_seed,RF00015,141,mfe,0,26,42,0.7692307692307693,0.47619047619047616,0.5882352941176471,0.6039601757883855,0.8076923076923077,0.5,0.6176470588235294,0.6343261666549388
AAAB01008933.1/1598961-1598821,Rfam_seed,RF00015,141,mea,0,26,39,0.8076923076923077,0.5384615384615384,0.6461538461538462,0.6584199220287943,0.8461538461538461,0.5641025641025641,0.676923076923077,0.6899273915347685
AAAB01008933.1/1598961-1598821,Rfam_seed,RF00015,141,centroid,0,26,36,0.7692307692307693,0.5555555555555556,0.6451612903225806,0.6526707549703352,0.7692307692307693,0.5555555555555556,0.6451612903225806,0.6526707549703352
AB118748.1/319-422,Rfam_seed,RF00059,104,mfe,0,18,33,0.0,0.0,0.0,-0.004572205109834651,0.0,0.0,0.0,-0.004572205109834651
AB118748.1/319-422,Rfam_seed,RF00059,104,mea,0,18,32,0.0,0.0,0.0,-0.004501973492778376,0.0,0.0,0.0,-0.004501973492778376
AB118748.1/319-422,Rfam_seed,RF00059,104,centroid,0,18,31,0.0,0.0,0.0,-0.004430655758722167,0.0,0.0,0.0,-0.004430655758722167
J00645.1/51-213,Rfam_seed,RF00003,163,mfe,0,44,54,0.36363636363636365,0.2962962962962963,0.32653061224489793,0.3257610835895699,0.4090909090909091,0.3333333333333333,0.3673469387755102,0.3669444263701541
J00645.1/51-213,Rfam_seed,RF00003,163,mea,0,44,48,0.3181818181818182,0.2916666666666667,0.30434782608695654,0.30220804933015355,0.3409090909090909,0.3125,0.32608695652173914,0.32404383368579315
J00645.1/51-213,Rfam_seed,RF00003,163,centroid,0,44,29,0.22727272727272727,0.3448275862068966,0.273972602739726,0.2780093314649072,0.2727272727272727,0.41379310344827586,0.3287671232876712,0.33415380434269554
AB042432.1/3845-3913,Rfam_seed,RF00005,69,mfe,0,18,21,0.6111111111111112,0.5238095238095238,0.5641025641025641,0.5621643954946782,0.5,0.42857142857142855,0.46153846153846156,0.4584332588083077
AB042432.1/3845-3913,Rfam_seed,RF00005,69,mea,0,18,21,0.6111111111111112,0.5238095238095238,0.5641025641025641,0.5621643954946782,0.5,0.42857142857142855,0.46153846153846156,0.4584332588083077
AB042432.1/3845-3913,Rfam_seed,RF00005,69,centroid,0,18,21,0.6111111111111112,0.5238095238095238,0.5641025641025641,0.5621643954946782,0.5,0.42857142857142855,0.46153846153846156,0.4584332588083077
AL939123.1/278145-278052,Rfam_seed,RF00504,94,mfe,0,21,29,0.8095238095238095,0.5862068965517241,0.68,0.6871594412536711,0.9523809523809523,0.6896551724137931,0.8,0.8094249267913979
AL939123.1/278145-278052,Rfam_seed,RF00504,94,mea,0,21,28,0.7619047619047619,0.5714285714285714,0.6530612244897959,0.6579694573388445,0.9047619047619048,0.6785714285714286,0.7755102040816326,0.7823847756477254
AL939123.1/278145-278052,Rfam_seed,RF00504,94,centroid,0,21,25,0.7142857142857143,0.6,0.6521739130434783,0.652846967913385,0.8095238095238095,0.68,0.7391304347826086,0.7405958638773888
AAOX01000016.1/69993-70130,Rfam_seed,RF00050,138,mfe,0,25,42,0.92,0.5476190476190477,0.6865671641791045,0.7088799855869734,0.72,0.42857142857142855,0.5373134328358209,0.5540278001132304
AAOX01000016.1/69993-70130,Rfam_seed,RF00050,138,mea,0,25,38,0.76,0.5,0.6031746031746031,0.6152311061370735,0.64,0.42105263157894735,0.5079365079365079,0.5175728059364586
AAOX01000016.1/69993-70130,Rfam_seed,RF00050,138,centroid,0,25,32,0.6,0.46875,0.5263157894736842,0.5289327152023159,0.48,0.375,0.42105263157894735,0.4225459435407501
AASE01000018.1/36798-36683,Rfam_seed,RF00162,116,mfe,0,32,36,0.84375,0.75,0.7941176470588235,0.7944562422046256,0.78125,0.6944444444444444,0.7352941176470589,0.7352287652516604
AASE01000018.1/36798-36683,Rfam_seed,RF00162,116,mea,0,32,34,0.78125,0.7352941176470589,0.7575757575757576,0.75672248702034,0.78125,0.7352941176470589,0.7575757575757576,0.75672248702034
AASE01000018.1/36798-36683,Rfam_seed,RF00162,116,centroid,0,32,29,0.78125,0.8620689655172413,0.819672131147541,0.8198469713580068,0.75,0.8275862068965517,0.7868852459016393,0.7868695660742815
AADC01117175.1/34409-34130,Rfam_seed,RF00017,280,mfe,0,86,94,0.19767441860465115,0.18085106382978725,0.18888888888888888,0.18720520138741253,0.16279069767441862,0.14893617021276595,0.15555555555555556,0.15376183877493663
AADC01117175.1/34409-34130,Rfam_seed,RF00017,280,mea,0,86,89,0.1744186046511628,0.16853932584269662,0.17142857142857143,0.16959386700717596,0.13953488372093023,0.1348314606741573,0.13714285714285715,0.13522612501518488
AADC01117175.1/34409-34130,Rfam_seed,RF00017,280,centroid,0,86,89,0.1744186046511628,0.16853932584269662,0.17142857142857143,0.16959386700717596,0.13953488372093023,0.1348314606741573,0.13714285714285715,0.13522612501518488
AACU03000146.1/753634-753781,Rfam_seed,RF00015,148,mfe,0,25,44,0.8,0.45454545454545453,0.5797101449275363,0.6018828855493039,0.88,0.5,0.6376811594202898,0.6623770371616603
AACU03000146.1/753634-753781,Rfam_seed,RF00015,148,mea,0,25,45,0.76,0.4222222222222222,0.5428571428571428,0.5652059648003463,0.84,0.4666666666666667,0.6,0.6250269437511792
AACU03000146.1/753634-753781,Rfam_seed,RF00015,148,centroid,0,25,38,0.68,0.4473684210526316,0.5396825396825397,0.5503130693402071,0.72,0.47368421052631576,0.5714285714285714,0.5828515828869891
AF083351.1/469-590,Rfam_seed,RF00001,122,mfe,0,28,37,0.2857142857142857,0.21621621621621623,0.24615384615384617,0.24526712678778798,0.25,0.1891891891891892,0.2153846153846154,0.2140612269253343
AF083351.1/469-590,Rfam_seed,RF00001,122,mea,0,28,37,0.25,0.1891891891891892,0.2153846153846154,0.2140612269253343,0.21428571428571427,0.16216216216216217,0.18461538461538463,0.1828553270628806
AF083351.1/469-590,Rfam_seed,RF00001,122,centroid,0,28,37,0.25,0.1891891891891892,0.2153846153846154,0.2140612269253343,0.21428571428571427,0.16216216216216217,0.18461538461538463,0.1828553270628806
AAMR01000003.1/106610-106709,Rfam_seed,RF00167,100,mfe,0,18,21,0.9444444444444444,0.8095238095238095,0.8717948717948718,0.8739006071880633,0.7777777777777778,0.6666666666666666,0.717948717948718,0.7189869842980435
AAMR01000003.1/106610-106709,Rfam_seed,RF00167,100,mea,0,18,20,0.9444444444444444,0.85,0.8947368421052632,0.8955832170425194,0.7777777777777778,0.7,0.7368421052631579,0.7368600904990009
AAMR01000003.1/106610-106709,Rfam_seed,RF00167,100,centroid,0,18,17,0.9444444444444444,1.0,0.9714285714285714,0.9717268083504214,0.7777777777777778,0.8235294117647058,0.8,0.7996197630758191
AAAA02007579.1/14294-14490,Rfam_seed,RF00004,197,mfe,0,43,65,0.813953488372093,0.5384615384615384,0.6481481481481481,0.6611401333981985,0.6744186046511628,0.4461538461538462,0.5370370370370371,0.5473310661425812
AAAA02007579.1/14294-14490,Rfam_seed,RF00004,197,mea,0,43,65,0.813953488372093,0.5384615384615384,0.6481481481481481,0.6611401333981985,0.6744186046511628,0.4461538461538462,0.5370370370370371,0.5473310661425812
AAAA02007579.1/14294-14490,Rfam_seed,RF00004,197,centroid,0,43,65,0.813953488372093,0.5384615384615384,0.6481481481481481,0.6611401333981985,0.6744186046511628,0.4461538461538462,0.5370370370370371,0.5473310661425812
AE008691.1/2140374-2140272,Rfam_seed,RF00059,103,mfe,0,25,26,0.64,0.6153846153846154,0.6274509803921569,0.6257558493761703,0.8,0.7692307692307693,0.7843137254901961,0.783414089466965
AE008691.1/2140374-2140272,Rfam_seed,RF00059,103,mea,0,25,26,0.6,0.5769230769230769,0.5882352941176471,0.5863412893534717,0.76,0.7307692307692307,0.7450980392156863,0.7439995294442663
AE008691.1/2140374-2140272,Rfam_seed,RF00059,103,centroid,0,25,26,0.6,0.5769230769230769,0.5882352941176471,0.5863412893534717,0.76,0.7307692307692307,0.7450980392156863,0.7439995294442663
AE007317.1/646024-645926,Rfam_seed,RF00059,99,mfe,0,23,27,0.21739130434782608,0.18518518518518517,0.2,0.19651882139481827,0.17391304347826086,0.14814814814814814,0.16,0.15618232302017734
AE007317.1/646024-645926,Rfam_seed,RF00059,99,mea,0,23,26,0.21739130434782608,0.19230769230769232,0.20408163265306123,0.20043648975156572,0.17391304347826086,0.15384615384615385,0.16326530612244897,0.15933586787284715
AE007317.1/646024-645926,Rfam_seed,RF00059,99,centroid,0,23,21,0.21739130434782608,0.23809523809523808,0.22727272727272727,0.22399326494885063,0.17391304347826086,0.19047619047619047,0.18181818181818182,0.1782843919778396
AACI02000576.1/2356-2546,Rfam_seed,RF00015,191,mfe,0,24,54,0.75,0.3333333333333333,0.46153846153846156,0.4990888711501312,0.75,0.3333333333333333,0.46153846153846156,0.4990888711501312
AACI02000576.1/2356-2546,Rfam_seed,RF00015,191,mea,0,24,51,0.6666666666666666,0.3137254901960784,0.4266666666666667,0.45634468912088244,0.6666666666666666,0.3137254901960784,0.4266666666666667,0.45634468912088244
AACI02000576.1/2356-2546,Rfam_seed,RF00015,191,centroid,0,24,39,0.5,0.3076923076923077,0.38095238095238093,0.3912253862888158,0.5,0.3076923076923077,0.38095238095238093,0.3912253862888158
AAXV01000001.1/277776-277678,Rfam_seed,RF00167,99,mfe,0,20,23,1.0,0.8695652173913043,0.9302325581395349,0.9322152254555534,0.8,0.6956521739130435,0.7441860465116279,0.7448839885589134
AAXV01000001.1/277776-277678,Rfam_seed,RF00167,99,mea,0,20,23,1.0,0.8695652173913043,0.9302325581395349,0.9322152254555534,0.8,0.6956521739130435,0.7441860465116279,0.7448839885589134
AAXV01000001.1/277776-277678,Rfam_seed,RF00167,99,centroid,0,20,23,1.0,0.8695652173913043,0.9302325581395349,0.9322152254555534,0.8,0.6956521739130435,0.7441860465116279,0.7448839885589134
AP006716.1/2548377-2548277,Rfam_seed,RF01854,101,mfe,0,33,33,0.9090909090909091,0.9090909090909091,0.9090909090909091,0.9084929421784116,0.7878787878787878,0.7878787878787878,0.7878787878787878,0.786483531749627
AP006716.1/2548377-2548277,Rfam_seed,RF01854,101,mea,0,33,32,0.696969696969697,0.71875,0.7076923076923077,0.7058840126117353,0.6363636363636364,0.65625,0.6461538461538462,0.6439396147510429
AP006716.1/2548377-2548277,Rfam_seed,RF01854,101,centroid,0,33,31,0.696969696969697,0.7419354838709677,0.71875,0.7173130346303017,0.6363636363636364,0.6774193548387096,0.65625,0.6543837335127007
AE017355.1/2242962-2242862,Rfam_seed,RF00504,101,mfe,0,18,31,0.6111111111111112,0.3548387096774194,0.4489795918367347,0.46323727826329375,0.6666666666666666,0.3870967741935484,0.4897959183673469,0.5057770705099776
AE017355.1/2242962-2242862,Rfam_seed,RF00504,101,mea,0,18,31,0.6111111111111112,0.3548387096774194,0.4489795918367347,0.46323727826329375,0.6666666666666666,0.3870967741935484,0.4897959183673469,0.5057770705099776
AE017355.1/2242962-2242862,Rfam_seed,RF00504,101,centroid,0,18,29,0.5,0.3103448275862069,0.3829787234042553,0.39121581929698807,0.5555555555555556,0.3448275862068966,0.425531914893617,0.4351892854528327
AF034619.1/5584-5700,Rfam_seed,RF00001,117,mfe,0,29,37,0.5172413793103449,0.40540540540540543,0.45454545454545453,0.4553090122558743,0.4482758620689655,0.35135135135135137,0.3939393939393939,0.39395438578430814
AF034619.1/5584-5700,Rfam_seed,RF00001,117,mea,0,29,37,0.5172413793103449,0.40540540540540543,0.45454545454545453,0.4553090122558743,0.4482758620689655,0.35135135135135137,0.3939393939393939,0.39395438578430814
AF034619.1/5584-5700,Rfam_seed,RF00001,117,centroid,0,29,37,0.5172413793103449,0.40540540540540543,0.45454545454545453,0.4553090122558743,0.4482758620689655,0.35135135135135137,0.3939393939393939,0.39395438578430814
AB042432.1/6942-7011,Rfam_seed,RF00005,70,mfe,0,21,24,0.9523809523809523,0.8333333333333334,0.8888888888888888,0.8898656098250862,0.8571428571428571,0.75,0.8,0.7999407019780872
AB042432.1/6942-7011,Rfam_seed,RF00005,70,mea,0,21,24,0.9523809523809523,0.8333333333333334,0.8888888888888888,0.8898656098250862,0.8571428571428571,0.75,0.8,0.7999407019780872
AB042432.1/6942-7011,Rfam_seed,RF00005,70,centroid,0,21,24,0.9523809523809523,0.8333333333333334,0.8888888888888888,0.8898656098250862,0.8571428571428571,0.75,0.8,0.7999407019780872
AALE02000017.1/13768-13946,Rfam_seed,RF00174,179,mfe,0,30,41,0.6333333333333333,0.4634146341463415,0.5352112676056338,0.5407562293209548,0.6333333333333333,0.4634146341463415,0.5352112676056338,0.5407562293209548
AALE02000017.1/13768-13946,Rfam_seed,RF00174,179,mea,0,30,36,0.5666666666666667,0.4722222222222222,0.5151515151515151,0.5163001612707584,0.5666666666666667,0.4722222222222222,0.5151515151515151,0.5163001612707584
AALE02000017.1/13768-13946,Rfam_seed,RF00174,179,centroid,0,30,28,0.5,0.5357142857142857,0.5172413793103449,0.5166704239822261,0.5,0.5357142857142857,0.5172413793103449,0.5166704239822261
AAOU01000016.1/100989-100601,Rfam_seed,RF00010,389,mfe,0,95,129,0.47368421052631576,0.3488372093023256,0.4017857142857143,0.4056307019301672,0.43157894736842106,0.3178294573643411,0.36607142857142855,0.36944405317060913
AAOU01000016.1/100989-100601,Rfam_seed,RF00010,389,mea,0,95,121,0.5473684210526316,0.4297520661157025,0.48148148148148145,0.4842803103653055,0.5052631578947369,0.39669421487603307,0.4444444444444444,0.4469185373639224
AAOU01000016.1/100989-100601,Rfam_seed,RF00010,389,centroid,0,95,107,0.5368421052631579,0.4766355140186916,0.504950495049505,0.5051839897910259,0.4842105263157895,0.42990654205607476,0.45544554455445546,0.45552499296696214
L25915.1/1-159,Rfam_seed,RF00003,159,mfe,0,40,55,0.325,0.23636363636363636,0.2736842105263158,0.27446477139625175,0.5,0.36363636363636365,0.42105263157894735,0.42427180183555224
L25915.1/1-159,Rfam_seed,RF00003,159,mea,0,40,48,0.8,0.6666666666666666,0.7272727272727273,0.7293632703247294,0.95,0.7916666666666666,0.8636363636363636,0.8667752579439537
L25915.1/1-159,Rfam_seed,RF00003,159,centroid,0,40,45,0.775,0.6888888888888889,0.7294117647058823,0.729768555583206,0.95,0.8444444444444444,0.8941176470588236,0.8953202835303579
AAWP01000069.1/5541-5721,Rfam_seed,RF00168,181,mfe,0,49,56,0.6938775510204082,0.6071428571428571,0.6476190476190476,0.6479355549083731,0.673469387755102,0.5892857142857143,0.6285714285714286,0.62878374260487
AAWP01000069.1/5541-5721,Rfam_seed,RF00168,181,mea,0,49,56,0.8979591836734694,0.7857142857142857,0.8380952380952381,0.8394536779434038,0.8163265306122449,0.7142857142857143,0.7619047619047619,0.7628464287293915
AAWP01000069.1/5541-5721,Rfam_seed,RF00168,181,centroid,0,49,54,0.8775510204081632,0.7962962962962963,0.8349514563106796,0.8354204027783977,0.8163265306122449,0.7407407407407407,0.7766990291262136,0.7769142535433753
AACV01028831.1/1594-1241,Rfam_seed,RF00023,354,mfe,0,72,112,0.3888888888888889,0.25,0.30434782608695654,0.3108252387073532,0.3472222222222222,0.22321428571428573,0.2717391304347826,0.27736831818860946
AACV01028831.1/1594-1241,Rfam_seed,RF00023,354,mea,0,72,96,0.3055555555555556,0.22916666666666666,0.2619047619047619,0.26364270226166964,0.2777777777777778,0.20833333333333334,0.23809523809523808,0.2395540556144355
AACV01028831.1/1594-1241,Rfam_seed,RF00023,354,centroid,0,72,79,0.3055555555555556,0.27848101265822783,0.2913907284768212,0.2908487218480294,0.2777777777777778,0.25316455696202533,0.26490066225165565,0.26429806271768513
AABS01000247.1/111722-112007,Rfam_seed,RF00017,286,mfe,0,89,98,0.7528089887640449,0.6836734693877551,0.7165775401069518,0.716761760984453,0.7415730337078652,0.673469387755102,0.7058823529411765,0.7060295435404004
AABS01000247.1/111722-112007,Rfam_seed,RF00017,286,mea,0,89,96,0.7640449438202247,0.7083333333333334,0.7351351351351352,0.7350622574904407,0.7415730337078652,0.6875,0.7135135135135136,0.7133759206751109
AABS01000247.1/111722-112007,Rfam_seed,RF00017,286,centroid,0,89,94,0.7640449438202247,0.723404255319149,0.7431693989071039,0.7428704995439157,0.7415730337078652,0.7021276595744681,0.7213114754098361,0.7209552102875475
AL009126.3/3421348-3421169,Rfam_seed,RF00168,180,mfe,0,45,55,0.7333333333333333,0.6,0.66,0.6622924170705273,0.6444444444444445,0.5272727272727272,0.58,0.5816390671900107
AL009126.3/3421348-3421169,Rfam_seed,RF00168,180,mea,0,45,48,0.5555555555555556,0.5208333333333334,0.5376344086021505,0.5365782347909,0.5111111111111111,0.4791666666666667,0.4946236559139785,0.4934205156142785
AL009126.3/3421348-3421169,Rfam_seed,RF00168,180,centroid,0,45,40,0.5555555555555556,0.625,0.5882352941176471,0.5881737821660679,0.5111111111111111,0.575,0.5411764705882353,0.5409086387282559
BA000004.3/1819757-1819575,Rfam_seed,RF00168,183,mfe,0,46,57,0.8478260869565217,0.6842105263157895,0.7572815533980582,0.7609157541082698,0.8043478260869565,0.6491228070175439,0.7184466019417476,0.7217362596291751
BA000004.3/1819757-1819575,Rfam_seed,RF00168,183,mea,0,46,56,0.8260869565217391,0.6785714285714286,0.7450980392156863,0.747947760410119,0.782608695652174,0.6428571428571429,0.7058823529411765,0.708421187737225
BA000004.3/1819757-1819575,Rfam_seed,RF00168,183,centroid,0,46,53,0.782608695652174,0.6792452830188679,0.7272727272727273,0.7282974057231412,0.7391304347826086,0.6415094339622641,0.6868686868686869,0.687671225551612
AANE01000019.1/87182-87037,Rfam_seed,RF00050,146,mfe,0,26,44,0.7307692307692307,0.4318181818181818,0.5428571428571428,0.560404616894155,0.5769230769230769,0.3409090909090909,0.42857142857142855,0.4417497545426214
AANE01000019.1/87182-87037,Rfam_seed,RF00050,146,mea,0,26,38,0.6538461538461539,0.4473684210526316,0.53125,0.5395036043410687,0.6153846153846154,0.42105263157894735,0.5,0.5075928903038965
AANE01000019.1/87182-87037,Rfam_seed,RF00050,146,centroid,0,26,34,0.6538461538461539,0.5,0.5666666666666667,0.5705801601848567,0.6153846153846154,0.47058823529411764,0.5333333333333333,0.5368509226872625
AAAP01002012.1/63-264,Rfam_seed,RF00174,202,mfe,0,39,62,0.2564102564102564,0.16129032258064516,0.19801980198019803,0.2014418863160815,0.28205128205128205,0.1774193548387097,0.21782178217821782,0.22182889942778472
AAAP01002012.1/63-264,Rfam_seed,RF00174,202,mea,0,39,62,0.2564102564102564,0.16129032258064516,0.19801980198019803,0.2014418863160815,0.28205128205128205,0.1774193548387097,0.21782178217821782,0.22182889942778472
AAAP01002012.1/63-264,Rfam_seed,RF00174,202,centroid,0,39,60,0.2564102564102564,0.16666666666666666,0.20202020202020202,0.2048412342749017,0.28205128205128205,0.18333333333333332,0.2222222222222222,0.22556422175192756
AACM02000196.1/54942-55125,Rfam_seed,RF00015,184,mfe,0,22,61,0.8636363636363636,0.3114754098360656,0.4578313253012048,0.5177542334547809,0.8636363636363636,0.3114754098360656,0.4578313253012048,0.5177542334547809
AACM02000196.1/54942-55125,Rfam_seed,RF00015,184,mea,0,22,55,0.45454545454545453,0.18181818181818182,0.2597402597402597,0.28606798409179696,0.45454545454545453,0.18181818181818182,0.2597402597402597,0.28606798409179696
AACM02000196.1/54942-55125,Rfam_seed,RF00015,184,centroid,0,22,53,0.45454545454545453,0.18867924528301888,0.26666666666666666,0.29147485441621324,0.45454545454545453,0.18867924528301888,0.26666666666666666,0.29147485441621324
AE016879.1/25115-25379,Rfam_seed,RF01854,265,mfe,0,84,95,0.7023809523809523,0.6210526315789474,0.659217877094972,0.6596000476130298,0.6666666666666666,0.5894736842105263,0.6256983240223464,0.6259308763757199
AE016879.1/25115-25379,Rfam_seed,RF01854,265,mea,0,84,91,0.7023809523809523,0.6483516483516484,0.6742857142857143,0.6740123613030773,0.6666666666666666,0.6153846153846154,0.64,0.6396131380871926
AE016879.1/25115-25379,Rfam_seed,RF01854,265,centroid,0,84,88,0.6904761904761905,0.6590909090909091,0.6744186046511628,0.6737997396512124,0.6547619047619048,0.625,0.6395348837209303,0.6388205837792839
AACP01000036.1/91007-91135,Rfam_seed,RF00015,129,mfe,0,24,40,0.75,0.45,0.5625,0.5794407786730933,0.5833333333333334,0.35,0.4375,0.44983894001019076
AACP01000036.1/91007-91135,Rfam_seed,RF00015,129,mea,0,24,39,0.75,0.46153846153846156,0.5714285714285714,0.5868821600047786,0.625,0.38461538461538464,0.47619047619047616,0.4884484871419586
AACP01000036.1/91007-91135,Rfam_seed,RF00015,129,centroid,0,24,37,0.75,0.4864864864864865,0.5901639344262295,0.6026576100633575,0.5833333333333334,0.3783783783783784,0.45901639344262296,0.467928630136927
AACD01000007.1/178412-178544,Rfam_seed,RF00015,133,mfe,0,23,41,0.9130434782608695,0.5121951219512195,0.65625,0.6828454212679866,0.8695652173913043,0.4878048780487805,0.625,0.650161776087418
AACD01000007.1/178412-178544,Rfam_seed,RF00015,133,mea,0,23,37,0.9565217391304348,0.5945945945945946,0.7333333333333333,0.7534020835445446,0.8695652173913043,0.5405405405405406,0.6666666666666666,0.6846078309311827
AACD01000007.1/178412-178544,Rfam_seed,RF00015,133,centroid,0,23,26,0.9130434782608695,0.8076923076923077,0.8571428571428571,0.85836379330133,0.8695652173913043,0.7692307692307693,0.8163265306122449,0.8173562969608539
AAMO01000002.1/442801-442402,Rfam_seed,RF00010,400,mfe,0,97,124,0.5360824742268041,0.41935483870967744,0.47058823529411764,0.47342126203937906,0.4639175257731959,0.3629032258064516,0.4072398190045249,0.4095062130746246
AAMO01000002.1/442801-442402,Rfam_seed,RF00010,400,mea,0,97,117,0.6082474226804123,0.5042735042735043,0.5514018691588785,0.5532326624358715,0.5360824742268041,0.4444444444444444,0.48598130841121495,0.4874362883893715
AAMO01000002.1/442801-442402,Rfam_seed,RF00010,400,centroid,0,97,96,0.6082474226804123,0.6145833333333334,0.6113989637305699,0.6109367032468074,0.5360824742268041,0.5416666666666666,0.538860103626943,0.5383090427378387
AALY01000001.1/1587847-1587654,Rfam_seed,RF00174,194,mfe,0,34,56,0.35294117647058826,0.21428571428571427,0.26666666666666666,0.27333582168875936,0.4411764705882353,0.26785714285714285,0.3333333333333333,0.34225388045250044
AALY01000001.1/1587847-1587654,Rfam_seed,RF00174,194,mea,0,34,52,0.5882352941176471,0.38461538461538464,0.46511627906976744,0.4744953988030824,0.6470588235294118,0.4230769230769231,0.5116279069767442,0.5221700569881585
AALY01000001.1/1587847-1587654,Rfam_seed,RF00174,194,centroid,0,34,34,0.35294117647058826,0.35294117647058826,0.35294117647058826,0.35176388744613274,0.35294117647058826,0.35294117647058826,0.35294117647058826,0.35176388744613274
J00914.1/146-309,Rfam_seed,RF00003,164,mfe,0,45,51,0.13333333333333333,0.11764705882352941,0.125,0.1220991633816429,0.15555555555555556,0.13725490196078433,0.14583333333333334,0.14304854038269602
J00914.1/146-309,Rfam_seed,RF00003,164,mea,0,45,47,0.13333333333333333,0.1276595744680851,0.13043478260869565,0.1274635345736382,0.15555555555555556,0.14893617021276595,0.15217391304347827,0.14928289655813187
J00914.1/146-309,Rfam_seed,RF00003,164,centroid,0,45,26,0.13333333333333333,0.23076923076923078,0.16901408450704225,0.17331284056404225,0.15555555555555556,0.2692307692307692,0.19718309859154928,0.20262597076143285
CP000557.1/163698-163870,Rfam_seed,RF00234,173,mfe,0,38,56,0.6842105263157895,0.4642857142857143,0.5531914893617021,0.5622973277190445,0.6578947368421053,0.44642857142857145,0.5319148936170213,0.5405508768695412
CP000557.1/163698-163870,Rfam_seed,RF00234,173,mea,0,38,52,0.8421052631578947,0.6153846153846154,0.7111111111111111,0.7190612034041814,0.7631578947368421,0.5576923076923077,0.6444444444444445,0.6513682612107659
CP000557.1/163698-163870,Rfam_seed,RF00234,173,centroid,0,38,46,0.8157894736842105,0.6739130434782609,0.7380952380952381,0.7407465499255087,0.7631578947368421,0.6304347826086957,0.6904761904761905,0.692774638071452
AAMD01000084.1/10237-10454,Rfam_seed,RF00174,218,mfe,0,41,64,0.5609756097560976,0.359375,0.4380952380952381,0.44782792660985277,0.5365853658536586,0.34375,0.41904761904761906,0.42826277741545155
AAMD01000084.1/10237-10454,Rfam_seed,RF00174,218,mea,0,41,60,0.5609756097560976,0.38333333333333336,0.45544554455445546,0.46261557795082436,0.5609756097560976,0.38333333333333336,0.45544554455445546,0.46261557795082436
AAMD01000084.1/10237-10454,Rfam_seed,RF00174,218,centroid,0,41,54,0.5609756097560976,0.42592592592592593,0.4842105263157895,0.4877991204274382,0.5365853658536586,0.4074074074074074,0.4631578947368421,0.46650379721065327
AAEW02000019.1/41610-41804,Rfam_seed,RF00174,195,mfe,0,34,49,0.6470588235294118,0.4489795918367347,0.5301204819277109,0.5380181221949857,0.6176470588235294,0.42857142857142855,0.5060240963855421,0.5134644509923767
AAEW02000019.1/41610-41804,Rfam_seed,RF00174,195,mea,0,34,48,0.5588235294117647,0.3958333333333333,0.4634146341463415,0.46920138590787624,0.5294117647058824,0.375,0.43902439024390244,0.44439392317675314
AAEW02000019.1/41610-41804,Rfam_seed,RF00174,195,centroid,0,34,48,0.5588235294117647,0.3958333333333333,0.4634146341463415,0.46920138590787624,0.5294117647058824,0.375,0.43902439024390244,0.44439392317675314
AF036708.1/19036-19140,Rfam_seed,RF00001,105,mfe,0,29,26,0.6896551724137931,0.7692307692307693,0.7272727272727273,0.726989513574996,0.6551724137931034,0.7307692307692307,0.6909090909090909,0.6903873083842146
AF036708.1/19036-19140,Rfam_seed,RF00001,105,mea,0,29,26,0.6896551724137931,0.7692307692307693,0.7272727272727273,0.726989513574996,0.6551724137931034,0.7307692307692307,0.6909090909090909,0.6903873083842146
AF036708.1/19036-19140,Rfam_seed,RF00001,105,centroid,0,29,26,0.6896551724137931,0.7692307692307693,0.7272727272727273,0.726989513574996,0.6551724137931034,0.7307692307692307,0.6909090909090909,0.6903873083842146
AC005496.3/78625-78498,Rfam_seed,RF00059,128,mfe,0,22,36,0.7727272727272727,0.4722222222222222,0.5862068965517241,0.6027570925644501,0.7727272727272727,0.4722222222222222,0.5862068965517241,0.6027570925644501
AC005496.3/78625-78498,Rfam_seed,RF00059,128,mea,0,22,31,0.7272727272727273,0.5161290322580645,0.6037735849056604,0.6114523145581365,0.5454545454545454,0.3870967741935484,0.4528301886792453,0.45778336250802953
AC005496.3/78625-78498,Rfam_seed,RF00059,128,centroid,0,22,23,0.45454545454545453,0.43478260869565216,0.4444444444444444,0.4430130528161614,0.36363636363636365,0.34782608695652173,0.35555555555555557,0.3538554007674883
AAXV01000059.1/1758-1594,Rfam_seed,RF00380,165,mfe,0,45,47,0.8666666666666667,0.8297872340425532,0.8478260869565217,0.8475088533975964,0.7333333333333333,0.7021276595744681,0.717391304347826,0.7165981614266003
AAXV01000059.1/1758-1594,Rfam_seed,RF00380,165,mea,0,45,47,0.8666666666666667,0.8297872340425532,0.8478260869565217,0.8475088533975964,0.7333333333333333,0.7021276595744681,0.717391304347826,0.7165981614266003
AAXV01000059.1/1758-1594,Rfam_seed,RF00380,165,centroid,0,45,46,0.8666666666666667,0.8478260869565217,0.8571428571428571,0.856712959459812,0.7333333333333333,0.717391304347826,0.7252747252747253,0.7243918825021493
AE017333.1/30486-30751,Rfam_seed,RF01854,266,mfe,0,82,95,0.7195121951219512,0.6210526315789474,0.6666666666666666,0.6676443452674672,0.6829268292682927,0.5894736842105263,0.632768361581921,0.6335686743231516
AE017333.1/30486-30751,Rfam_seed,RF01854,266,mea,0,82,95,0.7073170731707317,0.6105263157894737,0.655367231638418,0.6562857882860287,0.6829268292682927,0.5894736842105263,0.632768361581921,0.6335686743231516
AE017333.1/30486-30751,Rfam_seed,RF01854,266,centroid,0,82,94,0.7073170731707317,0.6170212765957447,0.6590909090909091,0.659784616417117,0.6829268292682927,0.5957446808510638,0.6363636363636364,0.6369473112677764
AARM02000086.1/6918-7038,Rfam_seed,RF00162,121,mfe,0,30,37,0.6666666666666666,0.5405405405405406,0.5970149253731343,0.5984727709977242,0.7333333333333333,0.5945945945945946,0.6567164179104478,0.6587810827118401
AARM02000086.1/6918-7038,Rfam_seed,RF00162,121,mea,0,30,36,0.6333333333333333,0.5277777777777778,0.5757575757575758,0.5762442974546544,0.7666666666666667,0.6388888888888888,0.696969696969697,0.6985162132670406
AARM02000086.1/6918-7038,Rfam_seed,RF00162,121,centroid,0,30,36,0.6333333333333333,0.5277777777777778,0.5757575757575758,0.5762442974546544,0.7666666666666667,0.6388888888888888,0.696969696969697,0.6985162132670406
AAEW02000005.1/94749-94397,Rfam_seed,RF00023,353,mfe,0,65,112,0.3230769230769231,0.1875,0.23728813559322035,0.24509961214748785,0.2923076923076923,0.16964285714285715,0.21468926553672316,0.22162581099395848
AAEW02000005.1/94749-94397,Rfam_seed,RF00023,353,mea,0,65,94,0.7692307692307693,0.5319148936170213,0.6289308176100629,0.6392201242069505,0.7692307692307693,0.5319148936170213,0.6289308176100629,0.6392201242069505
AAEW02000005.1/94749-94397,Rfam_seed,RF00023,353,centroid,0,65,59,0.38461538461538464,0.423728813559322,0.4032258064516129,0.403104178838879,0.4307692307692308,0.4745762711864407,0.45161290322580644,0.45159641228206737
AAVL02000037.1/263157-262991,Rfam_seed,RF00380,167,mfe,0,37,55,0.7837837837837838,0.5272727272727272,0.6304347826086957,0.641734404133956,0.6756756756756757,0.45454545454545453,0.5434782608695652,0.5527689190719132
AAVL02000037.1/263157-262991,Rfam_seed,RF00380,167,mea,0,37,55,0.7837837837837838,0.5272727272727272,0.6304347826086957,0.641734404133956,0.6756756756756757,0.45454545454545453,0.5434782608695652,0.5527689190719132
AAVL02000037.1/263157-262991,Rfam_seed,RF00380,167,centroid,0,37,54,0.7837837837837838,0.5370370370370371,0.6373626373626373,0.6476855931559633,0.6756756756756757,0.46296296296296297,0.5494505494505495,0.5579033838784426
AAPG01000027.1/38942-39095,Rfam_seed,RF00050,154,mfe,0,26,44,0.8076923076923077,0.4772727272727273,0.6,0.6198487120876786,0.6538461538461539,0.38636363636363635,0.4857142857142857,0.5012338068934312
AAPG01000027.1/38942-39095,Rfam_seed,RF00050,154,mea,0,26,43,0.7307692307692307,0.4418604651162791,0.5507246376811594,0.5670637646694051,0.5769230769230769,0.3488372093023256,0.43478260869565216,0.4470826544629987
AAPG01000027.1/38942-39095,Rfam_seed,RF00050,154,centroid,0,26,41,0.7307692307692307,0.4634146341463415,0.5671641791044776,0.580816019093267,0.5769230769230769,0.36585365853658536,0.44776119402985076,0.4579538496034674
AE016830.1/2055460-2055313,Rfam_seed,RF00234,148,mfe,0,33,39,0.7878787878787878,0.6666666666666666,0.7222222222222222,0.7238406836142307,0.7272727272727273,0.6153846153846154,0.6666666666666666,0.667906102460114
AE016830.1/2055460-2055313,Rfam_seed,RF00234,148,mea,0,33,35,0.9393939393939394,0.8857142857142857,0.9117647058823529,0.9118852707156739,0.7878787878787878,0.7428571428571429,0.7647058823529411,0.7643015144728698
AE016830.1/2055460-2055313,Rfam_seed,RF00234,148,centroid,0,33,22,0.6666666666666666,1.0,0.8,0.8160828125649326,0.5454545454545454,0.8181818181818182,0.6545454545454545,0.6672526212730707
K00529.1/225-388,Rfam_seed,RF00003,164,mfe,0,45,52,0.9555555555555556,0.8269230769230769,0.8865979381443299,0.8885205739476909,0.8222222222222222,0.7115384615384616,0.7628865979381443,0.7640341223033648
K00529.1/225-388,Rfam_seed,RF00003,164,mea,0,45,49,0.9333333333333333,0.8571428571428571,0.8936170212765957,0.8940578528140537,0.8,0.7346938775510204,0.7659574468085106,0.7658316456804499
K00529.1/225-388,Rfam_seed,RF00003,164,centroid,0,45,47,0.8888888888888888,0.851063829787234,0.8695652173913043,0.8693218420464223,0.7777777777777778,0.7446808510638298,0.7608695652173914,0.760225032123954
AAFX01031538.1/449-804,Rfam_seed,RF00023,356,mfe,0,67,114,0.6119402985074627,0.35964912280701755,0.4530386740331492,0.468418724569985,0.6268656716417911,0.3684210526315789,0.46408839779005523,0.4798773531003918
AAFX01031538.1/449-804,Rfam_seed,RF00023,356,mea,0,67,112,0.6119402985074627,0.36607142857142855,0.4581005586592179,0.47259955100353956,0.6268656716417911,0.375,0.4692737430167598,0.4841598527385831
AAFX01031538.1/449-804,Rfam_seed,RF00023,356,centroid,0,67,109,0.6119402985074627,0.3761467889908257,0.4659090909090909,0.47908495202838897,0.6268656716417911,0.3853211009174312,0.4772727272727273,0.49080298200828587
AE008691.1/1826306-1826220,Rfam_seed,RF00504,87,mfe,0,20,25,0.75,0.6,0.6666666666666666,0.6688662023620566,0.65,0.52,0.5777777777777777,0.5788822605105254
AE008691.1/1826306-1826220,Rfam_seed,RF00504,87,mea,0,20,25,0.75,0.6,0.6666666666666666,0.6688662023620566,0.65,0.52,0.5777777777777777,0.5788822605105254
AE008691.1/1826306-1826220,Rfam_seed,RF00504,87,centroid,0,20,24,0.7,0.5833333333333334,0.6363636363636364,0.636898774520539,0.65,0.5416666666666666,0.5909090909090909,0.5909852138876848
AAOX01000007.1/111657-111757,Rfam_seed,RF00167,101,mfe,0,20,20,0.85,0.85,0.85,0.8494035785288271,0.75,0.75,0.75,0.7490059642147118
AAOX01000007.1/111657-111757,Rfam_seed,RF00167,101,mea,0,20,20,0.85,0.85,0.85,0.8494035785288271,0.75,0.75,0.75,0.7490059642147118
AAOX01000007.1/111657-111757,Rfam_seed,RF00167,101,centroid,0,20,20,0.85,0.85,0.85,0.8494035785288271,0.75,0.75,0.75,0.7490059642147118
AP006716.1/888948-889158,Rfam_seed,RF00234,211,mfe,0,35,63,0.7142857142857143,0.3968253968253968,0.5102040816326531,0.531453157957776,0.7142857142857143,0.3968253968253968,0.5102040816326531,0.531453157957776
AP006716.1/888948-889158,Rfam_seed,RF00234,211,mea,0,35,63,0.7142857142857143,0.3968253968253968,0.5102040816326531,0.531453157957776,0.7142857142857143,0.3968253968253968,0.5102040816326531,0.531453157957776
AP006716.1/888948-889158,Rfam_seed,RF00234,211,centroid,0,35,63,0.7142857142857143,0.3968253968253968,0.5102040816326531,0.531453157957776,0.7142857142857143,0.3968253968253968,0.5102040816326531,0.531453157957776
AE000516.2/79275-79185,Rfam_seed,RF00504,91,mfe,0,20,24,0.85,0.7083333333333334,0.7727272727272727,0.7747525079450053,0.8,0.6666666666666666,0.7272727272727273,0.7288624158059325
AE000516.2/79275-79185,Rfam_seed,RF00504,91,mea,0,20,23,0.8,0.6956521739130435,0.7441860465116279,0.7446761622356437,0.8,0.6956521739130435,0.7441860465116279,0.7446761622356437
AE000516.2/79275-79185,Rfam_seed,RF00504,91,centroid,0,20,19,0.65,0.6842105263157895,0.6666666666666666,0.6652936597664871,0.65,0.6842105263157895,0.6666666666666666,0.6652936597664871
AACQ01000018.1/49571-49783,Rfam_seed,RF00004,213,mfe,0,38,57,0.9736842105263158,0.6491228070175439,0.7789473684210526,0.7946203236052187,0.8421052631578947,0.5614035087719298,0.6736842105263158,0.6869600558106469
AACQ01000018.1/49571-49783,Rfam_seed,RF00004,213,mea,0,38,55,0.9736842105263158,0.6727272727272727,0.7956989247311828,0.8089768238276828,0.8421052631578947,0.5818181818181818,0.6881720430107527,0.6993814415842697
AACQ01000018.1/49571-49783,Rfam_seed,RF00004,213,centroid,0,38,53,0.9736842105263158,0.6981132075471698,0.8131868131868132,0.8241377657688632,0.8421052631578947,0.6037735849056604,0.7032967032967034,0.7124986509706135
AB035926.1/5989-6104,Rfam_seed,RF00001,116,mfe,0,28,37,0.2857142857142857,0.21621621621621623,0.24615384615384617,0.24491569949719053,0.25,0.1891891891891892,0.2153846153846154,0.21369507959721612
AB035926.1/5989-6104,Rfam_seed,RF00001,116,mea,0,28,36,0.2857142857142857,0.2222222222222222,0.25,0.2484081510935099,0.25,0.19444444444444445,0.21875,0.21675926723436964
AB035926.1/5989-6104,Rfam_seed,RF00001,116,centroid,0,28,25,0.2857142857142857,0.32,0.3018867924528302,0.29959523829300594,0.25,0.28,0.2641509433962264,0.26164802523918235
AAOW01000035.1/17820-17459,Rfam_seed,RF00010,362,mfe,0,98,121,0.4489795918367347,0.36363636363636365,0.4018264840182648,0.40306994212493374,0.4387755102040816,0.35537190082644626,0.3926940639269406,0.39387132176523665
AAOW01000035.1/17820-17459,Rfam_seed,RF00010,362,mea,0,98,115,0.5510204081632653,0.46956521739130436,0.5070422535211268,0.5078680092387894,0.5204081632653061,0.4434782608695652,0.4788732394366197,0.4795627107423345
AAOW01000035.1/17820-17459,Rfam_seed,RF00010,362,centroid,0,98,105,0.5510204081632653,0.5142857142857142,0.5320197044334976,0.5316096206810437,0.5102040816326531,0.47619047619047616,0.49261083743842365,0.4921159539144146
AACY020561232.1/2642-2986,Rfam_seed,RF00023,345,mfe,0,57,94,0.543859649122807,0.32978723404255317,0.4105960264900662,0.4228111863267652,0.631578947368421,0.3829787234042553,0.4768211920529801,0.49120575076102047
AACY020561232.1/2642-2986,Rfam_seed,RF00023,345,mea,0,57,91,0.543859649122807,0.34065934065934067,0.4189189189189189,0.4297532715647351,0.631578947368421,0.3956043956043956,0.4864864864864865,0.4992643175156818
AACY020561232.1/2642-2986,Rfam_seed,RF00023,345,centroid,0,57,88,0.543859649122807,0.3522727272727273,0.42758620689655175,0.437046896184865,0.6140350877192983,0.3977272727272727,0.4827586206896552,0.493594235591948
AACI02000565.1/65-236,Rfam_seed,RF00004,172,mfe,0,34,50,0.5882352941176471,0.4,0.47619047619047616,0.4836489227181149,0.5882352941176471,0.4,0.47619047619047616,0.4836489227181149
AACI02000565.1/65-236,Rfam_seed,RF00004,172,mea,0,34,44,0.6176470588235294,0.4772727272727273,0.5384615384615384,0.5417487182120161,0.6176470588235294,0.4772727272727273,0.5384615384615384,0.5417487182120161
AACI02000565.1/65-236,Rfam_seed,RF00004,172,centroid,0,34,35,0.5882352941176471,0.5714285714285714,0.5797101449275363,0.5787831154697728,0.5882352941176471,0.5714285714285714,0.5797101449275363,0.5787831154697728
AABX02000022.1/362974-363076,Rfam_seed,RF00026,103,mfe,0,4,21,1.0,0.19047619047619047,0.32,0.4357284623782842,0.75,0.14285714285714285,0.24,0.32635911925552397
AABX02000022.1/362974-363076,Rfam_seed,RF00026,103,mea,0,4,23,1.0,0.17391304347826086,0.2962962962962963,0.41627337650138574,0.75,0.13043478260869565,0.2222222222222222,0.31174737044202727
AABX02000022.1/362974-363076,Rfam_seed,RF00026,103,centroid,0,4,17,1.0,0.23529411764705882,0.38095238095238093,0.4844701988718919,0.75,0.17647058823529413,0.2857142857142857,0.3629594103561333
J01156.1/9-172,Rfam_seed,RF00003,164,mfe,0,43,55,1.0,0.7818181818181819,0.8775510204081632,0.8838065397548347,0.8837209302325582,0.6909090909090909,0.7755102040816326,0.7806137073678849
J01156.1/9-172,Rfam_seed,RF00003,164,mea,0,43,54,0.9767441860465116,0.7777777777777778,0.865979381443299,0.87115789269763,0.8604651162790697,0.6851851851851852,0.7628865979381443,0.7670178659218808
J01156.1/9-172,Rfam_seed,RF00003,164,centroid,0,43,51,0.9767441860465116,0.8235294117647058,0.8936170212765957,0.8965199080545931,0.8372093023255814,0.7058823529411765,0.7659574468085106,0.767943351090998
AF008220.1/5185-5300,Rfam_seed,RF00001,116,mfe,0,31,39,0.7741935483870968,0.6153846153846154,0.6857142857142857,0.6886374394251878,0.7741935483870968,0.6153846153846154,0.6857142857142857,0.6886374394251878
AF008220.1/5185-5300,Rfam_seed,RF00001,116,mea,0,31,38,0.7419354838709677,0.6052631578947368,0.6666666666666666,0.6684358200945739,0.7741935483870968,0.631578947368421,0.6956521739130435,0.6977231376101476
AF008220.1/5185-5300,Rfam_seed,RF00001,116,centroid,0,31,38,0.7419354838709677,0.6052631578947368,0.6666666666666666,0.6684358200945739,0.7741935483870968,0.631578947368421,0.6956521739130435,0.6977231376101476
AAMR01000081.1/12435-12061,Rfam_seed,RF00010,375,mfe,0,87,110,0.20689655172413793,0.16363636363636364,0.18274111675126903,0.18286128201353596,0.1724137931034483,0.13636363636363635,0.15228426395939088,0.15215156987348613
AAMR01000081.1/12435-12061,Rfam_seed,RF00010,375,mea,0,87,96,0.42528735632183906,0.3854166666666667,0.40437158469945356,0.40408552422823213,0.41379310344827586,0.375,0.39344262295081966,0.3931290252868966
AAMR01000081.1/12435-12061,Rfam_seed,RF00010,375,centroid,0,87,83,0.39080459770114945,0.40963855421686746,0.4,0.39938308788611704,0.367816091954023,0.3855421686746988,0.3764705882352941,0.37581859705490384
AAPS01000004.1/87369-87468,Rfam_seed,RF00167,100,mfe,0,18,24,0.9444444444444444,0.7083333333333334,0.8095238095238095,0.8171809492916119,0.7777777777777778,0.5833333333333334,0.6666666666666666,0.6722284050719645
AAPS01000004.1/87369-87468,Rfam_seed,RF00167,100,mea,0,18,22,0.9444444444444444,0.7727272727272727,0.85,0.8537114006682033,0.7777777777777778,0.6363636363636364,0.7,0.7023441310461814
AAPS01000004.1/87369-87468,Rfam_seed,RF00167,100,centroid,0,18,22,0.9444444444444444,0.7727272727272727,0.85,0.8537114006682033,0.7777777777777778,0.6363636363636364,0.7,0.7023441310461814
AE008922.1/1299977-1299896,Rfam_seed,RF00504,82,mfe,0,19,20,0.8421052631578947,0.8,0.8205128205128205,0.8197261027309839,0.7368421052631579,0.7,0.717948717948718,0.7165222818510992
AE008922.1/1299977-1299896,Rfam_seed,RF00504,82,mea,0,19,16,0.5789473684210527,0.6875,0.6285714285714286,0.6289575183660923,0.5263157894736842,0.625,0.5714285714285714,0.5712997515486966
AE008922.1/1299977-1299896,Rfam_seed,RF00504,82,centroid,0,19,11,0.47368421052631576,0.8181818181818182,0.6,0.6209951698323335,0.42105263157894735,0.7272727272727273,0.5333333333333333,0.5515098275475229
AE004439.1/116056-116172,Rfam_seed,RF00504,117,mfe,0,20,32,0.9,0.5625,0.6923076923076923,0.7105069994126714,0.8,0.5,0.6153846153846154,0.6311459614890057
AE004439.1/116056-116172,Rfam_seed,RF00504,117,mea,0,20,32,0.9,0.5625,0.6923076923076923,0.7105069994126714,0.8,0.5,0.6153846153846154,0.6311459614890057
AE004439.1/116056-116172,Rfam_seed,RF00504,117,centroid,0,20,32,0.9,0.5625,0.6923076923076923,0.7105069994126714,0.8,0.5,0.6153846153846154,0.6311459614890057
AAKX01000098.1/49369-49177,Rfam_seed,RF00174,193,mfe,0,36,60,0.5277777777777778,0.31666666666666665,0.3958333333333333,0.40736192730480464,0.4166666666666667,0.25,0.3125,0.3210720637077929
AAKX01000098.1/49369-49177,Rfam_seed,RF00174,193,mea,0,36,53,0.5277777777777778,0.3584905660377358,0.42696629213483145,0.43365916607921684,0.4166666666666667,0.2830188679245283,0.33707865168539325,0.3418649785443352
AAKX01000098.1/49369-49177,Rfam_seed,RF00174,193,centroid,0,36,33,0.4444444444444444,0.48484848484848486,0.463768115942029,0.4632093155842823,0.3611111111111111,0.3939393939393939,0.37681159420289856,0.3760081146175521
AANA01000001.1/1389418-1389294,Rfam_seed,RF00162,125,mfe,0,29,40,0.7931034482758621,0.575,0.6666666666666666,0.6739087233209838,0.7586206896551724,0.55,0.6376811594202898,0.6444164165518969
AANA01000001.1/1389418-1389294,Rfam_seed,RF00162,125,mea,0,29,37,0.7931034482758621,0.6216216216216216,0.696969696969697,0.700904810943752,0.6551724137931034,0.5135135135135135,0.5757575757575758,0.5782701058790071
AANA01000001.1/1389418-1389294,Rfam_seed,RF00162,125,centroid,0,29,37,0.7931034482758621,0.6216216216216216,0.696969696969697,0.700904810943752,0.6551724137931034,0.5135135135135135,0.5757575757575758,0.5782701058790071
AABL01000365.1/9537-9644,Rfam_seed,RF00026,108,mfe,0,5,27,1.0,0.18518518518518517,0.3125,0.4295107372472835,0.8,0.14814814814814814,0.25,0.343205293330928
AABL01000365.1/9537-9644,Rfam_seed,RF00026,108,mea,0,5,26,1.0,0.19230769230769232,0.3225806451612903,0.43773068128979675,0.8,0.15384615384615385,0.25806451612903225,0.3497888218846352
AABL01000365.1/9537-9644,Rfam_seed,RF00026,108,centroid,0,5,24,1.0,0.20833333333333334,0.3448275862068966,0.45568373921921984,0.8,0.16666666666666666,0.27586206896551724,0.36416685895475503
AAAP01003520.1/1076-876,Rfam_seed,RF00174,201,mfe,0,37,65,0.5135135135135135,0.2923076923076923,0.37254901960784315,0.38597209566849366,0.4864864864864865,0.27692307692307694,0.35294117647058826,0.3655290354886844
AAAP01003520.1/1076-876,Rfam_seed,RF00174,201,mea,0,37,64,0.43243243243243246,0.25,0.31683168316831684,0.3271991160155363,0.43243243243243246,0.25,0.31683168316831684,0.3271991160155363
AAAP01003520.1/1076-876,Rfam_seed,RF00174,201,centroid,0,37,62,0.43243243243243246,0.25806451612903225,0.32323232323232326,0.33249510029074214,0.43243243243243246,0.25806451612903225,0.32323232323232326,0.33249510029074214
AAOU01000004.1/94074-94215,Rfam_seed,RF00050,142,mfe,0,26,43,0.7307692307692307,0.4418604651162791,0.5507246376811594,0.5668549032003996,0.7692307692307693,0.46511627906976744,0.5797101449275363,0.5968657680006239
AAOU01000004.1/94074-94215,Rfam_seed,RF00050,142,mea,0,26,41,0.5384615384615384,0.34146341463414637,0.417910447761194,0.426962218280498,0.5769230769230769,0.36585365853658536,0.44776119402985076,0.457693257386719
AAOU01000004.1/94074-94215,Rfam_seed,RF00050,142,centroid,0,26,34,0.5384615384615384,0.4117647058823529,0.4666666666666667,0.46930742181685,0.5769230769230769,0.4411764705882353,0.5,0.5030421572215207
AAGE02003358.1/57464-57166,Rfam_seed,RF00017,299,mfe,0,98,102,0.8571428571428571,0.8235294117647058,0.84,0.839808932395342,0.7448979591836735,0.7156862745098039,0.73,0.7295394126748399
AAGE02003358.1/57464-57166,Rfam_seed,RF00017,299,mea,0,98,102,0.8775510204081632,0.8431372549019608,0.86,0.8598579359808879,0.7551020408163265,0.7254901960784313,0.74,0.7395639144676128
AAGE02003358.1/57464-57166,Rfam_seed,RF00017,299,centroid,0,98,101,0.8775510204081632,0.8514851485148515,0.864321608040201,0.8641166136277378,0.7551020408163265,0.7326732673267327,0.7437185929648241,0.74322990377944
AE008691.1/2101605-2101448,Rfam_seed,RF00234,158,mfe,0,35,45,0.8285714285714286,0.6444444444444445,0.725,0.7298855424944692,0.7714285714285715,0.6,0.675,0.6793272234012309
AE008691.1/2101605-2101448,Rfam_seed,RF00234,158,mea,0,35,45,0.8285714285714286,0.6444444444444445,0.725,0.7298855424944692,0.7714285714285715,0.6,0.675,0.6793272234012309
AE008691.1/2101605-2101448,Rfam_seed,RF00234,158,centroid,0,35,44,0.8285714285714286,0.6590909090909091,0.7341772151898734,0.7381753741346733,0.7714285714285715,0.6136363636363636,0.6835443037974683,0.6870478250255513
AADL01000160.1/2071-2429,Rfam_seed,RF00023,359,mfe,0,71,117,0.4507042253521127,0.27350427350427353,0.3404255319148936,0.35019156594541156,0.4225352112676056,0.2564102564102564,0.3191489361702128,0.328215818128134
AADL01000160.1/2071-2429,Rfam_seed,RF00023,359,mea,0,71,117,0.4507042253521127,0.27350427350427353,0.3404255319148936,0.35019156594541156,0.4225352112676056,0.2564102564102564,0.3191489361702128,0.328215818128134
AADL01000160.1/2071-2429,Rfam_seed,RF00023,359,centroid,0,71,114,0.4507042253521127,0.2807017543859649,0.34594594594594597,0.3547980275542162,0.4225352112676056,0.2631578947368421,0.32432432432432434,0.3325355234666828
AY198211.1/1-163,Rfam_seed,RF00003,163,mfe,0,39,49,0.6410256410256411,0.5102040816326531,0.5681818181818182,0.5704764719273354,0.5384615384615384,0.42857142857142855,0.4772727272727273,0.4786687067994529
AY198211.1/1-163,Rfam_seed,RF00003,163,mea,0,39,48,0.6410256410256411,0.5208333333333334,0.5747126436781609,0.5764348922388458,0.5384615384615384,0.4375,0.4827586206896552,0.4836792515868166
AY198211.1/1-163,Rfam_seed,RF00003,163,centroid,0,39,45,0.6410256410256411,0.5555555555555556,0.5952380952380952,0.5954837311066744,0.5384615384615384,0.4666666666666667,0.5,0.4996970388332652
AAAA02039738.1/1593-1956,Rfam_seed,RF00023,364,mfe,0,71,108,0.5915492957746479,0.3888888888888889,0.4692737430167598,0.4789555104861532,0.5070422535211268,0.3333333333333333,0.4022346368715084,0.41034368796894055
AAAA02039738.1/1593-1956,Rfam_seed,RF00023,364,mea,0,71,100,0.6901408450704225,0.49,0.5730994152046783,0.5809995191423943,0.5915492957746479,0.42,0.49122807017543857,0.4978171497355431
AAAA02039738.1/1593-1956,Rfam_seed,RF00023,364,centroid,0,71,85,0.6901408450704225,0.5764705882352941,0.6282051282051282,0.630318574443611,0.5774647887323944,0.4823529411764706,0.5256410256410257,0.5272172131490782
AACY020193176.1/1612-1511,Rfam_seed,RF00167,102,mfe,0,20,19,0.95,1.0,0.9743589743589743,0.97458446888078,0.8,0.8421052631578947,0.8205128205128205,0.8201028986768114
AACY020193176.1/1612-1511,Rfam_seed,RF00167,102,mea,0,20,19,0.95,1.0,0.9743589743589743,0.97458446888078,0.8,0.8421052631578947,0.8205128205128205,0.8201028986768114
AACY020193176.1/1612-1511,Rfam_seed,RF00167,102,centroid,0,20,19,0.95,1.0,0.9743589743589743,0.97458446888078,0.8,0.8421052631578947,0.8205128205128205,0.8201028986768114
J00318.1/433-596,Rfam_seed,RF00003,164,mfe,0,45,54,0.4222222222222222,0.35185185185185186,0.3838383838383838,0.3831653474176356,0.4,0.3333333333333333,0.36363636363636365,0.36280391855365396
J00318.1/433-596,Rfam_seed,RF00003,164,mea,0,45,47,0.4444444444444444,0.425531914893617,0.43478260869565216,0.4329346023565493,0.4222222222222222,0.40425531914893614,0.41304347826086957,0.41111524037205566
J00318.1/433-596,Rfam_seed,RF00003,164,centroid,0,45,30,0.4444444444444444,0.6666666666666666,0.5333333333333333,0.5431059509328044,0.4222222222222222,0.6333333333333333,0.5066666666666667,0.5158128196015721
AB008757.1/115-16,Rfam_seed,RF00167,100,mfe,0,22,28,1.0,0.7857142857142857,0.88,0.8858654824866045,0.8636363636363636,0.6785714285714286,0.76,0.7643784445592461
AB008757.1/115-16,Rfam_seed,RF00167,100,mea,0,22,28,1.0,0.7857142857142857,0.88,0.8858654824866045,0.8636363636363636,0.6785714285714286,0.76,0.7643784445592461
AB008757.1/115-16,Rfam_seed,RF00167,100,centroid,0,22,28,1.0,0.7857142857142857,0.88,0.8858654824866045,0.8636363636363636,0.6785714285714286,0.76,0.7643784445592461
AACW02000046.1/25302-25425,Rfam_seed,RF00026,124,mfe,0,4,27,1.0,0.14814814814814814,0.25806451612903225,0.3843190070207429,0.75,0.1111111111111111,0.1935483870967742,0.2878978743868376
AACW02000046.1/25302-25425,Rfam_seed,RF00026,124,mea,0,4,27,1.0,0.14814814814814814,0.25806451612903225,0.3843190070207429,0.75,0.1111111111111111,0.1935483870967742,0.2878978743868376
AACW02000046.1/25302-25425,Rfam_seed,RF00026,124,centroid,0,4,26,1.0,0.15384615384615385,0.26666666666666666,0.391665795225557,0.75,0.11538461538461539,0.2,0.2934143690943038
AAXV01000026.1/31334-31233,Rfam_seed,RF00167,102,mfe,0,21,21,0.9523809523809523,0.9523809523809523,0.9523809523809523,0.9521860206070732,0.8095238095238095,0.8095238095238095,0.8095238095238095,0.808744082428293
AAXV01000026.1/31334-31233,Rfam_seed,RF00167,102,mea,0,21,21,0.9523809523809523,0.9523809523809523,0.9523809523809523,0.9521860206070732,0.8095238095238095,0.8095238095238095,0.8095238095238095,0.808744082428293
AAXV01000026.1/31334-31233,Rfam_seed,RF00167,102,centroid,0,21,21,0.9523809523809523,0.9523809523809523,0.9523809523809523,0.9521860206070732,0.8095238095238095,0.8095238095238095,0.8095238095238095,0.808744082428293
AABU01002774.1/16804311-16804417,Rfam_seed,RF00026,107,mfe,0,5,30,1.0,0.16666666666666666,0.2857142857142857,0.4073466411223382,0.8,0.13333333333333333,0.22857142857142856,0.3254440422283556
AABU01002774.1/16804311-16804417,Rfam_seed,RF00026,107,mea,0,5,28,0.8,0.14285714285714285,0.24242424242424243,0.33695635198650986,0.8,0.14285714285714285,0.24242424242424243,0.33695635198650986
AABU01002774.1/16804311-16804417,Rfam_seed,RF00026,107,centroid,0,5,26,0.8,0.15384615384615385,0.25806451612903225,0.34976926284166915,0.8,0.15384615384615385,0.25806451612903225,0.34976926284166915
AAKK02000085.1/12844-12662,Rfam_seed,RF00168,183,mfe,0,49,61,0.8979591836734694,0.7213114754098361,0.8,0.8041762602860543,0.8979591836734694,0.7213114754098361,0.8,0.8041762602860543
AAKK02000085.1/12844-12662,Rfam_seed,RF00168,183,mea,0,49,54,0.8775510204081632,0.7962962962962963,0.8349514563106796,0.8354316976891933,0.8163265306122449,0.7407407407407407,0.7766990291262136,0.7769295928176014
AAKK02000085.1/12844-12662,Rfam_seed,RF00168,183,centroid,0,49,44,0.7346938775510204,0.8181818181818182,0.7741935483870968,0.7746898019585479,0.7142857142857143,0.7954545454545454,0.7526881720430108,0.753092972497835
AJ301559.2/6784-6876,Rfam_seed,RF00504,93,mfe,0,19,28,0.0,0.0,0.0,-0.005421351061524504,0.0,0.0,0.0,-0.005421351061524504
AJ301559.2/6784-6876,Rfam_seed,RF00504,93,mea,0,19,28,0.0,0.0,0.0,-0.005421351061524504,0.0,0.0,0.0,-0.005421351061524504
AJ301559.2/6784-6876,Rfam_seed,RF00504,93,centroid,0,19,28,0.0,0.0,0.0,-0.005421351061524504,0.0,0.0,0.0,-0.005421351061524504
AAGD02010404.1/8312-8015,Rfam_seed,RF00017,298,mfe,0,97,105,0.8144329896907216,0.7523809523809524,0.7821782178217822,0.7822972774216513,0.6907216494845361,0.638095238095238,0.6633663366336634,0.6631201075729669
AAGD02010404.1/8312-8015,Rfam_seed,RF00017,298,mea,0,97,104,0.8762886597938144,0.8173076923076923,0.845771144278607,0.8459360002913242,0.7422680412371134,0.6923076923076923,0.7164179104477612,0.7162096393798085
AAGD02010404.1/8312-8015,Rfam_seed,RF00017,298,centroid,0,97,100,0.8762886597938144,0.85,0.8629441624365483,0.8627389781963981,0.7422680412371134,0.72,0.7309644670050761,0.7304495217807188
AAOX01000002.1/340881-340984,Rfam_seed,RF00162,104,mfe,0,29,37,0.9310344827586207,0.7297297297297297,0.8181818181818182,0.8232158274710867,0.9655172413793104,0.7567567567567568,0.8484848484848485,0.8539332211545814
AAOX01000002.1/340881-340984,Rfam_seed,RF00162,104,mea,0,29,37,0.9655172413793104,0.7567567567567568,0.8484848484848485,0.8539332211545814,0.9655172413793104,0.7567567567567568,0.8484848484848485,0.8539332211545814
AAOX01000002.1/340881-340984,Rfam_seed,RF00162,104,centroid,0,29,36,0.9310344827586207,0.75,0.8307692307692308,0.8346612214196393,0.9655172413793104,0.7777777777777778,0.8615384615384616,0.8657993963745289
AAFX01122557.1/25-152,Rfam_seed,RF00162,128,mfe,0,32,42,0.75,0.5714285714285714,0.6486486486486487,0.6531164799124731,0.75,0.5714285714285714,0.6486486486486487,0.6531164799124731
AAFX01122557.1/25-152,Rfam_seed,RF00162,128,mea,0,32,42,0.75,0.5714285714285714,0.6486486486486487,0.6531164799124731,0.75,0.5714285714285714,0.6486486486486487,0.6531164799124731
AAFX01122557.1/25-152,Rfam_seed,RF00162,128,centroid,0,32,39,0.71875,0.5897435897435898,0.647887323943662,0.6495500024640315,0.71875,0.5897435897435898,0.647887323943662,0.6495500024640315
AF114033.1/6078-6194,Rfam_seed,RF00001,117,mfe,0,32,37,0.8125,0.7027027027027027,0.7536231884057971,0.7543743087392043,0.84375,0.7297297297297297,0.782608695652174,0.783584726075978
AF114033.1/6078-6194,Rfam_seed,RF00001,117,mea,0,32,34,0.71875,0.6764705882352942,0.696969696969697,0.695812915306746,0.75,0.7058823529411765,0.7272727272727273,0.7262780191410037
AF114033.1/6078-6194,Rfam_seed,RF00001,117,centroid,0,32,31,0.6875,0.7096774193548387,0.6984126984126984,0.6970952285783749,0.71875,0.7419354838709677,0.7301587301587301,0.7289933285185829
AB042524.1/5257-5192,Rfam_seed,RF00005,66,mfe,0,21,24,1.0,0.875,0.9333333333333333,0.9347535099125253,0.9047619047619048,0.7916666666666666,0.8444444444444444,0.8447220207783627
AB042524.1/5257-5192,Rfam_seed,RF00005,66,mea,0,21,24,1.0,0.875,0.9333333333333333,0.9347535099125253,0.9047619047619048,0.7916666666666666,0.8444444444444444,0.8447220207783627
AB042524.1/5257-5192,Rfam_seed,RF00005,66,centroid,0,21,24,1.0,0.875,0.9333333333333333,0.9347535099125253,0.9047619047619048,0.7916666666666666,0.8444444444444444,0.8447220207783627
AACT01037627.1/49101-48816,Rfam_seed,RF00017,286,mfe,0,86,104,0.627906976744186,0.5192307692307693,0.5684210526315789,0.5699973222081094,0.5930232558139535,0.49038461538461536,0.5368421052631579,0.538201585411587
AACT01037627.1/49101-48816,Rfam_seed,RF00017,286,mea,0,86,102,0.6744186046511628,0.5686274509803921,0.6170212765957447,0.6183962858605198,0.6395348837209303,0.5392156862745098,0.5851063829787234,0.5862911291735066
AACT01037627.1/49101-48816,Rfam_seed,RF00017,286,centroid,0,86,102,0.6744186046511628,0.5686274509803921,0.6170212765957447,0.6183962858605198,0.6395348837209303,0.5392156862745098,0.5851063829787234,0.5862911291735066
AE000512.1/1124728-1124612,Rfam_seed,RF01854,117,mfe,0,22,40,0.5454545454545454,0.3,0.3870967741935484,0.40198516301757564,0.6818181818181818,0.375,0.4838709677419355,0.5035793375720473
AE000512.1/1124728-1124612,Rfam_seed,RF01854,117,mea,0,22,40,0.5454545454545454,0.3,0.3870967741935484,0.40198516301757564,0.6818181818181818,0.375,0.4838709677419355,0.5035793375720473
AE000512.1/1124728-1124612,Rfam_seed,RF01854,117,centroid,0,22,40,0.5454545454545454,0.3,0.3870967741935484,0.40198516301757564,0.6818181818181818,0.375,0.4838709677419355,0.5035793375720473
AAMR01000029.1/5147-5324,Rfam_seed,RF00168,178,mfe,0,48,59,0.5208333333333334,0.423728813559322,0.4672897196261682,0.4679899892695533,0.5,0.4067796610169492,0.4485981308411215,0.44913480183406657
AAMR01000029.1/5147-5324,Rfam_seed,RF00168,178,mea,0,48,56,0.5416666666666666,0.4642857142857143,0.5,0.49984469224515393,0.4791666666666667,0.4107142857142857,0.4423076923076923,0.4417892956740568
AAMR01000029.1/5147-5324,Rfam_seed,RF00168,178,centroid,0,48,53,0.5208333333333334,0.4716981132075472,0.49504950495049505,0.49403919987929956,0.4583333333333333,0.41509433962264153,0.43564356435643564,0.43436904327293274
AE001437.1/179915-180075,Rfam_seed,RF00234,161,mfe,0,35,47,0.6,0.44680851063829785,0.5121951219512195,0.5162638394030296,0.5714285714285714,0.425531914893617,0.4878048780487805,0.4915294177261236
AE001437.1/179915-180075,Rfam_seed,RF00234,161,mea,0,35,48,0.6,0.4375,0.5060240963855421,0.5108111797113435,0.5714285714285714,0.4166666666666667,0.4819277108433735,0.48633481068350826
AE001437.1/179915-180075,Rfam_seed,RF00234,161,centroid,0,35,46,0.5428571428571428,0.41304347826086957,0.4691358024691358,0.47189112936698885,0.5428571428571428,0.41304347826086957,0.4691358024691358,0.47189112936698885
AB006424.1/2989-3156,Rfam_seed,RF00234,168,mfe,0,36,47,0.9722222222222222,0.7446808510638298,0.8433734939759037,0.850462892529285,0.8611111111111112,0.6595744680851063,0.7469879518072289,0.7529310220856951
AB006424.1/2989-3156,Rfam_seed,RF00234,168,mea,0,36,40,0.9444444444444444,0.85,0.8947368421052632,0.8956998988014162,0.8333333333333334,0.75,0.7894736842105263,0.7900043270355196
AB006424.1/2989-3156,Rfam_seed,RF00234,168,centroid,0,36,37,0.8888888888888888,0.8648648648648649,0.8767123287671232,0.8764734350774565,0.7777777777777778,0.7567567567567568,0.7671232876712328,0.7665881954490095
AARF01000324.1/6363-6261,Rfam_seed,RF00059,103,mfe,0,27,31,0.7777777777777778,0.6774193548387096,0.7241379310344828,0.7243576572988978,0.8148148148148148,0.7096774193548387,0.7586206896551724,0.7591145973934492
AARF01000324.1/6363-6261,Rfam_seed,RF00059,103,mea,0,27,29,0.7777777777777778,0.7241379310344828,0.75,0.7491450595945095,0.7777777777777778,0.7241379310344828,0.75,0.7491450595945095
AARF01000324.1/6363-6261,Rfam_seed,RF00059,103,centroid,0,27,29,0.7777777777777778,0.7241379310344828,0.75,0.7491450595945095,0.7777777777777778,0.7241379310344828,0.75,0.7491450595945095
AF001265.1/6033-6149,Rfam_seed,RF00001,117,mfe,0,31,33,0.7741935483870968,0.7272727272727273,0.75,0.7491860546832065,0.7741935483870968,0.7272727272727273,0.75,0.7491860546832065
AF001265.1/6033-6149,Rfam_seed,RF00001,117,mea,0,31,31,0.7096774193548387,0.7096774193548387,0.7096774193548387,0.7083450729447721,0.7096774193548387,0.7096774193548387,0.7096774193548387,0.7083450729447721
AF001265.1/6033-6149,Rfam_seed,RF00001,117,centroid,0,31,31,0.7096774193548387,0.7096774193548387,0.7096774193548387,0.7083450729447721,0.7096774193548387,0.7096774193548387,0.7096774193548387,0.7083450729447721
AADK01043685.1/1410-1272,Rfam_seed,RF00015,139,mfe,0,25,44,0.68,0.38636363636363635,0.4927536231884058,0.5109494254899695,0.68,0.38636363636363635,0.4927536231884058,0.5109494254899695
AADK01043685.1/1410-1272,Rfam_seed,RF00015,139,mea,0,25,44,0.76,0.4318181818181818,0.5507246376811594,0.5714694220304957,0.68,0.38636363636363635,0.4927536231884058,0.5109494254899695
AADK01043685.1/1410-1272,Rfam_seed,RF00015,139,centroid,0,25,42,0.68,0.40476190476190477,0.5074626865671642,0.5230800872483711,0.6,0.35714285714285715,0.44776119402985076,0.4611423832563326
AACY020397167.1/942-809,Rfam_seed,RF00015,134,mfe,0,25,42,0.8,0.47619047619047616,0.5970149253731343,0.6158926960061802,0.6,0.35714285714285715,0.44776119402985076,0.4610069982551199
AACY020397167.1/942-809,Rfam_seed,RF00015,134,mea,0,25,39,0.8,0.5128205128205128,0.625,0.6393045036921214,0.6,0.38461538461538464,0.46875,0.47859919656355665
AACY020397167.1/942-809,Rfam_seed,RF00015,134,centroid,0,25,37,0.8,0.5405405405405406,0.6451612903225806,0.6564667817045862,0.6,0.40540540540540543,0.4838709677419355,0.49149384135743684
AE008691.1/1524796-1524694,Rfam_seed,RF00059,103,mfe,0,25,30,0.16,0.13333333333333333,0.14545454545454545,0.14158716206127595,0.4,0.3333333333333333,0.36363636363636365,0.361829200055911
AE008691.1/1524796-1524694,Rfam_seed,RF00059,103,mea,0,25,24,0.48,0.5,0.4897959183673469,0.4875086617567667,0.64,0.6666666666666666,0.6530612244897959,0.6515731758325112
AE008691.1/1524796-1524694,Rfam_seed,RF00059,103,centroid,0,25,20,0.32,0.4,0.35555555555555557,0.35503488119150967,0.52,0.65,0.5777777777777777,0.5796035921657656
AASE01000003.1/858-707,Rfam_seed,RF00050,152,mfe,0,27,44,0.4074074074074074,0.25,0.30985915492957744,0.31712000830466514,0.3333333333333333,0.20454545454545456,0.2535211267605634,0.25891405194703704
AASE01000003.1/858-707,Rfam_seed,RF00050,152,mea,0,27,43,0.5555555555555556,0.3488372093023256,0.42857142857142855,0.4385940981689699,0.48148148148148145,0.3023255813953488,0.37142857142857144,0.3797177932357664
AASE01000003.1/858-707,Rfam_seed,RF00050,152,centroid,0,27,43,0.5555555555555556,0.3488372093023256,0.42857142857142855,0.4385940981689699,0.48148148148148145,0.3023255813953488,0.37142857142857144,0.3797177932357664
AARG01000011.1/103271-103357,Rfam_seed,RF00162,87,mfe,0,24,25,0.9166666666666666,0.88,0.8979591836734694,0.897476177299444,0.7916666666666666,0.76,0.7755102040816326,0.7741943098074406
AARG01000011.1/103271-103357,Rfam_seed,RF00162,87,mea,0,24,24,0.7083333333333334,0.7083333333333334,0.7083333333333334,0.7064500941619586,0.625,0.625,0.625,0.6225786924939467
AARG01000011.1/103271-103357,Rfam_seed,RF00162,87,centroid,0,24,23,0.6666666666666666,0.6956521739130435,0.6808510638297872,0.6789901514019405,0.5833333333333334,0.6086956521739131,0.5957446808510638,0.593326379771202
AY198213.1/1-163,Rfam_seed,RF00003,163,mfe,0,41,54,0.6585365853658537,0.5,0.5684210526315789,0.5723142842090043,0.6341463414634146,0.48148148148148145,0.5473684210526316,0.5509849888063518
AY198213.1/1-163,Rfam_seed,RF00003,163,mea,0,41,48,0.43902439024390244,0.375,0.4044943820224719,0.4037521697643124,0.4634146341463415,0.3958333333333333,0.42696629213483145,0.426370144092012
AY198213.1/1-163,Rfam_seed,RF00003,163,centroid,0,41,42,0.43902439024390244,0.42857142857142855,0.43373493975903615,0.43198124111595637,0.4634146341463415,0.4523809523809524,0.4578313253012048,0.4561553604658282
AANE01000012.1/49153-49054,Rfam_seed,RF00167,100,mfe,0,17,26,0.5882352941176471,0.38461538461538464,0.46511627906976744,0.4734609054866183,0.7647058823529411,0.5,0.6046511627906976,0.6167789055370949
AANE01000012.1/49153-49054,Rfam_seed,RF00167,100,mea,0,17,24,0.6470588235294118,0.4583333333333333,0.5365853658536586,0.5427484228122262,0.7647058823529411,0.5416666666666666,0.6341463414634146,0.6421749685699895
AANE01000012.1/49153-49054,Rfam_seed,RF00167,100,centroid,0,17,23,0.6470588235294118,0.4782608695652174,0.55,0.5545398877309733,0.7647058823529411,0.5652173913043478,0.65,0.6560945759149323
AB013373.1/3754-3825,Rfam_seed,RF00005,72,mfe,0,21,23,1.0,0.9130434782608695,0.9545454545454546,0.9551560754016277,0.9047619047619048,0.8260869565217391,0.8636363636363636,0.8633628346095475
AB013373.1/3754-3825,Rfam_seed,RF00005,72,mea,0,21,23,1.0,0.9130434782608695,0.9545454545454546,0.9551560754016277,0.9047619047619048,0.8260869565217391,0.8636363636363636,0.8633628346095475
AB013373.1/3754-3825,Rfam_seed,RF00005,72,centroid,0,21,23,1.0,0.9130434782608695,0.9545454545454546,0.9551560754016277,0.9047619047619048,0.8260869565217391,0.8636363636363636,0.8633628346095475
AACW02000088.1/106193-106487,Rfam_seed,RF00017,295,mfe,0,74,100,0.7567567567567568,0.56,0.6436781609195402,0.6503077683847484,0.7027027027027027,0.52,0.5977011494252874,0.6037152356285698
AACW02000088.1/106193-106487,Rfam_seed,RF00017,295,mea,0,74,98,0.7567567567567568,0.5714285714285714,0.6511627906976745,0.6569350205747879,0.7027027027027027,0.5306122448979592,0.6046511627906976,0.609870542860169
AACW02000088.1/106193-106487,Rfam_seed,RF00017,295,centroid,0,74,91,0.7432432432432432,0.6043956043956044,0.6666666666666666,0.669615098138378,0.7027027027027027,0.5714285714285714,0.6303030303030303,0.6329872234171702
AE004439.1/1026545-1026371,Rfam_seed,RF00168,175,mfe,0,49,57,0.7959183673469388,0.6842105263157895,0.7358490566037735,0.7370483302394825,0.8979591836734694,0.7719298245614035,0.8301886792452831,0.8319882846534589
AE004439.1/1026545-1026371,Rfam_seed,RF00168,175,mea,0,49,52,0.7959183673469388,0.75,0.7722772277227723,0.7718628867882816,0.8979591836734694,0.8461538461538461,0.8712871287128713,0.8712461393406142
AE004439.1/1026545-1026371,Rfam_seed,RF00168,175,centroid,0,49,50,0.7959183673469388,0.78,0.7878787878787878,0.7872273779862992,0.8979591836734694,0.88,0.8888888888888888,0.88857212774186
AAJM01000138.1/1999-1823,Rfam_seed,RF00380,177,mfe,0,43,56,0.8837209302325582,0.6785714285714286,0.7676767676767676,0.773690570725664,0.7209302325581395,0.5535714285714286,0.6262626262626263,0.6305864275700682
AAJM01000138.1/1999-1823,Rfam_seed,RF00380,177,mea,0,43,57,0.8837209302325582,0.6666666666666666,0.76,0.7668425461093312,0.7209302325581395,0.543859649122807,0.62,0.6249946870719911
AAJM01000138.1/1999-1823,Rfam_seed,RF00380,177,centroid,0,43,57,0.8837209302325582,0.6666666666666666,0.76,0.7668425461093312,0.7209302325581395,0.543859649122807,0.62,0.6249946870719911
AARQ02000011.1/391-585,Rfam_seed,RF00234,195,mfe,0,37,59,0.9459459459459459,0.5932203389830508,0.7291666666666666,0.7485318980078842,0.918918918918919,0.576271186440678,0.7083333333333334,0.7270745175276797
AARQ02000011.1/391-585,Rfam_seed,RF00234,195,mea,0,37,55,0.9459459459459459,0.6363636363636364,0.7608695652173914,0.7753652148967091,0.8918918918918919,0.6,0.717391304347826,0.7309220171519819
AARQ02000011.1/391-585,Rfam_seed,RF00234,195,centroid,0,37,52,0.8918918918918919,0.6346153846153846,0.7415730337078652,0.7517849974376449,0.8648648648648649,0.6153846153846154,0.7191011235955056,0.7289331961701375
AAFX01004374.1/206-561,Rfam_seed,RF00023,356,mfe,0,67,111,0.3582089552238806,0.21621621621621623,0.2696629213483146,0.2773253258242175,0.3283582089552239,0.1981981981981982,0.24719101123595505,0.2541009930974188
AAFX01004374.1/206-561,Rfam_seed,RF00023,356,mea,0,67,104,0.3582089552238806,0.23076923076923078,0.2807017543859649,0.2865795545537749,0.3283582089552239,0.21153846153846154,0.2573099415204678,0.26258769178257174
AAFX01004374.1/206-561,Rfam_seed,RF00023,356,centroid,0,67,89,0.3582089552238806,0.2696629213483146,0.3076923076923077,0.3099590183063663,0.3283582089552239,0.24719101123595505,0.28205128205128205,0.2840271379083789
AAOX01000015.1/22460-22639,Rfam_seed,RF00168,180,mfe,0,50,62,0.98,0.7903225806451613,0.875,0.8796677637573688,0.84,0.6774193548387096,0.75,0.7535054906534014
AAOX01000015.1/22460-22639,Rfam_seed,RF00168,180,mea,0,50,61,0.98,0.8032786885245902,0.8828828828828829,0.886877607159693,0.84,0.6885245901639344,0.7567567567567568,0.7596893835421756
AAOX01000015.1/22460-22639,Rfam_seed,RF00168,180,centroid,0,50,60,0.98,0.8166666666666667,0.8909090909090909,0.8942667141784765,0.84,0.7,0.7636363636363637,0.7660269637265292
AADM01000279.1/397-288,Rfam_seed,RF00026,110,mfe,0,4,35,0.0,0.0,0.0,-0.0019801187134858653,0.0,0.0,0.0,-0.0019801187134858653
AADM01000279.1/397-288,Rfam_seed,RF00026,110,mea,0,4,33,0.0,0.0,0.0,-0.0019223892089728254,0.0,0.0,0.0,-0.0019223892089728254
AADM01000279.1/397-288,Rfam_seed,RF00026,110,centroid,0,4,27,0.0,0.0,0.0,-0.0017379921507183675,0.0,0.0,0.0,-0.0017379921507183675
AE008691.1/46248-46514,Rfam_seed,RF01854,267,mfe,0,73,92,0.6986301369863014,0.5543478260869565,0.6181818181818182,0.6214575765705128,0.6986301369863014,0.5543478260869565,0.6181818181818182,0.6214575765705128
AE008691.1/46248-46514,Rfam_seed,RF01854,267,mea,0,73,93,0.684931506849315,0.5376344086021505,0.6024096385542169,0.6059260592424557,0.6986301369863014,0.5483870967741935,0.6144578313253012,0.6180910947049963
AE008691.1/46248-46514,Rfam_seed,RF01854,267,centroid,0,73,93,0.684931506849315,0.5376344086021505,0.6024096385542169,0.6059260592424557,0.6986301369863014,0.5483870967741935,0.6144578313253012,0.6180910947049963
AB089921.1/2048-2202,Rfam_seed,RF00380,155,mfe,0,34,48,0.7058823529411765,0.5,0.5853658536585366,0.5927400165180198,0.6764705882352942,0.4791666666666667,0.5609756097560976,0.5679009948011348
AB089921.1/2048-2202,Rfam_seed,RF00380,155,mea,0,34,46,0.7058823529411765,0.5217391304347826,0.6,0.6055821941920321,0.6470588235294118,0.4782608695652174,0.55,0.5548399520397841
AB089921.1/2048-2202,Rfam_seed,RF00380,155,centroid,0,34,44,0.7058823529411765,0.5454545454545454,0.6153846153846154,0.6192881966735551,0.6470588235294118,0.5,0.5641025641025641,0.5674099003956978
AB001488.1/62222-62293,Rfam_seed,RF00005,72,mfe,0,20,23,0.85,0.7391304347826086,0.7906976744186046,0.7908907819489779,0.7,0.6086956521739131,0.6511627906976745,0.6498284792883722
AB001488.1/62222-62293,Rfam_seed,RF00005,72,mea,0,20,23,0.85,0.7391304347826086,0.7906976744186046,0.7908907819489779,0.7,0.6086956521739131,0.6511627906976745,0.6498284792883722
AB001488.1/62222-62293,Rfam_seed,RF00005,72,centroid,0,20,23,0.85,0.7391304347826086,0.7906976744186046,0.7908907819489779,0.7,0.6086956521739131,0.6511627906976745,0.6498284792883722
AALC02000021.1/24189-24005,Rfam_seed,RF00174,185,mfe,0,37,56,0.4864864864864865,0.32142857142857145,0.3870967741935484,0.3938389033666695,0.5135135135135135,0.3392857142857143,0.40860215053763443,0.4158678303545912
AALC02000021.1/24189-24005,Rfam_seed,RF00174,185,mea,0,37,54,0.4594594594594595,0.3148148148148148,0.37362637362637363,0.3787079587935048,0.5135135135135135,0.35185185185185186,0.4175824175824176,0.42357163663151975
AALC02000021.1/24189-24005,Rfam_seed,RF00174,185,centroid,0,37,53,0.4594594594594595,0.32075471698113206,0.37777777777777777,0.3823019363053216,0.5135135135135135,0.3584905660377358,0.4222222222222222,0.42758554405617727
AANC01000003.1/237429-237533,Rfam_seed,RF00162,105,mfe,0,31,31,0.9032258064516129,0.9032258064516129,0.9032258064516129,0.9026732184980303,0.8064516129032258,0.8064516129032258,0.8064516129032258,0.8053464369960606
AANC01000003.1/237429-237533,Rfam_seed,RF00162,105,mea,0,31,31,0.9032258064516129,0.9032258064516129,0.9032258064516129,0.9026732184980303,0.8064516129032258,0.8064516129032258,0.8064516129032258,0.8053464369960606
AANC01000003.1/237429-237533,Rfam_seed,RF00162,105,centroid,0,31,30,0.9032258064516129,0.9333333333333333,0.9180327868852459,0.9176971744168254,0.8064516129032258,0.8333333333333334,0.819672131147541,0.818770687302988
AJ938182.1/468421-468690,Rfam_seed,RF01854,270,mfe,0,84,89,0.07142857142857142,0.06741573033707865,0.06936416184971098,0.06717220955812105,0.05952380952380952,0.056179775280898875,0.057803468208092484,0.05557907036537167
AJ938182.1/468421-468690,Rfam_seed,RF01854,270,mea,0,84,88,0.6428571428571429,0.6136363636363636,0.627906976744186,0.6271946178890363,0.5952380952380952,0.5681818181818182,0.5813953488372093,0.5805599686410454
AJ938182.1/468421-468690,Rfam_seed,RF01854,270,centroid,0,84,60,0.5476190476190477,0.7666666666666667,0.6388888888888888,0.6472800406011429,0.5,0.7,0.5833333333333334,0.5908244888297165
AAOX01000002.1/320243-320340,Rfam_seed,RF00162,98,mfe,0,29,28,0.9310344827586207,0.9642857142857143,0.9473684210526315,0.9471985680574174,0.7586206896551724,0.7857142857142857,0.7719298245614035,0.7706744895288489
AAOX01000002.1/320243-320340,Rfam_seed,RF00162,98,mea,0,29,28,0.9310344827586207,0.9642857142857143,0.9473684210526315,0.9471985680574174,0.7586206896551724,0.7857142857142857,0.7719298245614035,0.7706744895288489
AAOX01000002.1/320243-320340,Rfam_seed,RF00162,98,centroid,0,29,28,0.9310344827586207,0.9642857142857143,0.9473684210526315,0.9471985680574174,0.7586206896551724,0.7857142857142857,0.7719298245614035,0.7706744895288489
AACN010616031.1/232-530,Rfam_seed,RF00017,299,mfe,0,101,104,0.6534653465346535,0.6346153846153846,0.6439024390243903,0.6431506298709341,0.5643564356435643,0.5480769230769231,0.5560975609756098,0.5551338449839941
AACN010616031.1/232-530,Rfam_seed,RF00017,299,mea,0,101,101,0.6336633663366337,0.6336633663366337,0.6336633663366337,0.6328309703861275,0.5445544554455446,0.5445544554455446,0.5445544554455446,0.5435195848043747
AACN010616031.1/232-530,Rfam_seed,RF00017,299,centroid,0,101,98,0.6336633663366337,0.6530612244897959,0.6432160804020101,0.6424909789058584,0.5445544554455446,0.5612244897959183,0.5527638190954773,0.551825946519635
AABL01000318.1/11806-12005,Rfam_seed,RF00004,200,mfe,0,42,57,0.6904761904761905,0.5087719298245614,0.5858585858585859,0.5917145368110092,0.6428571428571429,0.47368421052631576,0.5454545454545454,0.5507366480033785
AABL01000318.1/11806-12005,Rfam_seed,RF00004,200,mea,0,42,48,0.5714285714285714,0.5,0.5333333333333333,0.5334725590723299,0.7142857142857143,0.625,0.6666666666666666,0.6674060462233615
AABL01000318.1/11806-12005,Rfam_seed,RF00004,200,centroid,0,42,40,0.5476190476190477,0.575,0.5609756097560976,0.5602371114232904,0.5952380952380952,0.625,0.6097560975609756,0.6091328551070037
AAXV01000001.1/285704-285603,Rfam_seed,RF00167,102,mfe,0,19,28,0.5789473684210527,0.39285714285714285,0.46808510638297873,0.47459809090874944,0.47368421052631576,0.32142857142857145,0.3829787234042553,0.3874896526229803
AAXV01000001.1/285704-285603,Rfam_seed,RF00167,102,mea,0,19,28,0.5789473684210527,0.39285714285714285,0.46808510638297873,0.47459809090874944,0.47368421052631576,0.32142857142857145,0.3829787234042553,0.3874896526229803
AAXV01000001.1/285704-285603,Rfam_seed,RF00167,102,centroid,0,19,28,0.5789473684210527,0.39285714285714285,0.46808510638297873,0.47459809090874944,0.47368421052631576,0.32142857142857145,0.3829787234042553,0.3874896526229803
FJ935779.1/2022-2192,Rfam_seed,RF00234,171,mfe,0,37,48,1.0,0.7708333333333334,0.8705882352941177,0.877638013391237,0.8918918918918919,0.6875,0.7764705882352941,0.7824438615075043
FJ935779.1/2022-2192,Rfam_seed,RF00234,171,mea,0,37,44,0.8918918918918919,0.75,0.8148148148148148,0.8173762245104738,0.8108108108108109,0.6818181818181818,0.7407407407407407,0.742816230472942
FJ935779.1/2022-2192,Rfam_seed,RF00234,171,centroid,0,37,43,0.8918918918918919,0.7674418604651163,0.825,0.8268614424457891,0.8108108108108109,0.6976744186046512,0.75,0.7514420567613438
AE014074.1/464992-464896,Rfam_seed,RF00059,97,mfe,0,26,33,0.4230769230769231,0.3333333333333333,0.3728813559322034,0.3715971610147529,0.34615384615384615,0.2727272727272727,0.3050847457627119,0.30288289985725303
AE014074.1/464992-464896,Rfam_seed,RF00059,97,mea,0,26,28,0.4230769230769231,0.39285714285714285,0.4074074074074074,0.4042362969632194,0.34615384615384615,0.32142857142857145,0.3333333333333333,0.32967900815555223
AE014074.1/464992-464896,Rfam_seed,RF00059,97,centroid,0,26,24,0.4230769230769231,0.4583333333333333,0.44,0.43733555097063387,0.34615384615384615,0.375,0.36,0.35683925411266143
AACS02000001.1/566465-566333,Rfam_seed,RF00015,133,mfe,0,19,38,0.3684210526315789,0.18421052631578946,0.24561403508771928,0.2582907143026266,0.3157894736842105,0.15789473684210525,0.21052631578947367,0.2209533206831606
AACS02000001.1/566465-566333,Rfam_seed,RF00015,133,mea,0,19,38,0.3684210526315789,0.18421052631578946,0.24561403508771928,0.2582907143026266,0.3157894736842105,0.15789473684210525,0.21052631578947367,0.2209533206831606
AACS02000001.1/566465-566333,Rfam_seed,RF00015,133,centroid,0,19,37,0.3684210526315789,0.1891891891891892,0.25,0.26182478249475494,0.3157894736842105,0.16216216216216217,0.21428571428571427,0.22398835787399274
AE015929.1/2386853-2386584,Rfam_seed,RF01854,270,mfe,0,86,92,0.8255813953488372,0.7717391304347826,0.797752808988764,0.7977120395536108,0.7441860465116279,0.6956521739130435,0.7191011235955056,0.7188222917096605
AE015929.1/2386853-2386584,Rfam_seed,RF01854,270,mea,0,86,91,0.8255813953488372,0.7802197802197802,0.8022598870056498,0.8020988609500597,0.7441860465116279,0.7032967032967034,0.7231638418079096,0.7227779321690492
AE015929.1/2386853-2386584,Rfam_seed,RF01854,270,centroid,0,86,82,0.7558139534883721,0.7926829268292683,0.7738095238095238,0.7735057052400107,0.686046511627907,0.7195121951219512,0.7023809523809523,0.7018912278958419
AAEK01000017.1/86437-86538,Rfam_seed,RF00167,102,mfe,0,20,29,1.0,0.6896551724137931,0.8163265306122449,0.8297261517300941,0.85,0.5862068965517241,0.6938775510204082,0.7045625611142688
AAEK01000017.1/86437-86538,Rfam_seed,RF00167,102,mea,0,20,25,1.0,0.8,0.8888888888888888,0.8939912890338735,0.85,0.68,0.7555555555555555,0.7592385833233736
AAEK01000017.1/86437-86538,Rfam_seed,RF00167,102,centroid,0,20,20,1.0,1.0,1.0,1.0,0.85,0.85,0.85,0.849415318651335
AARI02000249.1/265-361,Rfam_seed,RF00162,97,mfe,0,25,28,0.36,0.32142857142857145,0.33962264150943394,0.3364002368149408,0.32,0.2857142857142857,0.3018867924528302,0.29838743459645806
AARI02000249.1/265-361,Rfam_seed,RF00162,97,mea,0,25,30,0.36,0.3,0.32727272727272727,0.32466929415068585,0.32,0.26666666666666666,0.2909090909090909,0.28793750055673156
AARI02000249.1/265-361,Rfam_seed,RF00162,97,centroid,0,25,27,0.36,0.3333333333333333,0.34615384615384615,0.34274405764751686,0.32,0.2962962962962963,0.3076923076923077,0.30403789614937626
AAEU02004214.1/433-498,Rfam_seed,RF00005,66,mfe,0,20,22,0.45,0.4090909090909091,0.42857142857142855,0.4234245230612601,0.45,0.4090909090909091,0.42857142857142855,0.4234245230612601
AAEU02004214.1/433-498,Rfam_seed,RF00005,66,mea,0,20,20,0.65,0.65,0.65,0.6467058823529411,0.65,0.65,0.65,0.6467058823529411
AAEU02004214.1/433-498,Rfam_seed,RF00005,66,centroid,0,20,14,0.55,0.7857142857142857,0.6470588235294118,0.6547646315497726,0.5,0.7142857142857143,0.5882352941176471,0.5945257237790558
AACP01000091.1/4899-4707,Rfam_seed,RF00004,193,mfe,0,38,56,0.7105263157894737,0.48214285714285715,0.574468085106383,0.584291713268654,0.6842105263157895,0.4642857142857143,0.5531914893617021,0.5625588316329266
AACP01000091.1/4899-4707,Rfam_seed,RF00004,193,mea,0,38,58,0.7105263157894737,0.46551724137931033,0.5625,0.5740728262575888,0.6842105263157895,0.4482758620689655,0.5416666666666666,0.5527167804533343
AACP01000091.1/4899-4707,Rfam_seed,RF00004,193,centroid,0,38,51,0.7105263157894737,0.5294117647058824,0.6067415730337079,0.6124145544956956,0.6842105263157895,0.5098039215686274,0.5842696629213483,0.5896443217011823
AACY020322622.1/575-479,Rfam_seed,RF00162,97,mfe,0,26,28,0.8846153846153846,0.8214285714285714,0.8518518518518519,0.8515800298092223,0.7692307692307693,0.7142857142857143,0.7407407407407407,0.7397440965977216
AACY020322622.1/575-479,Rfam_seed,RF00162,97,mea,0,26,28,0.8846153846153846,0.8214285714285714,0.8518518518518519,0.8515800298092223,0.7692307692307693,0.7142857142857143,0.7407407407407407,0.7397440965977216
AACY020322622.1/575-479,Rfam_seed,RF00162,97,centroid,0,26,28,0.8846153846153846,0.8214285714285714,0.8518518518518519,0.8515800298092223,0.7692307692307693,0.7142857142857143,0.7407407407407407,0.7397440965977216
AB031211.1/8065-8137,Rfam_seed,RF00005,73,mfe,0,21,25,0.5714285714285714,0.48,0.5217391304347826,0.5195514002723847,0.47619047619047616,0.4,0.43478260869565216,0.43149354467818735
AB031211.1/8065-8137,Rfam_seed,RF00005,73,mea,0,21,22,0.5714285714285714,0.5454545454545454,0.5581395348837209,0.5546492784559511,0.47619047619047616,0.45454545454545453,0.46511627906976744,0.4608333356238575
AB031211.1/8065-8137,Rfam_seed,RF00005,73,centroid,0,21,18,0.5714285714285714,0.6666666666666666,0.6153846153846154,0.6143741068334349,0.47619047619047616,0.5555555555555556,0.5128205128205128,0.5107361870209779
AE004439.1/444121-444213,Rfam_seed,RF00059,93,mfe,0,21,28,0.5714285714285714,0.42857142857142855,0.4897959183673469,0.49202138373311266,0.6666666666666666,0.5,0.5714285714285714,0.5749750953911191
AE004439.1/444121-444213,Rfam_seed,RF00059,93,mea,0,21,29,0.5238095238095238,0.3793103448275862,0.44,0.4425603802318981,0.7142857142857143,0.5172413793103449,0.6,0.6056014193614432
AE004439.1/444121-444213,Rfam_seed,RF00059,93,centroid,0,21,27,0.5238095238095238,0.4074074074074074,0.4583333333333333,0.4589654360400832,0.6666666666666666,0.5185185185185185,0.5833333333333334,0.5856644187709006
AAAK03000021.1/12650-12476,Rfam_seed,RF00380,175,mfe,0,44,48,0.5454545454545454,0.5,0.5217391304347826,0.520787963846349,0.4772727272727273,0.4375,0.45652173913043476,0.4553110137442757
AAAK03000021.1/12650-12476,Rfam_seed,RF00380,175,mea,0,44,46,0.5681818181818182,0.5434782608695652,0.5555555555555556,0.5543763975804652,0.5,0.4782608695652174,0.4888888888888889,0.4874955864904582
AAAK03000021.1/12650-12476,Rfam_seed,RF00380,175,centroid,0,44,40,0.5227272727272727,0.575,0.5476190476190477,0.5469944525359689,0.4772727272727273,0.525,0.5,0.49918944678214017
AACA01000784.1/509-337,Rfam_seed,RF00004,173,mfe,0,32,54,0.40625,0.24074074074074073,0.3023255813953488,0.31083584463390573,0.5,0.2962962962962963,0.37209302325581395,0.3832138330597154
AACA01000784.1/509-337,Rfam_seed,RF00004,173,mea,0,32,49,0.40625,0.2653061224489796,0.32098765432098764,0.32652697028154465,0.5,0.32653061224489793,0.3950617283950617,0.4024952197709604
AACA01000784.1/509-337,Rfam_seed,RF00004,173,centroid,0,32,44,0.40625,0.29545454545454547,0.34210526315789475,0.3448098053439927,0.5,0.36363636363636365,0.42105263157894735,0.4249648049363167
AAQH01000027.1/16807-16441,Rfam_seed,RF00010,367,mfe,0,99,119,0.6363636363636364,0.5294117647058824,0.5779816513761468,0.5797542990603649,0.5656565656565656,0.47058823529411764,0.5137614678899083,0.5151572937893424
AAQH01000027.1/16807-16441,Rfam_seed,RF00010,367,mea,0,99,113,0.6262626262626263,0.5486725663716814,0.5849056603773585,0.5855345275503112,0.5555555555555556,0.48672566371681414,0.5188679245283019,0.5192477036561279
AAQH01000027.1/16807-16441,Rfam_seed,RF00010,367,centroid,0,99,105,0.6262626262626263,0.5904761904761905,0.6078431372549019,0.607510785021346,0.5555555555555556,0.5238095238095238,0.5392156862745098,0.5387492006775655
AB045287.1/5831-5948,Rfam_seed,RF00001,118,mfe,0,31,40,0.41935483870967744,0.325,0.36619718309859156,0.36595606232161226,0.4838709677419355,0.375,0.4225352112676056,0.42304585312616577
AB045287.1/5831-5948,Rfam_seed,RF00001,118,mea,0,31,40,0.41935483870967744,0.325,0.36619718309859156,0.36595606232161226,0.4838709677419355,0.375,0.4225352112676056,0.42304585312616577
AB045287.1/5831-5948,Rfam_seed,RF00001,118,centroid,0,31,40,0.41935483870967744,0.325,0.36619718309859156,0.36595606232161226,0.4838709677419355,0.375,0.4225352112676056,0.42304585312616577
AAQJ02000001.1/918442-918085,Rfam_seed,RF00010,358,mfe,0,99,110,0.6767676767676768,0.6090909090909091,0.6411483253588517,0.6414541336824081,0.6262626262626263,0.5636363636363636,0.5933014354066986,0.5934623551000145
AAQJ02000001.1/918442-918085,Rfam_seed,RF00010,358,mea,0,99,105,0.7373737373737373,0.6952380952380952,0.7156862745098039,0.7155426776849425,0.6868686868686869,0.6476190476190476,0.6666666666666666,0.666423451173165
AAQJ02000001.1/918442-918085,Rfam_seed,RF00010,358,centroid,0,99,94,0.7373737373737373,0.776595744680851,0.7564766839378239,0.7563632611253619,0.6868686868686869,0.723404255319149,0.7046632124352331,0.704454005055652
ABDV01000005.1/84537-84695,Rfam_seed,RF00380,159,mfe,0,35,49,0.17142857142857143,0.12244897959183673,0.14285714285714285,0.14206170220271572,0.17142857142857143,0.12244897959183673,0.14285714285714285,0.14206170220271572
ABDV01000005.1/84537-84695,Rfam_seed,RF00380,159,mea,0,35,41,0.2,0.17073170731707318,0.18421052631578946,0.18232306832044107,0.2,0.17073170731707318,0.18421052631578946,0.18232306832044107
ABDV01000005.1/84537-84695,Rfam_seed,RF00380,159,centroid,0,35,35,0.2,0.2,0.2,0.19776464952897974,0.2,0.2,0.2,0.19776464952897974
AF096716.1/373-495,Rfam_seed,RF00001,123,mfe,0,27,39,0.6666666666666666,0.46153846153846156,0.5454545454545454,0.5528068196604496,0.7407407407407407,0.5128205128205128,0.6060606060606061,0.6147124706318954
AF096716.1/373-495,Rfam_seed,RF00001,123,mea,0,27,38,0.7037037037037037,0.5,0.5846153846153846,0.5914640359808683,0.7037037037037037,0.5,0.5846153846153846,0.5914640359808683
AF096716.1/373-495,Rfam_seed,RF00001,123,centroid,0,27,37,0.6666666666666666,0.4864864864864865,0.5625,0.5677035810287135,0.7037037037037037,0.5135135135135135,0.59375,0.5994777033550605
ABAH01000018.1/164932-164783,Rfam_seed,RF00050,150,mfe,0,27,43,0.5555555555555556,0.3488372093023256,0.42857142857142855,0.4385500223311043,0.4444444444444444,0.27906976744186046,0.34285714285714286,0.3502282861079553
ABAH01000018.1/164932-164783,Rfam_seed,RF00050,150,mea,0,27,41,0.5555555555555556,0.36585365853658536,0.4411764705882353,0.44922434808970746,0.4444444444444444,0.2926829268292683,0.35294117647058826,0.3587821960718629
ABAH01000018.1/164932-164783,Rfam_seed,RF00050,150,centroid,0,27,39,0.5555555555555556,0.38461538461538464,0.45454545454545453,0.4607069072109519,0.4444444444444444,0.3076923076923077,0.36363636363636365,0.3679830456721149
ABQP01000004.1/146576-146420,Rfam_seed,RF00380,157,mfe,0,37,47,0.8648648648648649,0.6808510638297872,0.7619047619047619,0.7665857356696463,0.7567567567567568,0.5957446808510638,0.6666666666666666,0.6703353911049927
ABQP01000004.1/146576-146420,Rfam_seed,RF00380,157,mea,0,37,47,0.8648648648648649,0.6808510638297872,0.7619047619047619,0.7665857356696463,0.7567567567567568,0.5957446808510638,0.6666666666666666,0.6703353911049927
ABQP01000004.1/146576-146420,Rfam_seed,RF00380,157,centroid,0,37,46,0.8648648648648649,0.6956521739130435,0.7710843373493976,0.7749151176843581,0.7567567567567568,0.6086956521739131,0.6746987951807228,0.6776281860272584
AARL02000014.1/678-559,Rfam_seed,RF00162,120,mfe,0,30,40,0.7666666666666667,0.575,0.6571428571428571,0.6623480942223731,0.7333333333333333,0.55,0.6285714285714286,0.6333383690797664
AARL02000014.1/678-559,Rfam_seed,RF00162,120,mea,0,30,39,0.7333333333333333,0.5641025641025641,0.6376811594202898,0.6414849680422676,0.7666666666666667,0.5897435897435898,0.6666666666666666,0.6708621899768568
AARL02000014.1/678-559,Rfam_seed,RF00162,120,centroid,0,30,38,0.7333333333333333,0.5789473684210527,0.6470588235294118,0.6499500325932186,0.7333333333333333,0.5789473684210527,0.6470588235294118,0.6499500325932186
AADD01137907.1/9486-9773,Rfam_seed,RF00017,288,mfe,0,91,96,0.45054945054945056,0.4270833333333333,0.4385026737967914,0.43738746624639,0.38461538461538464,0.3645833333333333,0.37433155080213903,0.37304783098830036
AADD01137907.1/9486-9773,Rfam_seed,RF00017,288,mea,0,91,89,0.42857142857142855,0.43820224719101125,0.43333333333333335,0.43212355460540836,0.3626373626373626,0.3707865168539326,0.36666666666666664,0.365307266457743
AADD01137907.1/9486-9773,Rfam_seed,RF00017,288,centroid,0,91,54,0.24175824175824176,0.4074074074074074,0.30344827586206896,0.31269008027949347,0.2087912087912088,0.35185185185185186,0.2620689655172414,0.2698188194469699
AADD01137944.1/11247-10949,Rfam_seed,RF00017,299,mfe,0,101,104,0.1485148514851485,0.14423076923076922,0.14634146341463414,0.14438884884494063,0.15841584158415842,0.15384615384615385,0.15609756097560976,0.1541684916101562
AADD01137944.1/11247-10949,Rfam_seed,RF00017,299,mea,0,101,101,0.1485148514851485,0.1485148514851485,0.1485148514851485,0.14658009332991792,0.13861386138613863,0.13861386138613863,0.13861386138613863,0.1366566060430565
AADD01137944.1/11247-10949,Rfam_seed,RF00017,299,centroid,0,101,96,0.1485148514851485,0.15625,0.15228426395939088,0.15045575020026375,0.13861386138613863,0.14583333333333334,0.14213197969543148,0.1402776912160541
AAXB02000021.1/33038-32924,Rfam_seed,RF00050,115,mfe,0,23,29,0.782608695652174,0.6206896551724138,0.6923076923076923,0.6957826897805967,0.6086956521739131,0.4827586206896552,0.5384615384615384,0.5402852841052623
AAXB02000021.1/33038-32924,Rfam_seed,RF00050,115,mea,0,23,29,0.782608695652174,0.6206896551724138,0.6923076923076923,0.6957826897805967,0.6086956521739131,0.4827586206896552,0.5384615384615384,0.5402852841052623
AAXB02000021.1/33038-32924,Rfam_seed,RF00050,115,centroid,0,23,27,0.782608695652174,0.6666666666666666,0.72,0.7212643110539754,0.6086956521739131,0.5185185185185185,0.56,0.560135305645092
AE017194.1/25229-25331,Rfam_seed,RF01854,103,mfe,0,33,34,0.9393939393939394,0.9117647058823529,0.9253731343283582,0.924998630474703,0.8484848484848485,0.8235294117647058,0.835820895522388,0.8348615832288236
AE017194.1/25229-25331,Rfam_seed,RF01854,103,mea,0,33,34,0.9393939393939394,0.9117647058823529,0.9253731343283582,0.924998630474703,0.8484848484848485,0.8235294117647058,0.835820895522388,0.8348615832288236
AE017194.1/25229-25331,Rfam_seed,RF01854,103,centroid,0,33,34,0.9393939393939394,0.9117647058823529,0.9253731343283582,0.924998630474703,0.8484848484848485,0.8235294117647058,0.835820895522388,0.8348615832288236
