name,dataset,family,tier,tp,total,ppv
16s_E.coli_domain2,ArchiveII,16s,FIRM,39,62,0.6290322580645161
16s_E.coli_domain2,ArchiveII,16s,SOFT,5,39,0.1282051282051282
16s_E.coli_domain2,ArchiveII,16s,FLOPPY,44,416,0.10576923076923077
16s_P.occultum_domain2,ArchiveII,16s,FIRM,45,76,0.5921052631578947
16s_P.occultum_domain2,ArchiveII,16s,SOFT,15,30,0.5
16s_P.occultum_domain2,ArchiveII,16s,FLOPPY,29,440,0.0659090909090909
5s_Acremonium-persicinum-2,ArchiveII,5s,FIRM,11,11,1.0
5s_Acremonium-persicinum-2,ArchiveII,5s,SOFT,21,25,0.84
5s_Acremonium-persicinum-2,ArchiveII,5s,FLOPPY,4,236,0.01694915254237288
5s_Aeromonas-hydrophila-1,ArchiveII,5s,FIRM,14,18,0.7777777777777778
5s_Aeromonas-hydrophila-1,ArchiveII,5s,SOFT,12,17,0.7058823529411765
5s_Aeromonas-hydrophila-1,ArchiveII,5s,FLOPPY,9,155,0.05806451612903226
5s_Akkesiphycus-lubricum-1,ArchiveII,5s,FIRM,30,35,0.8571428571428571
5s_Akkesiphycus-lubricum-1,ArchiveII,5s,SOFT,3,4,0.75
5s_Akkesiphycus-lubricum-1,ArchiveII,5s,FLOPPY,3,73,0.0410958904109589
5s_Amycolatopsis-lactamdurans-1,ArchiveII,5s,FIRM,14,15,0.9333333333333333
5s_Amycolatopsis-lactamdurans-1,ArchiveII,5s,SOFT,1,7,0.14285714285714285
5s_Amycolatopsis-lactamdurans-1,ArchiveII,5s,FLOPPY,20,295,0.06779661016949153
5s_Amycolatopsis-mediterranei-1,ArchiveII,5s,FIRM,22,23,0.9565217391304348
5s_Amycolatopsis-mediterranei-1,ArchiveII,5s,SOFT,9,10,0.9
5s_Amycolatopsis-mediterranei-1,ArchiveII,5s,FLOPPY,4,182,0.02197802197802198
5s_Auricularia-auricula-judae-1,ArchiveII,5s,FIRM,26,32,0.8125
5s_Auricularia-auricula-judae-1,ArchiveII,5s,SOFT,1,8,0.125
5s_Auricularia-auricula-judae-1,ArchiveII,5s,FLOPPY,7,39,0.1794871794871795
5s_Bacillus-anthracis-5,ArchiveII,5s,FIRM,10,11,0.9090909090909091
5s_Bacillus-anthracis-5,ArchiveII,5s,SOFT,10,11,0.9090909090909091
5s_Bacillus-anthracis-5,ArchiveII,5s,FLOPPY,13,252,0.051587301587301584
5s_Bacillus-cereus-1,ArchiveII,5s,FIRM,9,10,0.9
5s_Bacillus-cereus-1,ArchiveII,5s,SOFT,11,12,0.9166666666666666
5s_Bacillus-cereus-1,ArchiveII,5s,FLOPPY,13,254,0.051181102362204724
5s_Bacillus-thuringiensis-2,ArchiveII,5s,FIRM,8,9,0.8888888888888888
5s_Bacillus-thuringiensis-2,ArchiveII,5s,SOFT,11,12,0.9166666666666666
5s_Bacillus-thuringiensis-2,ArchiveII,5s,FLOPPY,12,270,0.044444444444444446
5s_Bombyx-mori-1,ArchiveII,5s,FIRM,30,32,0.9375
5s_Bombyx-mori-1,ArchiveII,5s,SOFT,0,10,0.0
5s_Bombyx-mori-1,ArchiveII,5s,FLOPPY,6,31,0.1935483870967742
5s_Branchiostoma-belcheri-1,ArchiveII,5s,FIRM,19,20,0.95
5s_Branchiostoma-belcheri-1,ArchiveII,5s,SOFT,4,12,0.3333333333333333
5s_Branchiostoma-belcheri-1,ArchiveII,5s,FLOPPY,13,131,0.09923664122137404
5s_Brucella-suis-2,ArchiveII,5s,FIRM,21,22,0.9545454545454546
5s_Brucella-suis-2,ArchiveII,5s,SOFT,1,14,0.07142857142857142
5s_Brucella-suis-2,ArchiveII,5s,FLOPPY,12,174,0.06896551724137931
5s_Burkholderia-caryophylli-1,ArchiveII,5s,FIRM,14,15,0.9333333333333333
5s_Burkholderia-caryophylli-1,ArchiveII,5s,SOFT,6,6,1.0
5s_Burkholderia-caryophylli-1,ArchiveII,5s,FLOPPY,11,260,0.04230769230769231
5s_Candidatus-Pelagibacter-ubique-1,ArchiveII,5s,FIRM,8,8,1.0
5s_Candidatus-Pelagibacter-ubique-1,ArchiveII,5s,SOFT,4,22,0.18181818181818182
5s_Candidatus-Pelagibacter-ubique-1,ArchiveII,5s,FLOPPY,21,214,0.09813084112149532
5s_Candidatus-Tremblaya-princeps-2,ArchiveII,5s,FIRM,6,22,0.2727272727272727
5s_Candidatus-Tremblaya-princeps-2,ArchiveII,5s,SOFT,2,8,0.25
5s_Candidatus-Tremblaya-princeps-2,ArchiveII,5s,FLOPPY,18,234,0.07692307692307693
5s_Chlamydophila-pneumoniae-1,ArchiveII,5s,FIRM,11,16,0.6875
5s_Chlamydophila-pneumoniae-1,ArchiveII,5s,SOFT,1,19,0.05263157894736842
5s_Chlamydophila-pneumoniae-1,ArchiveII,5s,FLOPPY,18,284,0.06338028169014084
5s_Clostridium-acetobutylicum-2,ArchiveII,5s,FIRM,18,18,1.0
5s_Clostridium-acetobutylicum-2,ArchiveII,5s,SOFT,3,18,0.16666666666666666
5s_Clostridium-acetobutylicum-2,ArchiveII,5s,FLOPPY,12,129,0.09302325581395349
5s_Clostridium-innocuum-1,ArchiveII,5s,FIRM,16,18,0.8888888888888888
5s_Clostridium-innocuum-1,ArchiveII,5s,SOFT,4,17,0.23529411764705882
5s_Clostridium-innocuum-1,ArchiveII,5s,FLOPPY,10,106,0.09433962264150944
5s_Colacogloea-peniophorae-1,ArchiveII,5s,FIRM,25,26,0.9615384615384616
5s_Colacogloea-peniophorae-1,ArchiveII,5s,SOFT,7,12,0.5833333333333334
5s_Colacogloea-peniophorae-1,ArchiveII,5s,FLOPPY,4,79,0.05063291139240506
5s_Corynebacterium-diphtheriae-2,ArchiveII,5s,FIRM,14,19,0.7368421052631579
5s_Corynebacterium-diphtheriae-2,ArchiveII,5s,SOFT,2,9,0.2222222222222222
5s_Corynebacterium-diphtheriae-2,ArchiveII,5s,FLOPPY,19,340,0.05588235294117647
5s_Cryptococcus-humicola-1,ArchiveII,5s,FIRM,30,31,0.967741935483871
5s_Cryptococcus-humicola-1,ArchiveII,5s,SOFT,1,4,0.25
5s_Cryptococcus-humicola-1,ArchiveII,5s,FLOPPY,4,53,0.07547169811320754
5s_Cryptosporidium-parvum-1,ArchiveII,5s,FIRM,11,11,1.0
5s_Cryptosporidium-parvum-1,ArchiveII,5s,SOFT,7,9,0.7777777777777778
5s_Cryptosporidium-parvum-1,ArchiveII,5s,FLOPPY,18,164,0.10975609756097561
5s_Cryptosporidium-parvum-2,ArchiveII,5s,FIRM,11,11,1.0
5s_Cryptosporidium-parvum-2,ArchiveII,5s,SOFT,7,9,0.7777777777777778
5s_Cryptosporidium-parvum-2,ArchiveII,5s,FLOPPY,18,164,0.10975609756097561
5s_Drosophila-mauritiana-1,ArchiveII,5s,FIRM,30,37,0.8108108108108109
5s_Drosophila-mauritiana-1,ArchiveII,5s,SOFT,0,4,0.0
5s_Drosophila-mauritiana-1,ArchiveII,5s,FLOPPY,6,39,0.15384615384615385
5s_Drosophila-yakuba-1,ArchiveII,5s,FIRM,30,37,0.8108108108108109
5s_Drosophila-yakuba-1,ArchiveII,5s,SOFT,0,4,0.0
5s_Drosophila-yakuba-1,ArchiveII,5s,FLOPPY,6,39,0.15384615384615385
5s_Emericella-nidulans-1,ArchiveII,5s,FIRM,8,33,0.24242424242424243
5s_Emericella-nidulans-1,ArchiveII,5s,SOFT,1,8,0.125
5s_Emericella-nidulans-1,ArchiveII,5s,FLOPPY,25,108,0.23148148148148148
5s_Euglena-gracilis-2,ArchiveII,5s,FIRM,21,22,0.9545454545454546
5s_Euglena-gracilis-2,ArchiveII,5s,SOFT,0,15,0.0
5s_Euglena-gracilis-2,ArchiveII,5s,FLOPPY,14,87,0.16091954022988506
5s_Fusarium-lunulosporum-3,ArchiveII,5s,FIRM,11,12,0.9166666666666666
5s_Fusarium-lunulosporum-3,ArchiveII,5s,SOFT,9,11,0.8181818181818182
5s_Fusarium-lunulosporum-3,ArchiveII,5s,FLOPPY,14,374,0.0374331550802139
5s_Fusarium-lunulosporum-8,ArchiveII,5s,FIRM,11,11,1.0
5s_Fusarium-lunulosporum-8,ArchiveII,5s,SOFT,14,16,0.875
5s_Fusarium-lunulosporum-8,ArchiveII,5s,FLOPPY,10,166,0.060240963855421686
5s_Fusarium-sporotrichioides-5,ArchiveII,5s,FIRM,11,11,1.0
5s_Fusarium-sporotrichioides-5,ArchiveII,5s,SOFT,13,15,0.8666666666666667
5s_Fusarium-sporotrichioides-5,ArchiveII,5s,FLOPPY,11,227,0.048458149779735685
5s_Haemophilus-aegyptius-1,ArchiveII,5s,FIRM,25,30,0.8333333333333334
5s_Haemophilus-aegyptius-1,ArchiveII,5s,SOFT,1,3,0.3333333333333333
5s_Haemophilus-aegyptius-1,ArchiveII,5s,FLOPPY,8,84,0.09523809523809523
5s_Halobacterium-salinarum-1,ArchiveII,5s,FIRM,16,36,0.4444444444444444
5s_Halobacterium-salinarum-1,ArchiveII,5s,SOFT,0,3,0.0
5s_Halobacterium-salinarum-1,ArchiveII,5s,FLOPPY,15,100,0.15
5s_Halorubrum-distributum-5,ArchiveII,5s,FIRM,18,18,1.0
5s_Halorubrum-distributum-5,ArchiveII,5s,SOFT,12,18,0.6666666666666666
5s_Halorubrum-distributum-5,ArchiveII,5s,FLOPPY,4,123,0.032520325203252036
5s_Halorubrum-distributum-7,ArchiveII,5s,FIRM,13,16,0.8125
5s_Halorubrum-distributum-7,ArchiveII,5s,SOFT,5,14,0.35714285714285715
5s_Halorubrum-distributum-7,ArchiveII,5s,FLOPPY,14,125,0.112
5s_Helix-pomatia-1,ArchiveII,5s,FIRM,30,36,0.8333333333333334
5s_Helix-pomatia-1,ArchiveII,5s,SOFT,0,4,0.0
5s_Helix-pomatia-1,ArchiveII,5s,FLOPPY,6,49,0.12244897959183673
5s_Herpetosiphon-aurantiacus-1,ArchiveII,5s,FIRM,13,14,0.9285714285714286
5s_Herpetosiphon-aurantiacus-1,ArchiveII,5s,SOFT,12,16,0.75
5s_Herpetosiphon-aurantiacus-1,ArchiveII,5s,FLOPPY,8,232,0.034482758620689655
5s_Lactobacillus-acidophilus-1,ArchiveII,5s,FIRM,4,21,0.19047619047619047
5s_Lactobacillus-acidophilus-1,ArchiveII,5s,SOFT,1,9,0.1111111111111111
5s_Lactobacillus-acidophilus-1,ArchiveII,5s,FLOPPY,17,275,0.06181818181818182
5s_Methanospirillum-hungatei-1,ArchiveII,5s,FIRM,23,24,0.9583333333333334
5s_Methanospirillum-hungatei-1,ArchiveII,5s,SOFT,0,5,0.0
5s_Methanospirillum-hungatei-1,ArchiveII,5s,FLOPPY,12,150,0.08
5s_Moniliella-acetoabutans-1,ArchiveII,5s,FIRM,28,31,0.9032258064516129
5s_Moniliella-acetoabutans-1,ArchiveII,5s,SOFT,4,7,0.5714285714285714
5s_Moniliella-acetoabutans-1,ArchiveII,5s,FLOPPY,3,34,0.08823529411764706
5s_Nadsonia-fulvescens-1,ArchiveII,5s,FIRM,24,24,1.0
5s_Nadsonia-fulvescens-1,ArchiveII,5s,SOFT,7,12,0.5833333333333334
5s_Nadsonia-fulvescens-1,ArchiveII,5s,FLOPPY,5,142,0.035211267605633804
5s_Natronomonas-pharaonis-1,ArchiveII,5s,FIRM,25,26,0.9615384615384616
5s_Natronomonas-pharaonis-1,ArchiveII,5s,SOFT,7,11,0.6363636363636364
5s_Natronomonas-pharaonis-1,ArchiveII,5s,FLOPPY,2,212,0.009433962264150943
5s_Neurospora-africana-1,ArchiveII,5s,FIRM,8,8,1.0
5s_Neurospora-africana-1,ArchiveII,5s,SOFT,1,28,0.03571428571428571
5s_Neurospora-africana-1,ArchiveII,5s,FLOPPY,25,205,0.12195121951219512
5s_Neurospora-crassa-9,ArchiveII,5s,FIRM,25,25,1.0
5s_Neurospora-crassa-9,ArchiveII,5s,SOFT,7,9,0.7777777777777778
5s_Neurospora-crassa-9,ArchiveII,5s,FLOPPY,3,231,0.012987012987012988
5s_Oceanobacillus-iheyensis-3,ArchiveII,5s,FIRM,6,20,0.3
5s_Oceanobacillus-iheyensis-3,ArchiveII,5s,SOFT,6,7,0.8571428571428571
5s_Oceanobacillus-iheyensis-3,ArchiveII,5s,FLOPPY,20,177,0.11299435028248588
5s_Oenococcus-oeni-1,ArchiveII,5s,FIRM,6,6,1.0
5s_Oenococcus-oeni-1,ArchiveII,5s,SOFT,1,23,0.043478260869565216
5s_Oenococcus-oeni-1,ArchiveII,5s,FLOPPY,26,294,0.08843537414965986
5s_Oerskovia-turbata-1,ArchiveII,5s,FIRM,26,26,1.0
5s_Oerskovia-turbata-1,ArchiveII,5s,SOFT,7,9,0.7777777777777778
5s_Oerskovia-turbata-1,ArchiveII,5s,FLOPPY,2,155,0.012903225806451613
5s_Oryctolagus-cuniculus-1,ArchiveII,5s,FIRM,27,29,0.9310344827586207
5s_Oryctolagus-cuniculus-1,ArchiveII,5s,SOFT,7,10,0.7
5s_Oryctolagus-cuniculus-1,ArchiveII,5s,FLOPPY,2,87,0.022988505747126436
5s_Paracoccus-versutus-1,ArchiveII,5s,FIRM,11,11,1.0
5s_Paracoccus-versutus-1,ArchiveII,5s,SOFT,2,22,0.09090909090909091
5s_Paracoccus-versutus-1,ArchiveII,5s,FLOPPY,17,214,0.0794392523364486
5s_Photobacterium-angustum-1,ArchiveII,5s,FIRM,19,30,0.6333333333333333
5s_Photobacterium-angustum-1,ArchiveII,5s,SOFT,2,4,0.5
5s_Photobacterium-angustum-1,ArchiveII,5s,FLOPPY,13,231,0.05627705627705628
5s_Photobacterium-profundum-2,ArchiveII,5s,FIRM,8,8,1.0
5s_Photobacterium-profundum-2,ArchiveII,5s,SOFT,16,18,0.8888888888888888
5s_Photobacterium-profundum-2,ArchiveII,5s,FLOPPY,11,267,0.04119850187265917
5s_Pinus-silvestris-1,ArchiveII,5s,FIRM,27,29,0.9310344827586207
5s_Pinus-silvestris-1,ArchiveII,5s,SOFT,3,9,0.3333333333333333
5s_Pinus-silvestris-1,ArchiveII,5s,FLOPPY,4,91,0.04395604395604396
5s_Pirellula-sp.-1,ArchiveII,5s,FIRM,18,21,0.8571428571428571
5s_Pirellula-sp.-1,ArchiveII,5s,SOFT,8,11,0.7272727272727273
5s_Pirellula-sp.-1,ArchiveII,5s,FLOPPY,4,106,0.03773584905660377
5s_Pseudonocardia-halophobica-1,ArchiveII,5s,FIRM,8,9,0.8888888888888888
5s_Pseudonocardia-halophobica-1,ArchiveII,5s,SOFT,15,15,1.0
5s_Pseudonocardia-halophobica-1,ArchiveII,5s,FLOPPY,12,212,0.05660377358490566
5s_Pseudonocardia-hydrocarbonoxydans-1,ArchiveII,5s,FIRM,17,18,0.9444444444444444
5s_Pseudonocardia-hydrocarbonoxydans-1,ArchiveII,5s,SOFT,17,17,1.0
5s_Pseudonocardia-hydrocarbonoxydans-1,ArchiveII,5s,FLOPPY,2,182,0.01098901098901099
5s_Pyrococcus-abyssi-1,ArchiveII,5s,FIRM,15,28,0.5357142857142857
5s_Pyrococcus-abyssi-1,ArchiveII,5s,SOFT,4,9,0.4444444444444444
5s_Pyrococcus-abyssi-1,ArchiveII,5s,FLOPPY,11,65,0.16923076923076924
5s_Rhcoc_fas1B,ArchiveII,5s,FIRM,27,27,1.0
5s_Rhcoc_fas1B,ArchiveII,5s,SOFT,2,4,0.5
5s_Rhcoc_fas1B,ArchiveII,5s,FLOPPY,4,129,0.031007751937984496
5s_Saccoglossus-kowalevskii-1,ArchiveII,5s,FIRM,32,34,0.9411764705882353
5s_Saccoglossus-kowalevskii-1,ArchiveII,5s,SOFT,2,5,0.4
5s_Saccoglossus-kowalevskii-1,ArchiveII,5s,FLOPPY,2,58,0.034482758620689655
5s_Salmonella-enterica-8,ArchiveII,5s,FIRM,8,24,0.3333333333333333
5s_Salmonella-enterica-8,ArchiveII,5s,SOFT,2,13,0.15384615384615385
5s_Salmonella-enterica-8,ArchiveII,5s,FLOPPY,26,157,0.16560509554140126
5s_Salmonella-typhi-1,ArchiveII,5s,FIRM,0,0,
5s_Salmonella-typhi-1,ArchiveII,5s,SOFT,3,20,0.15
5s_Salmonella-typhi-1,ArchiveII,5s,FLOPPY,29,332,0.08734939759036145
5s_Sandaracinobacter-sibiricus-1,ArchiveII,5s,FIRM,7,15,0.4666666666666667
5s_Sandaracinobacter-sibiricus-1,ArchiveII,5s,SOFT,1,14,0.07142857142857142
5s_Sandaracinobacter-sibiricus-1,ArchiveII,5s,FLOPPY,13,148,0.08783783783783784
5s_Saprolegnia-ferax-1,ArchiveII,5s,FIRM,28,29,0.9655172413793104
5s_Saprolegnia-ferax-1,ArchiveII,5s,SOFT,6,8,0.75
5s_Saprolegnia-ferax-1,ArchiveII,5s,FLOPPY,3,64,0.046875
5s_Scenedesmus-obliquus-1,ArchiveII,5s,FIRM,14,19,0.7368421052631579
5s_Scenedesmus-obliquus-1,ArchiveII,5s,SOFT,2,21,0.09523809523809523
5s_Scenedesmus-obliquus-1,ArchiveII,5s,FLOPPY,15,107,0.14018691588785046
5s_Secale-cereale-2,ArchiveII,5s,FIRM,26,30,0.8666666666666667
5s_Secale-cereale-2,ArchiveII,5s,SOFT,4,8,0.5
5s_Secale-cereale-2,ArchiveII,5s,FLOPPY,4,55,0.07272727272727272
5s_Spirocodon-saltatrix-1,ArchiveII,5s,FIRM,29,31,0.9354838709677419
5s_Spirocodon-saltatrix-1,ArchiveII,5s,SOFT,1,11,0.09090909090909091
5s_Spirocodon-saltatrix-1,ArchiveII,5s,FLOPPY,6,71,0.08450704225352113
5s_Staphylococcus-aureus-3,ArchiveII,5s,FIRM,13,24,0.5416666666666666
5s_Staphylococcus-aureus-3,ArchiveII,5s,SOFT,5,12,0.4166666666666667
5s_Staphylococcus-aureus-3,ArchiveII,5s,FLOPPY,14,126,0.1111111111111111
5s_Staphylococcus-epidermidis-1,ArchiveII,5s,FIRM,5,5,1.0
5s_Staphylococcus-epidermidis-1,ArchiveII,5s,SOFT,2,18,0.1111111111111111
5s_Staphylococcus-epidermidis-1,ArchiveII,5s,FLOPPY,25,260,0.09615384615384616
5s_Streptomyces-purpureus-1,ArchiveII,5s,FIRM,13,18,0.7222222222222222
5s_Streptomyces-purpureus-1,ArchiveII,5s,SOFT,3,8,0.375
5s_Streptomyces-purpureus-1,ArchiveII,5s,FLOPPY,16,211,0.07582938388625593
5s_Symbiobacterium-thermophilum-4,ArchiveII,5s,FIRM,7,14,0.5
5s_Symbiobacterium-thermophilum-4,ArchiveII,5s,SOFT,0,15,0.0
5s_Symbiobacterium-thermophilum-4,ArchiveII,5s,FLOPPY,20,145,0.13793103448275862
5s_Taphrina-deformans-1,ArchiveII,5s,FIRM,6,17,0.35294117647058826
5s_Taphrina-deformans-1,ArchiveII,5s,SOFT,1,10,0.1
5s_Taphrina-deformans-1,ArchiveII,5s,FLOPPY,28,141,0.19858156028368795
5s_Vibrio-cincinnatiensis-1,ArchiveII,5s,FIRM,19,26,0.7307692307692307
5s_Vibrio-cincinnatiensis-1,ArchiveII,5s,SOFT,6,12,0.5
5s_Vibrio-cincinnatiensis-1,ArchiveII,5s,FLOPPY,11,102,0.10784313725490197
5s_Vibrio-fischeri-2,ArchiveII,5s,FIRM,19,30,0.6333333333333333
5s_Vibrio-fischeri-2,ArchiveII,5s,SOFT,1,3,0.3333333333333333
5s_Vibrio-fischeri-2,ArchiveII,5s,FLOPPY,13,123,0.10569105691056911
5s_Wolbachia-pipientis-1,ArchiveII,5s,FIRM,0,4,0.0
5s_Wolbachia-pipientis-1,ArchiveII,5s,SOFT,10,14,0.7142857142857143
5s_Wolbachia-pipientis-1,ArchiveII,5s,FLOPPY,15,207,0.07246376811594203
RNaseP_A.truei,ArchiveII,RNaseP,FIRM,7,59,0.11864406779661017
RNaseP_A.truei,ArchiveII,RNaseP,SOFT,0,18,0.0
RNaseP_A.truei,ArchiveII,RNaseP,FLOPPY,30,787,0.03811944091486658
RNaseP_B.pertussis,ArchiveII,RNaseP,FIRM,66,78,0.8461538461538461
RNaseP_B.pertussis,ArchiveII,RNaseP,SOFT,22,43,0.5116279069767442
RNaseP_B.pertussis,ArchiveII,RNaseP,FLOPPY,30,609,0.04926108374384237
RNaseP_C.limicola,ArchiveII,RNaseP,FIRM,25,33,0.7575757575757576
RNaseP_C.limicola,ArchiveII,RNaseP,SOFT,31,43,0.7209302325581395
RNaseP_C.limicola,ArchiveII,RNaseP,FLOPPY,51,878,0.05808656036446469
RNaseP_DU1,ArchiveII,RNaseP,FIRM,23,27,0.8518518518518519
RNaseP_DU1,ArchiveII,RNaseP,SOFT,19,28,0.6785714285714286
RNaseP_DU1,ArchiveII,RNaseP,FLOPPY,37,910,0.04065934065934066
RNaseP_EM14b-11,ArchiveII,RNaseP,FIRM,19,25,0.76
RNaseP_EM14b-11,ArchiveII,RNaseP,SOFT,29,47,0.6170212765957447
RNaseP_EM14b-11,ArchiveII,RNaseP,FLOPPY,34,853,0.03985932004689332
RNaseP_ESH210B,ArchiveII,RNaseP,FIRM,47,51,0.9215686274509803
RNaseP_ESH210B,ArchiveII,RNaseP,SOFT,16,29,0.5517241379310345
RNaseP_ESH210B,ArchiveII,RNaseP,FLOPPY,22,626,0.03514376996805112
RNaseP_ESH212C,ArchiveII,RNaseP,FIRM,55,58,0.9482758620689655
RNaseP_ESH212C,ArchiveII,RNaseP,SOFT,22,48,0.4583333333333333
RNaseP_ESH212C,ArchiveII,RNaseP,FLOPPY,19,479,0.03966597077244259
RNaseP_G.gorilla,ArchiveII,RNaseP,FIRM,16,65,0.24615384615384617
RNaseP_G.gorilla,ArchiveII,RNaseP,SOFT,1,21,0.047619047619047616
RNaseP_G.gorilla,ArchiveII,RNaseP,FLOPPY,26,627,0.04146730462519936
RNaseP_L.borgpetersenii,ArchiveII,RNaseP,FIRM,44,44,1.0
RNaseP_L.borgpetersenii,ArchiveII,RNaseP,SOFT,9,33,0.2727272727272727
RNaseP_L.borgpetersenii,ArchiveII,RNaseP,FLOPPY,34,721,0.047156726768377254
RNaseP_M.hyopneumoniae,ArchiveII,RNaseP,FIRM,69,106,0.6509433962264151
RNaseP_M.hyopneumoniae,ArchiveII,RNaseP,SOFT,8,21,0.38095238095238093
RNaseP_M.hyopneumoniae,ArchiveII,RNaseP,FLOPPY,37,590,0.06271186440677966
RNaseP_M.maripaludus,ArchiveII,RNaseP,FIRM,35,38,0.9210526315789473
RNaseP_M.maripaludus,ArchiveII,RNaseP,SOFT,4,28,0.14285714285714285
RNaseP_M.maripaludus,ArchiveII,RNaseP,FLOPPY,15,390,0.038461538461538464
RNaseP_M.phosphovorus-JCM9380,ArchiveII,RNaseP,FIRM,47,54,0.8703703703703703
RNaseP_M.phosphovorus-JCM9380,ArchiveII,RNaseP,SOFT,18,27,0.6666666666666666
RNaseP_M.phosphovorus-JCM9380,ArchiveII,RNaseP,FLOPPY,21,490,0.04285714285714286
RNaseP_M.thermolithotrophicus,ArchiveII,RNaseP,FIRM,29,37,0.7837837837837838
RNaseP_M.thermolithotrophicus,ArchiveII,RNaseP,SOFT,7,22,0.3181818181818182
RNaseP_M.thermolithotrophicus,ArchiveII,RNaseP,FLOPPY,11,288,0.03819444444444445
RNaseP_N.jensenii,ArchiveII,RNaseP,FIRM,17,17,1.0
RNaseP_N.jensenii,ArchiveII,RNaseP,SOFT,41,52,0.7884615384615384
RNaseP_N.jensenii,ArchiveII,RNaseP,FLOPPY,29,974,0.029774127310061602
RNaseP_P.strasburgensis,ArchiveII,RNaseP,FIRM,33,33,1.0
RNaseP_P.strasburgensis,ArchiveII,RNaseP,SOFT,13,60,0.21666666666666667
RNaseP_P.strasburgensis,ArchiveII,RNaseP,FLOPPY,42,636,0.0660377358490566
RNaseP_PS4,ArchiveII,RNaseP,FIRM,32,33,0.9696969696969697
RNaseP_PS4,ArchiveII,RNaseP,SOFT,6,39,0.15384615384615385
RNaseP_PS4,ArchiveII,RNaseP,FLOPPY,35,661,0.0529500756429652
RNaseP_Prochlorococcus-TAK9803-2,ArchiveII,RNaseP,FIRM,32,32,1.0
RNaseP_Prochlorococcus-TAK9803-2,ArchiveII,RNaseP,SOFT,5,50,0.1
RNaseP_Prochlorococcus-TAK9803-2,ArchiveII,RNaseP,FLOPPY,36,717,0.0502092050209205
RNaseP_SM-A03,ArchiveII,RNaseP,FIRM,29,42,0.6904761904761905
RNaseP_SM-A03,ArchiveII,RNaseP,SOFT,21,35,0.6
RNaseP_SM-A03,ArchiveII,RNaseP,FLOPPY,31,802,0.03865336658354115
RNaseP_SM-A1417,ArchiveII,RNaseP,FIRM,51,62,0.8225806451612904
RNaseP_SM-A1417,ArchiveII,RNaseP,SOFT,12,24,0.5
RNaseP_SM-A1417,ArchiveII,RNaseP,FLOPPY,14,489,0.028629856850715747
RNaseP_SM-A1519,ArchiveII,RNaseP,FIRM,28,37,0.7567567567567568
RNaseP_SM-A1519,ArchiveII,RNaseP,SOFT,19,24,0.7916666666666666
RNaseP_SM-A1519,ArchiveII,RNaseP,FLOPPY,29,527,0.05502846299810247
RNaseP_SM-A1726,ArchiveII,RNaseP,FIRM,40,48,0.8333333333333334
RNaseP_SM-A1726,ArchiveII,RNaseP,SOFT,13,41,0.3170731707317073
RNaseP_SM-A1726,ArchiveII,RNaseP,FLOPPY,41,649,0.06317411402157165
RNaseP_SM-A5584,ArchiveII,RNaseP,FIRM,62,72,0.8611111111111112
RNaseP_SM-A5584,ArchiveII,RNaseP,SOFT,5,31,0.16129032258064516
RNaseP_SM-A5584,ArchiveII,RNaseP,FLOPPY,28,416,0.0673076923076923
RNaseP_T.delbrueckii,ArchiveII,RNaseP,FIRM,36,77,0.4675324675324675
RNaseP_T.delbrueckii,ArchiveII,RNaseP,SOFT,1,16,0.0625
RNaseP_T.delbrueckii,ArchiveII,RNaseP,FLOPPY,22,318,0.06918238993710692
grp1_a.I1.e.C.saxonicum.C1.SSU.1506,ArchiveII,grp1,FIRM,53,80,0.6625
grp1_a.I1.e.C.saxonicum.C1.SSU.1506,ArchiveII,grp1,SOFT,6,45,0.13333333333333333
grp1_a.I1.e.C.saxonicum.C1.SSU.1506,ArchiveII,grp1,FLOPPY,49,785,0.062420382165605096
grp1_a.I1.e.P.carinii.Pc3.C1.LSU.1921,ArchiveII,grp1,FIRM,70,83,0.8433734939759037
grp1_a.I1.e.P.carinii.Pc3.C1.LSU.1921,ArchiveII,grp1,SOFT,19,39,0.48717948717948717
grp1_a.I1.e.P.carinii.Pc3.C1.LSU.1921,ArchiveII,grp1,FLOPPY,11,493,0.02231237322515213
grp1_a.I1.m.M.grisea.B2.ND1,ArchiveII,grp1,FIRM,16,21,0.7619047619047619
grp1_a.I1.m.M.grisea.B2.ND1,ArchiveII,grp1,SOFT,13,48,0.2708333333333333
grp1_a.I1.m.M.grisea.B2.ND1,ArchiveII,grp1,FLOPPY,28,691,0.04052098408104197
grp1_a.I1.m.S.pombe.B1.OX1,ArchiveII,grp1,FIRM,27,47,0.574468085106383
grp1_a.I1.m.S.pombe.B1.OX1,ArchiveII,grp1,SOFT,11,57,0.19298245614035087
grp1_a.I1.m.S.pombe.B1.OX1,ArchiveII,grp1,FLOPPY,17,605,0.02809917355371901
srp_Agro.tume._AE007951,ArchiveII,srp,FIRM,0,19,0.0
srp_Agro.tume._AE007951,ArchiveII,srp,SOFT,7,11,0.6363636363636364
srp_Agro.tume._AE007951,ArchiveII,srp,FLOPPY,14,140,0.1
srp_Arch.fulg._AE000782,ArchiveII,srp,FIRM,79,91,0.8681318681318682
srp_Arch.fulg._AE000782,ArchiveII,srp,SOFT,3,14,0.21428571428571427
srp_Arch.fulg._AE000782,ArchiveII,srp,FLOPPY,23,241,0.0954356846473029
srp_Burk.pseu._CP000572,ArchiveII,srp,FIRM,0,0,
srp_Burk.pseu._CP000572,ArchiveII,srp,SOFT,0,23,0.0
srp_Burk.pseu._CP000572,ArchiveII,srp,FLOPPY,22,147,0.14965986394557823
srp_Caul.cres._AE005673,ArchiveII,srp,FIRM,0,4,0.0
srp_Caul.cres._AE005673,ArchiveII,srp,SOFT,0,23,0.0
srp_Caul.cres._AE005673,ArchiveII,srp,FLOPPY,20,191,0.10471204188481675
srp_Cion.inte._BW223536,ArchiveII,srp,FIRM,44,54,0.8148148148148148
srp_Cion.inte._BW223536,ArchiveII,srp,SOFT,15,20,0.75
srp_Cion.inte._BW223536,ArchiveII,srp,FLOPPY,27,363,0.0743801652892562
srp_Clos.perf._BA000016,ArchiveII,srp,FIRM,60,62,0.967741935483871
srp_Clos.perf._BA000016,ArchiveII,srp,SOFT,13,19,0.6842105263157895
srp_Clos.perf._BA000016,ArchiveII,srp,FLOPPY,17,264,0.06439393939393939
srp_Esch.coli._AP009048,ArchiveII,srp,FIRM,27,37,0.7297297297297297
srp_Esch.coli._AP009048,ArchiveII,srp,SOFT,1,4,0.25
srp_Esch.coli._AP009048,ArchiveII,srp,FLOPPY,10,35,0.2857142857142857
srp_Fuso.nucl._AE009951,ArchiveII,srp,FIRM,10,34,0.29411764705882354
srp_Fuso.nucl._AE009951,ArchiveII,srp,SOFT,0,0,
srp_Fuso.nucl._AE009951,ArchiveII,srp,FLOPPY,2,45,0.044444444444444446
srp_Gibb.moni._GSP-334819,ArchiveII,srp,FIRM,48,69,0.6956521739130435
srp_Gibb.moni._GSP-334819,ArchiveII,srp,SOFT,6,24,0.25
srp_Gibb.moni._GSP-334819,ArchiveII,srp,FLOPPY,16,375,0.042666666666666665
srp_Gluc.oxyd._CP000009,ArchiveII,srp,FIRM,0,9,0.0
srp_Gluc.oxyd._CP000009,ArchiveII,srp,SOFT,0,12,0.0
srp_Gluc.oxyd._CP000009,ArchiveII,srp,FLOPPY,21,223,0.09417040358744394
srp_Haem.infl._CP000057,ArchiveII,srp,FIRM,34,35,0.9714285714285714
srp_Haem.infl._CP000057,ArchiveII,srp,SOFT,2,4,0.5
srp_Haem.infl._CP000057,ArchiveII,srp,FLOPPY,3,59,0.05084745762711865
srp_Homo.sapi._AB061847,ArchiveII,srp,FIRM,11,11,1.0
srp_Homo.sapi._AB061847,ArchiveII,srp,SOFT,48,69,0.6956521739130435
srp_Homo.sapi._AB061847,ArchiveII,srp,FLOPPY,43,663,0.06485671191553545
srp_Homo.sapi._AL139099,ArchiveII,srp,FIRM,11,11,1.0
srp_Homo.sapi._AL139099,ArchiveII,srp,SOFT,48,69,0.6956521739130435
srp_Homo.sapi._AL139099,ArchiveII,srp,FLOPPY,43,663,0.06485671191553545
srp_Hypo.jeco._GSP-334564-2,ArchiveII,srp,FIRM,26,81,0.32098765432098764
srp_Hypo.jeco._GSP-334564-2,ArchiveII,srp,SOFT,0,11,0.0
srp_Hypo.jeco._GSP-334564-2,ArchiveII,srp,FLOPPY,28,299,0.09364548494983277
srp_Kluy.walt._AADM01000319,ArchiveII,srp,FIRM,50,66,0.7575757575757576
srp_Kluy.walt._AADM01000319,ArchiveII,srp,SOFT,11,33,0.3333333333333333
srp_Kluy.walt._AADM01000319,ArchiveII,srp,FLOPPY,35,691,0.05065123010130246
srp_Lact.plan._AL935253,ArchiveII,srp,FIRM,10,12,0.8333333333333334
srp_Lact.plan._AL935253,ArchiveII,srp,SOFT,10,11,0.9090909090909091
srp_Lact.plan._AL935253,ArchiveII,srp,FLOPPY,5,103,0.04854368932038835
srp_Leis.braz._SDB-87235,ArchiveII,srp,FIRM,28,59,0.4745762711864407
srp_Leis.braz._SDB-87235,ArchiveII,srp,SOFT,5,33,0.15151515151515152
srp_Leis.braz._SDB-87235,ArchiveII,srp,FLOPPY,43,563,0.0763765541740675
srp_Leis.dono._AY722733,ArchiveII,srp,FIRM,6,34,0.17647058823529413
srp_Leis.dono._AY722733,ArchiveII,srp,SOFT,0,6,0.0
srp_Leis.dono._AY722733,ArchiveII,srp,FLOPPY,6,242,0.024793388429752067
srp_List.mono._U15684,ArchiveII,srp,FIRM,66,71,0.9295774647887324
srp_List.mono._U15684,ArchiveII,srp,SOFT,3,17,0.17647058823529413
srp_List.mono._U15684,ArchiveII,srp,FLOPPY,10,398,0.02512562814070352
srp_Meth.acet._AE010299,ArchiveII,srp,FIRM,19,34,0.5588235294117647
srp_Meth.acet._AE010299,ArchiveII,srp,SOFT,8,47,0.1702127659574468
srp_Meth.acet._AE010299,ArchiveII,srp,FLOPPY,69,1068,0.06460674157303371
srp_Myco.aviu._AE016958,ArchiveII,srp,FIRM,0,11,0.0
srp_Myco.aviu._AE016958,ArchiveII,srp,SOFT,0,4,0.0
srp_Myco.aviu._AE016958,ArchiveII,srp,FLOPPY,0,169,0.0
srp_Myco.capr._CP000123,ArchiveII,srp,FIRM,17,24,0.7083333333333334
srp_Myco.capr._CP000123,ArchiveII,srp,SOFT,1,3,0.3333333333333333
srp_Myco.capr._CP000123,ArchiveII,srp,FLOPPY,6,79,0.0759493670886076
srp_Myco.pneu._S76009,ArchiveII,srp,FIRM,20,22,0.9090909090909091
srp_Myco.pneu._S76009,ArchiveII,srp,SOFT,1,4,0.25
srp_Myco.pneu._S76009,ArchiveII,srp,FLOPPY,1,20,0.05
srp_Myco.spec._CP000384,ArchiveII,srp,FIRM,0,14,0.0
srp_Myco.spec._CP000384,ArchiveII,srp,SOFT,0,6,0.0
srp_Myco.spec._CP000384,ArchiveII,srp,FLOPPY,0,196,0.0
srp_Nitr.hamb._CP000319,ArchiveII,srp,FIRM,9,9,1.0
srp_Nitr.hamb._CP000319,ArchiveII,srp,SOFT,0,12,0.0
srp_Nitr.hamb._CP000319,ArchiveII,srp,FLOPPY,21,201,0.1044776119402985
srp_Nitr.wino._CP000115,ArchiveII,srp,FIRM,5,5,1.0
srp_Nitr.wino._CP000115,ArchiveII,srp,SOFT,2,2,1.0
srp_Nitr.wino._CP000115,ArchiveII,srp,FLOPPY,2,57,0.03508771929824561
srp_Para.bras._CN241909,ArchiveII,srp,FIRM,6,25,0.24
srp_Para.bras._CN241909,ArchiveII,srp,SOFT,1,9,0.1111111111111111
srp_Para.bras._CN241909,ArchiveII,srp,FLOPPY,4,117,0.03418803418803419
srp_Pedi.pent._CP000422,ArchiveII,srp,FIRM,0,0,
srp_Pedi.pent._CP000422,ArchiveII,srp,SOFT,0,13,0.0
srp_Pedi.pent._CP000422,ArchiveII,srp,FLOPPY,11,140,0.07857142857142857
srp_Plas.know._GSP-5851,ArchiveII,srp,FIRM,53,60,0.8833333333333333
srp_Plas.know._GSP-5851,ArchiveII,srp,SOFT,19,26,0.7307692307692307
srp_Plas.know._GSP-5851,ArchiveII,srp,FLOPPY,22,352,0.0625
srp_Pseu.puti._AE015451,ArchiveII,srp,FIRM,30,31,0.967741935483871
srp_Pseu.puti._AE015451,ArchiveII,srp,SOFT,0,3,0.0
srp_Pseu.puti._AE015451,ArchiveII,srp,FLOPPY,2,39,0.05128205128205128
srp_Rhod.spha._CP000577,ArchiveII,srp,FIRM,0,0,
srp_Rhod.spha._CP000577,ArchiveII,srp,SOFT,0,8,0.0
srp_Rhod.spha._CP000577,ArchiveII,srp,FLOPPY,10,60,0.16666666666666666
srp_Rick.prow._AJ235273,ArchiveII,srp,FIRM,11,11,1.0
srp_Rick.prow._AJ235273,ArchiveII,srp,SOFT,21,22,0.9545454545454546
srp_Rick.prow._AJ235273,ArchiveII,srp,FLOPPY,3,195,0.015384615384615385
srp_Shew.balt._CP000753,ArchiveII,srp,FIRM,0,8,0.0
srp_Shew.balt._CP000753,ArchiveII,srp,SOFT,0,14,0.0
srp_Shew.balt._CP000753,ArchiveII,srp,FLOPPY,19,192,0.09895833333333333
srp_Shew.onei._AE014299,ArchiveII,srp,FIRM,15,29,0.5172413793103449
srp_Shew.onei._AE014299,ArchiveII,srp,SOFT,4,6,0.6666666666666666
srp_Shew.onei._AE014299,ArchiveII,srp,FLOPPY,2,41,0.04878048780487805
srp_Sola.tube._DR037645,ArchiveII,srp,FIRM,36,59,0.6101694915254238
srp_Sola.tube._DR037645,ArchiveII,srp,SOFT,4,17,0.23529411764705882
srp_Sola.tube._DR037645,ArchiveII,srp,FLOPPY,39,208,0.1875
srp_Sorg.bico._BE594178,ArchiveII,srp,FIRM,43,72,0.5972222222222222
srp_Sorg.bico._BE594178,ArchiveII,srp,SOFT,3,21,0.14285714285714285
srp_Sorg.bico._BE594178,ArchiveII,srp,FLOPPY,21,238,0.08823529411764706
srp_Stap.aure._AC025951,ArchiveII,srp,FIRM,16,18,0.8888888888888888
srp_Stap.aure._AC025951,ArchiveII,srp,SOFT,3,10,0.3
srp_Stap.aure._AC025951,ArchiveII,srp,FLOPPY,14,121,0.11570247933884298
srp_Stap.aure._CP000046,ArchiveII,srp,FIRM,16,18,0.8888888888888888
srp_Stap.aure._CP000046,ArchiveII,srp,SOFT,3,10,0.3
srp_Stap.aure._CP000046,ArchiveII,srp,FLOPPY,14,121,0.11570247933884298
srp_Stre.muta._AE014133,ArchiveII,srp,FIRM,14,20,0.7
srp_Stre.muta._AE014133,ArchiveII,srp,SOFT,2,4,0.5
srp_Stre.muta._AE014133,ArchiveII,srp,FLOPPY,6,41,0.14634146341463414
srp_Stre.pyog._AE004092,ArchiveII,srp,FIRM,9,13,0.6923076923076923
srp_Stre.pyog._AE004092,ArchiveII,srp,SOFT,8,9,0.8888888888888888
srp_Stre.pyog._AE004092,ArchiveII,srp,FLOPPY,1,79,0.012658227848101266
srp_Symb.ther._AP006840,ArchiveII,srp,FIRM,7,9,0.7777777777777778
srp_Symb.ther._AP006840,ArchiveII,srp,SOFT,10,16,0.625
srp_Symb.ther._AP006840,ArchiveII,srp,FLOPPY,7,233,0.030042918454935622
srp_Ther.ther._AE017221,ArchiveII,srp,FIRM,32,33,0.9696969696969697
srp_Ther.ther._AE017221,ArchiveII,srp,SOFT,2,3,0.6666666666666666
srp_Ther.ther._AE017221,ArchiveII,srp,FLOPPY,1,29,0.034482758620689655
srp_Urea.parv._AE002112,ArchiveII,srp,FIRM,31,32,0.96875
srp_Urea.parv._AE002112,ArchiveII,srp,SOFT,2,3,0.6666666666666666
srp_Urea.parv._AE002112,ArchiveII,srp,FLOPPY,1,29,0.034482758620689655
srp_Xyle.fast._AE003849,ArchiveII,srp,FIRM,29,31,0.9354838709677419
srp_Xyle.fast._AE003849,ArchiveII,srp,SOFT,5,5,1.0
srp_Xyle.fast._AE003849,ArchiveII,srp,FLOPPY,0,61,0.0
srp_Yers.pest._CP000308,ArchiveII,srp,FIRM,27,37,0.7297297297297297
srp_Yers.pest._CP000308,ArchiveII,srp,SOFT,1,4,0.25
srp_Yers.pest._CP000308,ArchiveII,srp,FLOPPY,10,35,0.2857142857142857
srp_Yers.pest._CP000668,ArchiveII,srp,FIRM,27,37,0.7297297297297297
srp_Yers.pest._CP000668,ArchiveII,srp,SOFT,1,4,0.25
srp_Yers.pest._CP000668,ArchiveII,srp,FLOPPY,10,35,0.2857142857142857
srp_Zea.mays._CF602412,ArchiveII,srp,FIRM,44,55,0.8
srp_Zea.mays._CF602412,ArchiveII,srp,SOFT,19,27,0.7037037037037037
srp_Zea.mays._CF602412,ArchiveII,srp,FLOPPY,28,452,0.061946902654867256
srp_Zymo.mobi._AE008692,ArchiveII,srp,FIRM,7,20,0.35
srp_Zymo.mobi._AE008692,ArchiveII,srp,SOFT,0,10,0.0
srp_Zymo.mobi._AE008692,ArchiveII,srp,FLOPPY,20,155,0.12903225806451613
tRNA_tdbR00000004-Haloferax_volcanii-2246-Ala-UGC,ArchiveII,tRNA,FIRM,11,12,0.9166666666666666
tRNA_tdbR00000004-Haloferax_volcanii-2246-Ala-UGC,ArchiveII,tRNA,SOFT,10,11,0.9090909090909091
tRNA_tdbR00000004-Haloferax_volcanii-2246-Ala-UGC,ArchiveII,tRNA,FLOPPY,0,72,0.0
tRNA_tdbR00000019-Mycoplasma_capricolum-2095-Cys-GCA,ArchiveII,tRNA,FIRM,14,18,0.7777777777777778
tRNA_tdbR00000019-Mycoplasma_capricolum-2095-Cys-GCA,ArchiveII,tRNA,SOFT,2,7,0.2857142857142857
tRNA_tdbR00000019-Mycoplasma_capricolum-2095-Cys-GCA,ArchiveII,tRNA,FLOPPY,3,40,0.075
tRNA_tdbR00000061-Mus_musculus-10090-Glu-CUC,ArchiveII,tRNA,FIRM,7,7,1.0
tRNA_tdbR00000061-Mus_musculus-10090-Glu-CUC,ArchiveII,tRNA,SOFT,3,3,1.0
tRNA_tdbR00000061-Mus_musculus-10090-Glu-CUC,ArchiveII,tRNA,FLOPPY,11,184,0.059782608695652176
tRNA_tdbR00000078-Ascaris_suum-6253-Phe-GAA,ArchiveII,tRNA,FIRM,0,0,
tRNA_tdbR00000078-Ascaris_suum-6253-Phe-GAA,ArchiveII,tRNA,SOFT,5,9,0.5555555555555556
tRNA_tdbR00000078-Ascaris_suum-6253-Phe-GAA,ArchiveII,tRNA,FLOPPY,9,248,0.036290322580645164
tRNA_tdbR00000080-Bos_taurus-9913-Phe-GAA,ArchiveII,tRNA,FIRM,13,13,1.0
tRNA_tdbR00000080-Bos_taurus-9913-Phe-GAA,ArchiveII,tRNA,SOFT,6,6,1.0
tRNA_tdbR00000080-Bos_taurus-9913-Phe-GAA,ArchiveII,tRNA,FLOPPY,0,64,0.0
tRNA_tdbR00000092-Oryctolagus_cuniculus-9986-Phe-AA,ArchiveII,tRNA,FIRM,6,6,1.0
tRNA_tdbR00000092-Oryctolagus_cuniculus-9986-Phe-AA,ArchiveII,tRNA,SOFT,1,8,0.125
tRNA_tdbR00000092-Oryctolagus_cuniculus-9986-Phe-AA,ArchiveII,tRNA,FLOPPY,14,156,0.08974358974358974
tRNA_tdbR00000141-Salmonella_typhimurium-602-His-QUG,ArchiveII,tRNA,FIRM,20,21,0.9523809523809523
tRNA_tdbR00000141-Salmonella_typhimurium-602-His-QUG,ArchiveII,tRNA,SOFT,1,1,1.0
tRNA_tdbR00000141-Salmonella_typhimurium-602-His-QUG,ArchiveII,tRNA,FLOPPY,0,75,0.0
tRNA_tdbR00000149-Homo_sapiens-9606-His-GUG,ArchiveII,tRNA,FIRM,10,10,1.0
tRNA_tdbR00000149-Homo_sapiens-9606-His-GUG,ArchiveII,tRNA,SOFT,2,2,1.0
tRNA_tdbR00000149-Homo_sapiens-9606-His-GUG,ArchiveII,tRNA,FLOPPY,9,136,0.0661764705882353
tRNA_tdbR00000162-Spinacia_oleracea-3562-Ile-GAU,ArchiveII,tRNA,FIRM,14,14,1.0
tRNA_tdbR00000162-Spinacia_oleracea-3562-Ile-GAU,ArchiveII,tRNA,SOFT,6,8,0.75
tRNA_tdbR00000162-Spinacia_oleracea-3562-Ile-GAU,ArchiveII,tRNA,FLOPPY,1,72,0.013888888888888888
tRNA_tdbR00000202-Drosophila_melanogaster-7227-Lys-UU,ArchiveII,tRNA,FIRM,7,16,0.4375
tRNA_tdbR00000202-Drosophila_melanogaster-7227-Lys-UU,ArchiveII,tRNA,SOFT,7,9,0.7777777777777778
tRNA_tdbR00000202-Drosophila_melanogaster-7227-Lys-UU,ArchiveII,tRNA,FLOPPY,2,61,0.03278688524590164
tRNA_tdbR00000204-Loligo_bleekeri-6617-Lys-CUU,ArchiveII,tRNA,FIRM,15,16,0.9375
tRNA_tdbR00000204-Loligo_bleekeri-6617-Lys-CUU,ArchiveII,tRNA,SOFT,0,8,0.0
tRNA_tdbR00000204-Loligo_bleekeri-6617-Lys-CUU,ArchiveII,tRNA,FLOPPY,6,78,0.07692307692307693
tRNA_tdbR00000232-Phaseolus_vulgaris-3885-Leu-NAA,ArchiveII,tRNA,FIRM,9,9,1.0
tRNA_tdbR00000232-Phaseolus_vulgaris-3885-Leu-NAA,ArchiveII,tRNA,SOFT,10,11,0.9090909090909091
tRNA_tdbR00000232-Phaseolus_vulgaris-3885-Leu-NAA,ArchiveII,tRNA,FLOPPY,1,146,0.00684931506849315
tRNA_tdbR00000255-Candida_cylindracea-44322-Leu-IAG,ArchiveII,tRNA,FIRM,9,9,1.0
tRNA_tdbR00000255-Candida_cylindracea-44322-Leu-IAG,ArchiveII,tRNA,SOFT,9,17,0.5294117647058824
tRNA_tdbR00000255-Candida_cylindracea-44322-Leu-IAG,ArchiveII,tRNA,FLOPPY,3,194,0.015463917525773196
tRNA_tdbR00000264-Caenorhabditis_elegans-6239-Leu-IAG,ArchiveII,tRNA,FIRM,12,17,0.7058823529411765
tRNA_tdbR00000264-Caenorhabditis_elegans-6239-Leu-IAG,ArchiveII,tRNA,SOFT,0,9,0.0
tRNA_tdbR00000264-Caenorhabditis_elegans-6239-Leu-IAG,ArchiveII,tRNA,FLOPPY,9,156,0.057692307692307696
tRNA_tdbR00000280-Saccharomyces_cerevisiae-4932-Met-CAU,ArchiveII,tRNA,FIRM,7,16,0.4375
tRNA_tdbR00000280-Saccharomyces_cerevisiae-4932-Met-CAU,ArchiveII,tRNA,SOFT,0,4,0.0
tRNA_tdbR00000280-Saccharomyces_cerevisiae-4932-Met-CAU,ArchiveII,tRNA,FLOPPY,14,91,0.15384615384615385
tRNA_tdbR00000288-Mus_musculus-10090-Met-BAU,ArchiveII,tRNA,FIRM,11,11,1.0
tRNA_tdbR00000288-Mus_musculus-10090-Met-BAU,ArchiveII,tRNA,SOFT,4,7,0.5714285714285714
tRNA_tdbR00000288-Mus_musculus-10090-Met-BAU,ArchiveII,tRNA,FLOPPY,5,67,0.07462686567164178
tRNA_tdbR00000309-Enterobacteria_phage_T4-10665-Pro-NGG,ArchiveII,tRNA,FIRM,16,17,0.9411764705882353
tRNA_tdbR00000309-Enterobacteria_phage_T4-10665-Pro-NGG,ArchiveII,tRNA,SOFT,5,6,0.8333333333333334
tRNA_tdbR00000309-Enterobacteria_phage_T4-10665-Pro-NGG,ArchiveII,tRNA,FLOPPY,0,66,0.0
tRNA_tdbR00000330-Haloferax_volcanii-2246-Gln-MUG,ArchiveII,tRNA,FIRM,13,20,0.65
tRNA_tdbR00000330-Haloferax_volcanii-2246-Gln-MUG,ArchiveII,tRNA,SOFT,0,5,0.0
tRNA_tdbR00000330-Haloferax_volcanii-2246-Gln-MUG,ArchiveII,tRNA,FLOPPY,5,52,0.09615384615384616
tRNA_tdbR00000343-Mus_musculus-10090-Gln-CUG,ArchiveII,tRNA,FIRM,7,7,1.0
tRNA_tdbR00000343-Mus_musculus-10090-Gln-CUG,ArchiveII,tRNA,SOFT,4,6,0.6666666666666666
tRNA_tdbR00000343-Mus_musculus-10090-Gln-CUG,ArchiveII,tRNA,FLOPPY,10,94,0.10638297872340426
tRNA_tdbR00000362-Saccharomyces_cerevisiae-4932-Arg-NCU,ArchiveII,tRNA,FIRM,11,11,1.0
tRNA_tdbR00000362-Saccharomyces_cerevisiae-4932-Arg-NCU,ArchiveII,tRNA,SOFT,0,1,0.0
tRNA_tdbR00000362-Saccharomyces_cerevisiae-4932-Arg-NCU,ArchiveII,tRNA,FLOPPY,10,135,0.07407407407407407
tRNA_tdbR00000382-Haloferax_volcanii-2246-Ser-MGA,ArchiveII,tRNA,FIRM,17,22,0.7727272727272727
tRNA_tdbR00000382-Haloferax_volcanii-2246-Ser-MGA,ArchiveII,tRNA,SOFT,5,8,0.625
tRNA_tdbR00000382-Haloferax_volcanii-2246-Ser-MGA,ArchiveII,tRNA,FLOPPY,0,54,0.0
tRNA_tdbR00000383-Haloferax_volcanii-2246-Ser-GGA,ArchiveII,tRNA,FIRM,12,15,0.8
tRNA_tdbR00000383-Haloferax_volcanii-2246-Ser-GGA,ArchiveII,tRNA,SOFT,9,10,0.9
tRNA_tdbR00000383-Haloferax_volcanii-2246-Ser-GGA,ArchiveII,tRNA,FLOPPY,0,118,0.0
tRNA_tdbR00000406-Saccharomyces_cerevisiae-4932-Ser-NGA,ArchiveII,tRNA,FIRM,0,4,0.0
tRNA_tdbR00000406-Saccharomyces_cerevisiae-4932-Ser-NGA,ArchiveII,tRNA,SOFT,0,8,0.0
tRNA_tdbR00000406-Saccharomyces_cerevisiae-4932-Ser-NGA,ArchiveII,tRNA,FLOPPY,20,185,0.10810810810810811
tRNA_tdbR00000418-Nicotiana_rustica-4093-Ser-IGA,ArchiveII,tRNA,FIRM,11,22,0.5
tRNA_tdbR00000418-Nicotiana_rustica-4093-Ser-IGA,ArchiveII,tRNA,SOFT,3,4,0.75
tRNA_tdbR00000418-Nicotiana_rustica-4093-Ser-IGA,ArchiveII,tRNA,FLOPPY,8,39,0.20512820512820512
tRNA_tdbR00000490-Saccharomyces_cerevisiae-4932-Trp-CA,ArchiveII,tRNA,FIRM,9,10,0.9
tRNA_tdbR00000490-Saccharomyces_cerevisiae-4932-Trp-CA,ArchiveII,tRNA,SOFT,7,8,0.875
tRNA_tdbR00000490-Saccharomyces_cerevisiae-4932-Trp-CA,ArchiveII,tRNA,FLOPPY,5,136,0.03676470588235294
tRNA_tdbR00000548-Scenedesmus_obliquus-3088-Tyr-GUA,ArchiveII,tRNA,FIRM,11,24,0.4583333333333333
tRNA_tdbR00000548-Scenedesmus_obliquus-3088-Tyr-GUA,ArchiveII,tRNA,SOFT,2,8,0.25
tRNA_tdbR00000548-Scenedesmus_obliquus-3088-Tyr-GUA,ArchiveII,tRNA,FLOPPY,5,31,0.16129032258064516
tRNA_tdbR00000551-Saccharomyces_cerevisiae-4932-Tyr-GUA,ArchiveII,tRNA,FIRM,6,9,0.6666666666666666
tRNA_tdbR00000551-Saccharomyces_cerevisiae-4932-Tyr-GUA,ArchiveII,tRNA,SOFT,1,12,0.08333333333333333
tRNA_tdbR00000551-Saccharomyces_cerevisiae-4932-Tyr-GUA,ArchiveII,tRNA,FLOPPY,15,154,0.09740259740259741
tRNA_tdbR00000558-Triticum_aestivum-4565-Tyr-QPA,ArchiveII,tRNA,FIRM,4,4,1.0
tRNA_tdbR00000558-Triticum_aestivum-4565-Tyr-QPA,ArchiveII,tRNA,SOFT,5,13,0.38461538461538464
tRNA_tdbR00000558-Triticum_aestivum-4565-Tyr-QPA,ArchiveII,tRNA,FLOPPY,12,156,0.07692307692307693
tRNA_tdbR00000572-Leishmania_tarentolae-5689-Lys-1UU,ArchiveII,tRNA,FIRM,5,5,1.0
tRNA_tdbR00000572-Leishmania_tarentolae-5689-Lys-1UU,ArchiveII,tRNA,SOFT,11,13,0.8461538461538461
tRNA_tdbR00000572-Leishmania_tarentolae-5689-Lys-1UU,ArchiveII,tRNA,FLOPPY,4,122,0.03278688524590164
telomerase_AF221913.109-520,ArchiveII,telomerase,FIRM,35,56,0.625
telomerase_AF221913.109-520,ArchiveII,telomerase,SOFT,9,53,0.16981132075471697
telomerase_AF221913.109-520,ArchiveII,telomerase,FLOPPY,36,721,0.049930651872399444
tmRNA_Acti.acti._TRW-272556_1-366,ArchiveII,tmRNA,FIRM,24,64,0.375
tmRNA_Acti.acti._TRW-272556_1-366,ArchiveII,tmRNA,SOFT,1,35,0.02857142857142857
tmRNA_Acti.acti._TRW-272556_1-366,ArchiveII,tmRNA,FLOPPY,25,644,0.03881987577639751
tmRNA_Baci.cere._TRW-226900_1-355,ArchiveII,tmRNA,FIRM,26,43,0.6046511627906976
tmRNA_Baci.cere._TRW-226900_1-355,ArchiveII,tmRNA,SOFT,3,48,0.0625
tmRNA_Baci.cere._TRW-226900_1-355,ArchiveII,tmRNA,FLOPPY,34,755,0.045033112582781455
tmRNA_Burk.xeno._CP000270_1-370,ArchiveII,tmRNA,FIRM,20,30,0.6666666666666666
tmRNA_Burk.xeno._CP000270_1-370,ArchiveII,tmRNA,SOFT,10,63,0.15873015873015872
tmRNA_Burk.xeno._CP000270_1-370,ArchiveII,tmRNA,FLOPPY,21,771,0.027237354085603113
tmRNA_Chla.trac._TRW-272561_1-420,ArchiveII,tmRNA,FIRM,23,43,0.5348837209302325
tmRNA_Chla.trac._TRW-272561_1-420,ArchiveII,tmRNA,SOFT,41,78,0.5256410256410257
tmRNA_Chla.trac._TRW-272561_1-420,ArchiveII,tmRNA,FLOPPY,23,965,0.02383419689119171
tmRNA_Cyan.para._U30821_1-291,ArchiveII,tmRNA,FIRM,28,46,0.6086956521739131
tmRNA_Cyan.para._U30821_1-291,ArchiveII,tmRNA,SOFT,2,16,0.125
tmRNA_Cyan.para._U30821_1-291,ArchiveII,tmRNA,FLOPPY,8,791,0.010113780025284451
tmRNA_Esch.coli._BA000007_1-363,ArchiveII,tmRNA,FIRM,47,64,0.734375
tmRNA_Esch.coli._BA000007_1-363,ArchiveII,tmRNA,SOFT,0,24,0.0
tmRNA_Esch.coli._BA000007_1-363,ArchiveII,tmRNA,FLOPPY,18,617,0.029173419773095625
tmRNA_Esch.coli._CP000247_1-363,ArchiveII,tmRNA,FIRM,47,63,0.746031746031746
tmRNA_Esch.coli._CP000247_1-363,ArchiveII,tmRNA,SOFT,0,26,0.0
tmRNA_Esch.coli._CP000247_1-363,ArchiveII,tmRNA,FLOPPY,15,573,0.02617801047120419
tmRNA_Esch.coli._D12501_1-363,ArchiveII,tmRNA,FIRM,47,63,0.746031746031746
tmRNA_Esch.coli._D12501_1-363,ArchiveII,tmRNA,SOFT,0,26,0.0
tmRNA_Esch.coli._D12501_1-363,ArchiveII,tmRNA,FLOPPY,15,573,0.02617801047120419
tmRNA_Geob.stea._TRW-1422_1-352,ArchiveII,tmRNA,FIRM,42,43,0.9767441860465116
tmRNA_Geob.stea._TRW-1422_1-352,ArchiveII,tmRNA,SOFT,2,27,0.07407407407407407
tmRNA_Geob.stea._TRW-1422_1-352,ArchiveII,tmRNA,FLOPPY,29,549,0.052823315118397086
tmRNA_Haem.infl._U32808_1-366,ArchiveII,tmRNA,FIRM,12,16,0.75
tmRNA_Haem.infl._U32808_1-366,ArchiveII,tmRNA,SOFT,4,47,0.0851063829787234
tmRNA_Haem.infl._U32808_1-366,ArchiveII,tmRNA,FLOPPY,55,1458,0.03772290809327846
tmRNA_Lept.inte._AE016823_1-350,ArchiveII,tmRNA,FIRM,32,33,0.9696969696969697
tmRNA_Lept.inte._AE016823_1-350,ArchiveII,tmRNA,SOFT,15,32,0.46875
tmRNA_Lept.inte._AE016823_1-350,ArchiveII,tmRNA,FLOPPY,30,948,0.03164556962025317
tmRNA_Myco.geni._TRW-243273_1-388,ArchiveII,tmRNA,FIRM,29,41,0.7073170731707317
tmRNA_Myco.geni._TRW-243273_1-388,ArchiveII,tmRNA,SOFT,17,38,0.4473684210526316
tmRNA_Myco.geni._TRW-243273_1-388,ArchiveII,tmRNA,FLOPPY,27,999,0.02702702702702703
tmRNA_Myco.geni._U39713_1-385,ArchiveII,tmRNA,FIRM,29,51,0.5686274509803921
tmRNA_Myco.geni._U39713_1-385,ArchiveII,tmRNA,SOFT,24,35,0.6857142857142857
tmRNA_Myco.geni._U39713_1-385,ArchiveII,tmRNA,FLOPPY,20,991,0.020181634712411706
tmRNA_Myco.hyop._TRW-295358_1-424,ArchiveII,tmRNA,FIRM,11,57,0.19298245614035087
tmRNA_Myco.hyop._TRW-295358_1-424,ArchiveII,tmRNA,SOFT,1,32,0.03125
tmRNA_Myco.hyop._TRW-295358_1-424,ArchiveII,tmRNA,FLOPPY,27,1120,0.024107142857142858
tmRNA_Nost.spec._BA000019_1-390,ArchiveII,tmRNA,FIRM,17,32,0.53125
tmRNA_Nost.spec._BA000019_1-390,ArchiveII,tmRNA,SOFT,5,38,0.13157894736842105
tmRNA_Nost.spec._BA000019_1-390,ArchiveII,tmRNA,FLOPPY,39,1260,0.030952380952380953
tmRNA_Prop.acne._TRW-1747-3_1-353,ArchiveII,tmRNA,FIRM,9,14,0.6428571428571429
tmRNA_Prop.acne._TRW-1747-3_1-353,ArchiveII,tmRNA,SOFT,0,35,0.0
tmRNA_Prop.acne._TRW-1747-3_1-353,ArchiveII,tmRNA,FLOPPY,23,1419,0.01620859760394644
tmRNA_Stap.aure._BA000033_1-362,ArchiveII,tmRNA,FIRM,39,60,0.65
tmRNA_Stap.aure._BA000033_1-362,ArchiveII,tmRNA,SOFT,1,29,0.034482758620689655
tmRNA_Stap.aure._BA000033_1-362,ArchiveII,tmRNA,FLOPPY,35,741,0.04723346828609987
tmRNA_Stap.epid._TRW-1282-1_1-361,ArchiveII,tmRNA,FIRM,33,72,0.4583333333333333
tmRNA_Stap.epid._TRW-1282-1_1-361,ArchiveII,tmRNA,SOFT,10,26,0.38461538461538464
tmRNA_Stap.epid._TRW-1282-1_1-361,ArchiveII,tmRNA,FLOPPY,28,514,0.054474708171206226
tmRNA_Syne.spec._TRW-1131_1-399,ArchiveII,tmRNA,FIRM,11,47,0.23404255319148937
tmRNA_Syne.spec._TRW-1131_1-399,ArchiveII,tmRNA,SOFT,0,61,0.0
tmRNA_Syne.spec._TRW-1131_1-399,ArchiveII,tmRNA,FLOPPY,38,1102,0.034482758620689655
tmRNA_Ther.teng._AE013063_1-351,ArchiveII,tmRNA,FIRM,40,61,0.6557377049180327
tmRNA_Ther.teng._AE013063_1-351,ArchiveII,tmRNA,SOFT,16,45,0.35555555555555557
tmRNA_Ther.teng._AE013063_1-351,ArchiveII,tmRNA,FLOPPY,12,383,0.031331592689295036
tmRNA_envi.sequ._TRW-300695-2_1-345,ArchiveII,tmRNA,FIRM,21,53,0.39622641509433965
tmRNA_envi.sequ._TRW-300695-2_1-345,ArchiveII,tmRNA,SOFT,11,35,0.3142857142857143
tmRNA_envi.sequ._TRW-300695-2_1-345,ArchiveII,tmRNA,FLOPPY,23,548,0.041970802919708027
bpRNA_CRW_15828,bpRNA_TS0,unknown,FIRM,8,27,0.2962962962962963
bpRNA_CRW_15828,bpRNA_TS0,unknown,SOFT,0,6,0.0
bpRNA_CRW_15828,bpRNA_TS0,unknown,FLOPPY,23,141,0.16312056737588654
bpRNA_CRW_16282,bpRNA_TS0,unknown,FIRM,15,16,0.9375
bpRNA_CRW_16282,bpRNA_TS0,unknown,SOFT,14,19,0.7368421052631579
bpRNA_CRW_16282,bpRNA_TS0,unknown,FLOPPY,5,117,0.042735042735042736
bpRNA_CRW_20109,bpRNA_TS0,unknown,FIRM,18,19,0.9473684210526315
bpRNA_CRW_20109,bpRNA_TS0,unknown,SOFT,1,5,0.2
bpRNA_CRW_20109,bpRNA_TS0,unknown,FLOPPY,16,189,0.08465608465608465
bpRNA_CRW_20581,bpRNA_TS0,unknown,FIRM,36,66,0.5454545454545454
bpRNA_CRW_20581,bpRNA_TS0,unknown,SOFT,5,31,0.16129032258064516
bpRNA_CRW_20581,bpRNA_TS0,unknown,FLOPPY,16,675,0.023703703703703703
bpRNA_CRW_26859,bpRNA_TS0,unknown,FIRM,10,10,1.0
bpRNA_CRW_26859,bpRNA_TS0,unknown,SOFT,7,7,1.0
bpRNA_CRW_26859,bpRNA_TS0,unknown,FLOPPY,4,144,0.027777777777777776
bpRNA_CRW_29631,bpRNA_TS0,unknown,FIRM,15,16,0.9375
bpRNA_CRW_29631,bpRNA_TS0,unknown,SOFT,0,5,0.0
bpRNA_CRW_29631,bpRNA_TS0,unknown,FLOPPY,5,50,0.1
bpRNA_CRW_30722,bpRNA_TS0,unknown,FIRM,10,12,0.8333333333333334
bpRNA_CRW_30722,bpRNA_TS0,unknown,SOFT,7,11,0.6363636363636364
bpRNA_CRW_30722,bpRNA_TS0,unknown,FLOPPY,3,38,0.07894736842105263
bpRNA_CRW_31722,bpRNA_TS0,unknown,FIRM,0,12,0.0
bpRNA_CRW_31722,bpRNA_TS0,unknown,SOFT,0,5,0.0
bpRNA_CRW_31722,bpRNA_TS0,unknown,FLOPPY,3,113,0.02654867256637168
bpRNA_CRW_33861,bpRNA_TS0,unknown,FIRM,8,8,1.0
bpRNA_CRW_33861,bpRNA_TS0,unknown,SOFT,8,13,0.6153846153846154
bpRNA_CRW_33861,bpRNA_TS0,unknown,FLOPPY,1,128,0.0078125
bpRNA_CRW_41231,bpRNA_TS0,unknown,FIRM,12,12,1.0
bpRNA_CRW_41231,bpRNA_TS0,unknown,SOFT,4,6,0.6666666666666666
bpRNA_CRW_41231,bpRNA_TS0,unknown,FLOPPY,5,100,0.05
bpRNA_CRW_42293,bpRNA_TS0,unknown,FIRM,16,16,1.0
bpRNA_CRW_42293,bpRNA_TS0,unknown,SOFT,3,3,1.0
bpRNA_CRW_42293,bpRNA_TS0,unknown,FLOPPY,2,89,0.02247191011235955
bpRNA_CRW_42692,bpRNA_TS0,unknown,FIRM,4,4,1.0
bpRNA_CRW_42692,bpRNA_TS0,unknown,SOFT,11,16,0.6875
bpRNA_CRW_42692,bpRNA_TS0,unknown,FLOPPY,6,172,0.03488372093023256
bpRNA_CRW_54567,bpRNA_TS0,unknown,FIRM,65,71,0.9154929577464789
bpRNA_CRW_54567,bpRNA_TS0,unknown,SOFT,7,52,0.1346153846153846
bpRNA_CRW_54567,bpRNA_TS0,unknown,FLOPPY,46,413,0.11138014527845036
bpRNA_CRW_54646,bpRNA_TS0,unknown,FIRM,52,65,0.8
bpRNA_CRW_54646,bpRNA_TS0,unknown,SOFT,26,33,0.7878787878787878
bpRNA_CRW_54646,bpRNA_TS0,unknown,FLOPPY,13,746,0.01742627345844504
bpRNA_CRW_55438,bpRNA_TS0,unknown,FIRM,37,43,0.8604651162790697
bpRNA_CRW_55438,bpRNA_TS0,unknown,SOFT,2,3,0.6666666666666666
bpRNA_CRW_55438,bpRNA_TS0,unknown,FLOPPY,2,15,0.13333333333333333
bpRNA_RFAM_10560,bpRNA_TS0,unknown,FIRM,6,27,0.2222222222222222
bpRNA_RFAM_10560,bpRNA_TS0,unknown,SOFT,1,36,0.027777777777777776
bpRNA_RFAM_10560,bpRNA_TS0,unknown,FLOPPY,20,781,0.02560819462227913
bpRNA_RFAM_10644,bpRNA_TS0,unknown,FIRM,5,6,0.8333333333333334
bpRNA_RFAM_10644,bpRNA_TS0,unknown,SOFT,0,8,0.0
bpRNA_RFAM_10644,bpRNA_TS0,unknown,FLOPPY,13,175,0.07428571428571429
bpRNA_RFAM_1072,bpRNA_TS0,unknown,FIRM,28,49,0.5714285714285714
bpRNA_RFAM_1072,bpRNA_TS0,unknown,SOFT,1,10,0.1
bpRNA_RFAM_1072,bpRNA_TS0,unknown,FLOPPY,10,101,0.09900990099009901
bpRNA_RFAM_11103,bpRNA_TS0,unknown,FIRM,18,27,0.6666666666666666
bpRNA_RFAM_11103,bpRNA_TS0,unknown,SOFT,0,1,0.0
bpRNA_RFAM_11103,bpRNA_TS0,unknown,FLOPPY,4,15,0.26666666666666666
bpRNA_RFAM_11176,bpRNA_TS0,unknown,FIRM,21,24,0.875
bpRNA_RFAM_11176,bpRNA_TS0,unknown,SOFT,4,8,0.5
bpRNA_RFAM_11176,bpRNA_TS0,unknown,FLOPPY,0,22,0.0
bpRNA_RFAM_11557,bpRNA_TS0,unknown,FIRM,0,0,
bpRNA_RFAM_11557,bpRNA_TS0,unknown,SOFT,0,4,0.0
bpRNA_RFAM_11557,bpRNA_TS0,unknown,FLOPPY,3,310,0.00967741935483871
bpRNA_RFAM_1170,bpRNA_TS0,unknown,FIRM,6,21,0.2857142857142857
bpRNA_RFAM_1170,bpRNA_TS0,unknown,SOFT,4,6,0.6666666666666666
bpRNA_RFAM_1170,bpRNA_TS0,unknown,FLOPPY,1,34,0.029411764705882353
bpRNA_RFAM_11766,bpRNA_TS0,unknown,FIRM,2,13,0.15384615384615385
bpRNA_RFAM_11766,bpRNA_TS0,unknown,SOFT,0,17,0.0
bpRNA_RFAM_11766,bpRNA_TS0,unknown,FLOPPY,0,191,0.0
bpRNA_RFAM_1177,bpRNA_TS0,unknown,FIRM,5,15,0.3333333333333333
bpRNA_RFAM_1177,bpRNA_TS0,unknown,SOFT,6,9,0.6666666666666666
bpRNA_RFAM_1177,bpRNA_TS0,unknown,FLOPPY,9,78,0.11538461538461539
bpRNA_RFAM_11843,bpRNA_TS0,unknown,FIRM,5,29,0.1724137931034483
bpRNA_RFAM_11843,bpRNA_TS0,unknown,SOFT,0,4,0.0
bpRNA_RFAM_11843,bpRNA_TS0,unknown,FLOPPY,0,46,0.0
bpRNA_RFAM_11948,bpRNA_TS0,unknown,FIRM,0,20,0.0
bpRNA_RFAM_11948,bpRNA_TS0,unknown,SOFT,0,15,0.0
bpRNA_RFAM_11948,bpRNA_TS0,unknown,FLOPPY,1,152,0.006578947368421052
bpRNA_RFAM_12780,bpRNA_TS0,unknown,FIRM,6,20,0.3
bpRNA_RFAM_12780,bpRNA_TS0,unknown,SOFT,1,15,0.06666666666666667
bpRNA_RFAM_12780,bpRNA_TS0,unknown,FLOPPY,17,262,0.0648854961832061
bpRNA_RFAM_12784,bpRNA_TS0,unknown,FIRM,4,5,0.8
bpRNA_RFAM_12784,bpRNA_TS0,unknown,SOFT,0,21,0.0
bpRNA_RFAM_12784,bpRNA_TS0,unknown,FLOPPY,22,343,0.0641399416909621
bpRNA_RFAM_12995,bpRNA_TS0,unknown,FIRM,19,40,0.475
bpRNA_RFAM_12995,bpRNA_TS0,unknown,SOFT,2,15,0.13333333333333333
bpRNA_RFAM_12995,bpRNA_TS0,unknown,FLOPPY,12,157,0.07643312101910828
bpRNA_RFAM_13033,bpRNA_TS0,unknown,FIRM,9,10,0.9
bpRNA_RFAM_13033,bpRNA_TS0,unknown,SOFT,19,34,0.5588235294117647
bpRNA_RFAM_13033,bpRNA_TS0,unknown,FLOPPY,14,318,0.0440251572327044
bpRNA_RFAM_1349,bpRNA_TS0,unknown,FIRM,8,9,0.8888888888888888
bpRNA_RFAM_1349,bpRNA_TS0,unknown,SOFT,7,8,0.875
bpRNA_RFAM_1349,bpRNA_TS0,unknown,FLOPPY,4,176,0.022727272727272728
bpRNA_RFAM_1364,bpRNA_TS0,unknown,FIRM,2,2,1.0
bpRNA_RFAM_1364,bpRNA_TS0,unknown,SOFT,3,3,1.0
bpRNA_RFAM_1364,bpRNA_TS0,unknown,FLOPPY,13,205,0.06341463414634146
bpRNA_RFAM_13647,bpRNA_TS0,unknown,FIRM,13,23,0.5652173913043478
bpRNA_RFAM_13647,bpRNA_TS0,unknown,SOFT,0,12,0.0
bpRNA_RFAM_13647,bpRNA_TS0,unknown,FLOPPY,0,128,0.0
bpRNA_RFAM_13722,bpRNA_TS0,unknown,FIRM,6,19,0.3157894736842105
bpRNA_RFAM_13722,bpRNA_TS0,unknown,SOFT,1,13,0.07692307692307693
bpRNA_RFAM_13722,bpRNA_TS0,unknown,FLOPPY,3,292,0.010273972602739725
bpRNA_RFAM_13841,bpRNA_TS0,unknown,FIRM,0,0,
bpRNA_RFAM_13841,bpRNA_TS0,unknown,SOFT,0,15,0.0
bpRNA_RFAM_13841,bpRNA_TS0,unknown,FLOPPY,22,446,0.04932735426008968
bpRNA_RFAM_141,bpRNA_TS0,unknown,FIRM,8,8,1.0
bpRNA_RFAM_141,bpRNA_TS0,unknown,SOFT,0,29,0.0
bpRNA_RFAM_141,bpRNA_TS0,unknown,FLOPPY,22,323,0.06811145510835913
bpRNA_RFAM_14208,bpRNA_TS0,unknown,FIRM,0,6,0.0
bpRNA_RFAM_14208,bpRNA_TS0,unknown,SOFT,3,17,0.17647058823529413
bpRNA_RFAM_14208,bpRNA_TS0,unknown,FLOPPY,9,234,0.038461538461538464
bpRNA_RFAM_14510,bpRNA_TS0,unknown,FIRM,14,25,0.56
bpRNA_RFAM_14510,bpRNA_TS0,unknown,SOFT,0,6,0.0
bpRNA_RFAM_14510,bpRNA_TS0,unknown,FLOPPY,2,25,0.08
bpRNA_RFAM_14719,bpRNA_TS0,unknown,FIRM,0,12,0.0
bpRNA_RFAM_14719,bpRNA_TS0,unknown,SOFT,0,6,0.0
bpRNA_RFAM_14719,bpRNA_TS0,unknown,FLOPPY,9,112,0.08035714285714286
bpRNA_RFAM_15065,bpRNA_TS0,unknown,FIRM,0,1,0.0
bpRNA_RFAM_15065,bpRNA_TS0,unknown,SOFT,0,20,0.0
bpRNA_RFAM_15065,bpRNA_TS0,unknown,FLOPPY,3,198,0.015151515151515152
bpRNA_RFAM_15087,bpRNA_TS0,unknown,FIRM,17,40,0.425
bpRNA_RFAM_15087,bpRNA_TS0,unknown,SOFT,5,29,0.1724137931034483
bpRNA_RFAM_15087,bpRNA_TS0,unknown,FLOPPY,12,410,0.02926829268292683
bpRNA_RFAM_15371,bpRNA_TS0,unknown,FIRM,0,17,0.0
bpRNA_RFAM_15371,bpRNA_TS0,unknown,SOFT,0,7,0.0
bpRNA_RFAM_15371,bpRNA_TS0,unknown,FLOPPY,3,290,0.010344827586206896
bpRNA_RFAM_15706,bpRNA_TS0,unknown,FIRM,7,22,0.3181818181818182
bpRNA_RFAM_15706,bpRNA_TS0,unknown,SOFT,0,8,0.0
bpRNA_RFAM_15706,bpRNA_TS0,unknown,FLOPPY,5,62,0.08064516129032258
bpRNA_RFAM_15943,bpRNA_TS0,unknown,FIRM,8,8,1.0
bpRNA_RFAM_15943,bpRNA_TS0,unknown,SOFT,1,4,0.25
bpRNA_RFAM_15943,bpRNA_TS0,unknown,FLOPPY,3,161,0.018633540372670808
bpRNA_RFAM_160,bpRNA_TS0,unknown,FIRM,0,12,0.0
bpRNA_RFAM_160,bpRNA_TS0,unknown,SOFT,4,26,0.15384615384615385
bpRNA_RFAM_160,bpRNA_TS0,unknown,FLOPPY,10,150,0.06666666666666667
bpRNA_RFAM_16197,bpRNA_TS0,unknown,FIRM,16,20,0.8
bpRNA_RFAM_16197,bpRNA_TS0,unknown,SOFT,6,39,0.15384615384615385
bpRNA_RFAM_16197,bpRNA_TS0,unknown,FLOPPY,12,375,0.032
bpRNA_RFAM_16599,bpRNA_TS0,unknown,FIRM,26,33,0.7878787878787878
bpRNA_RFAM_16599,bpRNA_TS0,unknown,SOFT,1,5,0.2
bpRNA_RFAM_16599,bpRNA_TS0,unknown,FLOPPY,9,84,0.10714285714285714
bpRNA_RFAM_16889,bpRNA_TS0,unknown,FIRM,13,13,1.0
bpRNA_RFAM_16889,bpRNA_TS0,unknown,SOFT,0,0,
bpRNA_RFAM_16889,bpRNA_TS0,unknown,FLOPPY,0,11,0.0
bpRNA_RFAM_16915,bpRNA_TS0,unknown,FIRM,0,26,0.0
bpRNA_RFAM_16915,bpRNA_TS0,unknown,SOFT,0,5,0.0
bpRNA_RFAM_16915,bpRNA_TS0,unknown,FLOPPY,10,208,0.04807692307692308
bpRNA_RFAM_1706,bpRNA_TS0,unknown,FIRM,11,19,0.5789473684210527
bpRNA_RFAM_1706,bpRNA_TS0,unknown,SOFT,0,8,0.0
bpRNA_RFAM_1706,bpRNA_TS0,unknown,FLOPPY,9,23,0.391304347826087
bpRNA_RFAM_18140,bpRNA_TS0,unknown,FIRM,21,26,0.8076923076923077
bpRNA_RFAM_18140,bpRNA_TS0,unknown,SOFT,8,24,0.3333333333333333
bpRNA_RFAM_18140,bpRNA_TS0,unknown,FLOPPY,1,241,0.004149377593360996
bpRNA_RFAM_18409,bpRNA_TS0,unknown,FIRM,15,20,0.75
bpRNA_RFAM_18409,bpRNA_TS0,unknown,SOFT,0,4,0.0
bpRNA_RFAM_18409,bpRNA_TS0,unknown,FLOPPY,2,13,0.15384615384615385
bpRNA_RFAM_18515,bpRNA_TS0,unknown,FIRM,19,57,0.3333333333333333
bpRNA_RFAM_18515,bpRNA_TS0,unknown,SOFT,0,13,0.0
bpRNA_RFAM_18515,bpRNA_TS0,unknown,FLOPPY,1,179,0.00558659217877095
bpRNA_RFAM_18619,bpRNA_TS0,unknown,FIRM,20,39,0.5128205128205128
bpRNA_RFAM_18619,bpRNA_TS0,unknown,SOFT,1,10,0.1
bpRNA_RFAM_18619,bpRNA_TS0,unknown,FLOPPY,1,56,0.017857142857142856
bpRNA_RFAM_1862,bpRNA_TS0,unknown,FIRM,5,5,1.0
bpRNA_RFAM_1862,bpRNA_TS0,unknown,SOFT,10,15,0.6666666666666666
bpRNA_RFAM_1862,bpRNA_TS0,unknown,FLOPPY,5,152,0.03289473684210526
bpRNA_RFAM_18679,bpRNA_TS0,unknown,FIRM,18,23,0.782608695652174
bpRNA_RFAM_18679,bpRNA_TS0,unknown,SOFT,1,7,0.14285714285714285
bpRNA_RFAM_18679,bpRNA_TS0,unknown,FLOPPY,1,30,0.03333333333333333
bpRNA_RFAM_18693,bpRNA_TS0,unknown,FIRM,10,23,0.43478260869565216
bpRNA_RFAM_18693,bpRNA_TS0,unknown,SOFT,0,7,0.0
bpRNA_RFAM_18693,bpRNA_TS0,unknown,FLOPPY,2,27,0.07407407407407407
bpRNA_RFAM_18698,bpRNA_TS0,unknown,FIRM,0,10,0.0
bpRNA_RFAM_18698,bpRNA_TS0,unknown,SOFT,0,10,0.0
bpRNA_RFAM_18698,bpRNA_TS0,unknown,FLOPPY,12,179,0.0670391061452514
bpRNA_RFAM_18802,bpRNA_TS0,unknown,FIRM,17,22,0.7727272727272727
bpRNA_RFAM_18802,bpRNA_TS0,unknown,SOFT,1,5,0.2
bpRNA_RFAM_18802,bpRNA_TS0,unknown,FLOPPY,0,27,0.0
bpRNA_RFAM_18946,bpRNA_TS0,unknown,FIRM,16,24,0.6666666666666666
bpRNA_RFAM_18946,bpRNA_TS0,unknown,SOFT,1,7,0.14285714285714285
bpRNA_RFAM_18946,bpRNA_TS0,unknown,FLOPPY,1,89,0.011235955056179775
bpRNA_RFAM_19252,bpRNA_TS0,unknown,FIRM,24,36,0.6666666666666666
bpRNA_RFAM_19252,bpRNA_TS0,unknown,SOFT,0,2,0.0
bpRNA_RFAM_19252,bpRNA_TS0,unknown,FLOPPY,0,23,0.0
bpRNA_RFAM_20013,bpRNA_TS0,unknown,FIRM,10,17,0.5882352941176471
bpRNA_RFAM_20013,bpRNA_TS0,unknown,SOFT,1,2,0.5
bpRNA_RFAM_20013,bpRNA_TS0,unknown,FLOPPY,0,23,0.0
bpRNA_RFAM_2008,bpRNA_TS0,unknown,FIRM,15,18,0.8333333333333334
bpRNA_RFAM_2008,bpRNA_TS0,unknown,SOFT,1,2,0.5
bpRNA_RFAM_2008,bpRNA_TS0,unknown,FLOPPY,3,38,0.07894736842105263
bpRNA_RFAM_20546,bpRNA_TS0,unknown,FIRM,9,23,0.391304347826087
bpRNA_RFAM_20546,bpRNA_TS0,unknown,SOFT,0,5,0.0
bpRNA_RFAM_20546,bpRNA_TS0,unknown,FLOPPY,4,35,0.11428571428571428
bpRNA_RFAM_20621,bpRNA_TS0,unknown,FIRM,19,21,0.9047619047619048
bpRNA_RFAM_20621,bpRNA_TS0,unknown,SOFT,0,0,
bpRNA_RFAM_20621,bpRNA_TS0,unknown,FLOPPY,0,30,0.0
bpRNA_RFAM_21157,bpRNA_TS0,unknown,FIRM,23,26,0.8846153846153846
bpRNA_RFAM_21157,bpRNA_TS0,unknown,SOFT,3,5,0.6
bpRNA_RFAM_21157,bpRNA_TS0,unknown,FLOPPY,1,32,0.03125
bpRNA_RFAM_21216,bpRNA_TS0,unknown,FIRM,26,29,0.896551724137931
bpRNA_RFAM_21216,bpRNA_TS0,unknown,SOFT,1,7,0.14285714285714285
bpRNA_RFAM_21216,bpRNA_TS0,unknown,FLOPPY,4,77,0.05194805194805195
bpRNA_RFAM_21238,bpRNA_TS0,unknown,FIRM,27,28,0.9642857142857143
bpRNA_RFAM_21238,bpRNA_TS0,unknown,SOFT,3,8,0.375
bpRNA_RFAM_21238,bpRNA_TS0,unknown,FLOPPY,0,69,0.0
bpRNA_RFAM_21276,bpRNA_TS0,unknown,FIRM,19,20,0.95
bpRNA_RFAM_21276,bpRNA_TS0,unknown,SOFT,5,5,1.0
bpRNA_RFAM_21276,bpRNA_TS0,unknown,FLOPPY,1,84,0.011904761904761904
bpRNA_RFAM_21323,bpRNA_TS0,unknown,FIRM,25,31,0.8064516129032258
bpRNA_RFAM_21323,bpRNA_TS0,unknown,SOFT,1,3,0.3333333333333333
bpRNA_RFAM_21323,bpRNA_TS0,unknown,FLOPPY,0,15,0.0
bpRNA_RFAM_21383,bpRNA_TS0,unknown,FIRM,22,26,0.8461538461538461
bpRNA_RFAM_21383,bpRNA_TS0,unknown,SOFT,1,7,0.14285714285714285
bpRNA_RFAM_21383,bpRNA_TS0,unknown,FLOPPY,5,50,0.1
bpRNA_RFAM_21540,bpRNA_TS0,unknown,FIRM,24,24,1.0
bpRNA_RFAM_21540,bpRNA_TS0,unknown,SOFT,2,4,0.5
bpRNA_RFAM_21540,bpRNA_TS0,unknown,FLOPPY,0,36,0.0
bpRNA_RFAM_21554,bpRNA_TS0,unknown,FIRM,27,29,0.9310344827586207
bpRNA_RFAM_21554,bpRNA_TS0,unknown,SOFT,3,3,1.0
bpRNA_RFAM_21554,bpRNA_TS0,unknown,FLOPPY,1,43,0.023255813953488372
bpRNA_RFAM_21587,bpRNA_TS0,unknown,FIRM,22,24,0.9166666666666666
bpRNA_RFAM_21587,bpRNA_TS0,unknown,SOFT,4,5,0.8
bpRNA_RFAM_21587,bpRNA_TS0,unknown,FLOPPY,0,30,0.0
bpRNA_RFAM_21697,bpRNA_TS0,unknown,FIRM,71,71,1.0
bpRNA_RFAM_21697,bpRNA_TS0,unknown,SOFT,3,7,0.42857142857142855
bpRNA_RFAM_21697,bpRNA_TS0,unknown,FLOPPY,1,17,0.058823529411764705
bpRNA_RFAM_21832,bpRNA_TS0,unknown,FIRM,37,54,0.6851851851851852
bpRNA_RFAM_21832,bpRNA_TS0,unknown,SOFT,1,2,0.5
bpRNA_RFAM_21832,bpRNA_TS0,unknown,FLOPPY,0,19,0.0
bpRNA_RFAM_22044,bpRNA_TS0,unknown,FIRM,26,29,0.896551724137931
bpRNA_RFAM_22044,bpRNA_TS0,unknown,SOFT,0,0,
bpRNA_RFAM_22044,bpRNA_TS0,unknown,FLOPPY,0,19,0.0
bpRNA_RFAM_22136,bpRNA_TS0,unknown,FIRM,31,31,1.0
bpRNA_RFAM_22136,bpRNA_TS0,unknown,SOFT,2,5,0.4
bpRNA_RFAM_22136,bpRNA_TS0,unknown,FLOPPY,2,14,0.14285714285714285
bpRNA_RFAM_22188,bpRNA_TS0,unknown,FIRM,11,11,1.0
bpRNA_RFAM_22188,bpRNA_TS0,unknown,SOFT,7,9,0.7777777777777778
bpRNA_RFAM_22188,bpRNA_TS0,unknown,FLOPPY,0,51,0.0
bpRNA_RFAM_2225,bpRNA_TS0,unknown,FIRM,12,14,0.8571428571428571
bpRNA_RFAM_2225,bpRNA_TS0,unknown,SOFT,2,2,1.0
bpRNA_RFAM_2225,bpRNA_TS0,unknown,FLOPPY,0,24,0.0
bpRNA_RFAM_22343,bpRNA_TS0,unknown,FIRM,25,26,0.9615384615384616
bpRNA_RFAM_22343,bpRNA_TS0,unknown,SOFT,2,3,0.6666666666666666
bpRNA_RFAM_22343,bpRNA_TS0,unknown,FLOPPY,3,55,0.05454545454545454
bpRNA_RFAM_22684,bpRNA_TS0,unknown,FIRM,6,13,0.46153846153846156
bpRNA_RFAM_22684,bpRNA_TS0,unknown,SOFT,0,5,0.0
bpRNA_RFAM_22684,bpRNA_TS0,unknown,FLOPPY,4,49,0.08163265306122448
bpRNA_RFAM_22746,bpRNA_TS0,unknown,FIRM,6,11,0.5454545454545454
bpRNA_RFAM_22746,bpRNA_TS0,unknown,SOFT,2,15,0.13333333333333333
bpRNA_RFAM_22746,bpRNA_TS0,unknown,FLOPPY,11,289,0.03806228373702422
bpRNA_RFAM_22913,bpRNA_TS0,unknown,FIRM,30,38,0.7894736842105263
bpRNA_RFAM_22913,bpRNA_TS0,unknown,SOFT,2,10,0.2
bpRNA_RFAM_22913,bpRNA_TS0,unknown,FLOPPY,7,100,0.07
bpRNA_RFAM_22967,bpRNA_TS0,unknown,FIRM,22,23,0.9565217391304348
bpRNA_RFAM_22967,bpRNA_TS0,unknown,SOFT,4,7,0.5714285714285714
bpRNA_RFAM_22967,bpRNA_TS0,unknown,FLOPPY,2,208,0.009615384615384616
bpRNA_RFAM_2306,bpRNA_TS0,unknown,FIRM,13,16,0.8125
bpRNA_RFAM_2306,bpRNA_TS0,unknown,SOFT,7,41,0.17073170731707318
bpRNA_RFAM_2306,bpRNA_TS0,unknown,FLOPPY,1,838,0.0011933174224343676
bpRNA_RFAM_23233,bpRNA_TS0,unknown,FIRM,7,8,0.875
bpRNA_RFAM_23233,bpRNA_TS0,unknown,SOFT,5,5,1.0
bpRNA_RFAM_23233,bpRNA_TS0,unknown,FLOPPY,0,21,0.0
bpRNA_RFAM_23293,bpRNA_TS0,unknown,FIRM,16,20,0.8
bpRNA_RFAM_23293,bpRNA_TS0,unknown,SOFT,7,7,1.0
bpRNA_RFAM_23293,bpRNA_TS0,unknown,FLOPPY,3,86,0.03488372093023256
bpRNA_RFAM_2400,bpRNA_TS0,unknown,FIRM,59,83,0.7108433734939759
bpRNA_RFAM_2400,bpRNA_TS0,unknown,SOFT,7,30,0.23333333333333334
bpRNA_RFAM_2400,bpRNA_TS0,unknown,FLOPPY,21,550,0.038181818181818185
bpRNA_RFAM_24717,bpRNA_TS0,unknown,FIRM,34,40,0.85
bpRNA_RFAM_24717,bpRNA_TS0,unknown,SOFT,5,11,0.45454545454545453
bpRNA_RFAM_24717,bpRNA_TS0,unknown,FLOPPY,7,192,0.036458333333333336
bpRNA_RFAM_24722,bpRNA_TS0,unknown,FIRM,20,38,0.5263157894736842
bpRNA_RFAM_24722,bpRNA_TS0,unknown,SOFT,11,17,0.6470588235294118
bpRNA_RFAM_24722,bpRNA_TS0,unknown,FLOPPY,10,175,0.05714285714285714
bpRNA_RFAM_24804,bpRNA_TS0,unknown,FIRM,66,68,0.9705882352941176
bpRNA_RFAM_24804,bpRNA_TS0,unknown,SOFT,29,40,0.725
bpRNA_RFAM_24804,bpRNA_TS0,unknown,FLOPPY,29,738,0.03929539295392954
bpRNA_RFAM_24906,bpRNA_TS0,unknown,FIRM,4,6,0.6666666666666666
bpRNA_RFAM_24906,bpRNA_TS0,unknown,SOFT,0,17,0.0
bpRNA_RFAM_24906,bpRNA_TS0,unknown,FLOPPY,0,118,0.0
bpRNA_RFAM_24956,bpRNA_TS0,unknown,FIRM,0,13,0.0
bpRNA_RFAM_24956,bpRNA_TS0,unknown,SOFT,0,13,0.0
bpRNA_RFAM_24956,bpRNA_TS0,unknown,FLOPPY,5,151,0.033112582781456956
bpRNA_RFAM_24976,bpRNA_TS0,unknown,FIRM,7,26,0.2692307692307692
bpRNA_RFAM_24976,bpRNA_TS0,unknown,SOFT,5,8,0.625
bpRNA_RFAM_24976,bpRNA_TS0,unknown,FLOPPY,0,210,0.0
bpRNA_RFAM_25069,bpRNA_TS0,unknown,FIRM,22,70,0.3142857142857143
bpRNA_RFAM_25069,bpRNA_TS0,unknown,SOFT,3,31,0.0967741935483871
bpRNA_RFAM_25069,bpRNA_TS0,unknown,FLOPPY,9,452,0.01991150442477876
bpRNA_RFAM_25434,bpRNA_TS0,unknown,FIRM,0,0,
bpRNA_RFAM_25434,bpRNA_TS0,unknown,SOFT,3,9,0.3333333333333333
bpRNA_RFAM_25434,bpRNA_TS0,unknown,FLOPPY,0,57,0.0
bpRNA_RFAM_25637,bpRNA_TS0,unknown,FIRM,14,14,1.0
bpRNA_RFAM_25637,bpRNA_TS0,unknown,SOFT,2,4,0.5
bpRNA_RFAM_25637,bpRNA_TS0,unknown,FLOPPY,0,137,0.0
bpRNA_RFAM_25658,bpRNA_TS0,unknown,FIRM,0,26,0.0
bpRNA_RFAM_25658,bpRNA_TS0,unknown,SOFT,0,12,0.0
bpRNA_RFAM_25658,bpRNA_TS0,unknown,FLOPPY,6,186,0.03225806451612903
bpRNA_RFAM_26243,bpRNA_TS0,unknown,FIRM,3,38,0.07894736842105263
bpRNA_RFAM_26243,bpRNA_TS0,unknown,SOFT,2,19,0.10526315789473684
bpRNA_RFAM_26243,bpRNA_TS0,unknown,FLOPPY,6,129,0.046511627906976744
bpRNA_RFAM_26330,bpRNA_TS0,unknown,FIRM,3,17,0.17647058823529413
bpRNA_RFAM_26330,bpRNA_TS0,unknown,SOFT,0,3,0.0
bpRNA_RFAM_26330,bpRNA_TS0,unknown,FLOPPY,0,128,0.0
bpRNA_RFAM_26347,bpRNA_TS0,unknown,FIRM,3,8,0.375
bpRNA_RFAM_26347,bpRNA_TS0,unknown,SOFT,0,5,0.0
bpRNA_RFAM_26347,bpRNA_TS0,unknown,FLOPPY,0,131,0.0
bpRNA_RFAM_26614,bpRNA_TS0,unknown,FIRM,15,25,0.6
bpRNA_RFAM_26614,bpRNA_TS0,unknown,SOFT,8,15,0.5333333333333333
bpRNA_RFAM_26614,bpRNA_TS0,unknown,FLOPPY,4,189,0.021164021164021163
bpRNA_RFAM_26929,bpRNA_TS0,unknown,FIRM,3,6,0.5
bpRNA_RFAM_26929,bpRNA_TS0,unknown,SOFT,5,12,0.4166666666666667
bpRNA_RFAM_26929,bpRNA_TS0,unknown,FLOPPY,3,93,0.03225806451612903
bpRNA_RFAM_27096,bpRNA_TS0,unknown,FIRM,0,18,0.0
bpRNA_RFAM_27096,bpRNA_TS0,unknown,SOFT,0,0,
bpRNA_RFAM_27096,bpRNA_TS0,unknown,FLOPPY,0,297,0.0
bpRNA_RFAM_2720,bpRNA_TS0,unknown,FIRM,24,40,0.6
bpRNA_RFAM_2720,bpRNA_TS0,unknown,SOFT,15,40,0.375
bpRNA_RFAM_2720,bpRNA_TS0,unknown,FLOPPY,32,871,0.03673938002296211
bpRNA_RFAM_2722,bpRNA_TS0,unknown,FIRM,45,68,0.6617647058823529
bpRNA_RFAM_2722,bpRNA_TS0,unknown,SOFT,10,48,0.20833333333333334
bpRNA_RFAM_2722,bpRNA_TS0,unknown,FLOPPY,28,510,0.054901960784313725
bpRNA_RFAM_27887,bpRNA_TS0,unknown,FIRM,10,14,0.7142857142857143
bpRNA_RFAM_27887,bpRNA_TS0,unknown,SOFT,1,8,0.125
bpRNA_RFAM_27887,bpRNA_TS0,unknown,FLOPPY,0,57,0.0
bpRNA_RFAM_27946,bpRNA_TS0,unknown,FIRM,5,12,0.4166666666666667
bpRNA_RFAM_27946,bpRNA_TS0,unknown,SOFT,5,5,1.0
bpRNA_RFAM_27946,bpRNA_TS0,unknown,FLOPPY,6,32,0.1875
bpRNA_RFAM_28373,bpRNA_TS0,unknown,FIRM,26,29,0.896551724137931
bpRNA_RFAM_28373,bpRNA_TS0,unknown,SOFT,0,0,
bpRNA_RFAM_28373,bpRNA_TS0,unknown,FLOPPY,1,19,0.05263157894736842
bpRNA_RFAM_29020,bpRNA_TS0,unknown,FIRM,8,11,0.7272727272727273
bpRNA_RFAM_29020,bpRNA_TS0,unknown,SOFT,2,4,0.5
bpRNA_RFAM_29020,bpRNA_TS0,unknown,FLOPPY,0,58,0.0
bpRNA_RFAM_29070,bpRNA_TS0,unknown,FIRM,11,16,0.6875
bpRNA_RFAM_29070,bpRNA_TS0,unknown,SOFT,1,1,1.0
bpRNA_RFAM_29070,bpRNA_TS0,unknown,FLOPPY,0,28,0.0
bpRNA_RFAM_2954,bpRNA_TS0,unknown,FIRM,0,49,0.0
bpRNA_RFAM_2954,bpRNA_TS0,unknown,SOFT,9,26,0.34615384615384615
bpRNA_RFAM_2954,bpRNA_TS0,unknown,FLOPPY,28,223,0.12556053811659193
bpRNA_RFAM_2987,bpRNA_TS0,unknown,FIRM,38,50,0.76
bpRNA_RFAM_2987,bpRNA_TS0,unknown,SOFT,5,17,0.29411764705882354
bpRNA_RFAM_2987,bpRNA_TS0,unknown,FLOPPY,7,154,0.045454545454545456
bpRNA_RFAM_30886,bpRNA_TS0,unknown,FIRM,23,31,0.7419354838709677
bpRNA_RFAM_30886,bpRNA_TS0,unknown,SOFT,0,0,
bpRNA_RFAM_30886,bpRNA_TS0,unknown,FLOPPY,5,38,0.13157894736842105
bpRNA_RFAM_3130,bpRNA_TS0,unknown,FIRM,0,32,0.0
bpRNA_RFAM_3130,bpRNA_TS0,unknown,SOFT,0,32,0.0
bpRNA_RFAM_3130,bpRNA_TS0,unknown,FLOPPY,3,265,0.011320754716981131
bpRNA_RFAM_31470,bpRNA_TS0,unknown,FIRM,8,9,0.8888888888888888
bpRNA_RFAM_31470,bpRNA_TS0,unknown,SOFT,2,4,0.5
bpRNA_RFAM_31470,bpRNA_TS0,unknown,FLOPPY,0,36,0.0
bpRNA_RFAM_31482,bpRNA_TS0,unknown,FIRM,10,11,0.9090909090909091
bpRNA_RFAM_31482,bpRNA_TS0,unknown,SOFT,0,1,0.0
bpRNA_RFAM_31482,bpRNA_TS0,unknown,FLOPPY,0,53,0.0
bpRNA_RFAM_31524,bpRNA_TS0,unknown,FIRM,3,18,0.16666666666666666
bpRNA_RFAM_31524,bpRNA_TS0,unknown,SOFT,0,13,0.0
bpRNA_RFAM_31524,bpRNA_TS0,unknown,FLOPPY,17,462,0.0367965367965368
bpRNA_RFAM_31580,bpRNA_TS0,unknown,FIRM,8,15,0.5333333333333333
bpRNA_RFAM_31580,bpRNA_TS0,unknown,SOFT,0,2,0.0
bpRNA_RFAM_31580,bpRNA_TS0,unknown,FLOPPY,4,113,0.035398230088495575
bpRNA_RFAM_32073,bpRNA_TS0,unknown,FIRM,0,0,
bpRNA_RFAM_32073,bpRNA_TS0,unknown,SOFT,0,7,0.0
bpRNA_RFAM_32073,bpRNA_TS0,unknown,FLOPPY,10,120,0.08333333333333333
bpRNA_RFAM_32679,bpRNA_TS0,unknown,FIRM,0,0,
bpRNA_RFAM_32679,bpRNA_TS0,unknown,SOFT,0,11,0.0
bpRNA_RFAM_32679,bpRNA_TS0,unknown,FLOPPY,12,128,0.09375
bpRNA_RFAM_32711,bpRNA_TS0,unknown,FIRM,0,13,0.0
bpRNA_RFAM_32711,bpRNA_TS0,unknown,SOFT,0,7,0.0
bpRNA_RFAM_32711,bpRNA_TS0,unknown,FLOPPY,11,156,0.07051282051282051
bpRNA_RFAM_33533,bpRNA_TS0,unknown,FIRM,5,5,1.0
bpRNA_RFAM_33533,bpRNA_TS0,unknown,SOFT,1,8,0.125
bpRNA_RFAM_33533,bpRNA_TS0,unknown,FLOPPY,1,72,0.013888888888888888
bpRNA_RFAM_33611,bpRNA_TS0,unknown,FIRM,15,18,0.8333333333333334
bpRNA_RFAM_33611,bpRNA_TS0,unknown,SOFT,4,13,0.3076923076923077
bpRNA_RFAM_33611,bpRNA_TS0,unknown,FLOPPY,0,77,0.0
bpRNA_RFAM_33614,bpRNA_TS0,unknown,FIRM,20,20,1.0
bpRNA_RFAM_33614,bpRNA_TS0,unknown,SOFT,0,6,0.0
bpRNA_RFAM_33614,bpRNA_TS0,unknown,FLOPPY,0,66,0.0
bpRNA_RFAM_33698,bpRNA_TS0,unknown,FIRM,4,18,0.2222222222222222
bpRNA_RFAM_33698,bpRNA_TS0,unknown,SOFT,0,4,0.0
bpRNA_RFAM_33698,bpRNA_TS0,unknown,FLOPPY,10,69,0.14492753623188406
bpRNA_RFAM_33959,bpRNA_TS0,unknown,FIRM,14,17,0.8235294117647058
bpRNA_RFAM_33959,bpRNA_TS0,unknown,SOFT,1,3,0.3333333333333333
bpRNA_RFAM_33959,bpRNA_TS0,unknown,FLOPPY,0,22,0.0
bpRNA_RFAM_34572,bpRNA_TS0,unknown,FIRM,8,15,0.5333333333333333
bpRNA_RFAM_34572,bpRNA_TS0,unknown,SOFT,2,14,0.14285714285714285
bpRNA_RFAM_34572,bpRNA_TS0,unknown,FLOPPY,13,214,0.06074766355140187
bpRNA_RFAM_34740,bpRNA_TS0,unknown,FIRM,0,0,
bpRNA_RFAM_34740,bpRNA_TS0,unknown,SOFT,0,3,0.0
bpRNA_RFAM_34740,bpRNA_TS0,unknown,FLOPPY,14,267,0.052434456928838954
bpRNA_RFAM_34934,bpRNA_TS0,unknown,FIRM,10,15,0.6666666666666666
bpRNA_RFAM_34934,bpRNA_TS0,unknown,SOFT,1,1,1.0
bpRNA_RFAM_34934,bpRNA_TS0,unknown,FLOPPY,0,25,0.0
bpRNA_RFAM_35485,bpRNA_TS0,unknown,FIRM,0,0,
bpRNA_RFAM_35485,bpRNA_TS0,unknown,SOFT,0,8,0.0
bpRNA_RFAM_35485,bpRNA_TS0,unknown,FLOPPY,11,309,0.03559870550161812
bpRNA_RFAM_36169,bpRNA_TS0,unknown,FIRM,0,15,0.0
bpRNA_RFAM_36169,bpRNA_TS0,unknown,SOFT,0,10,0.0
bpRNA_RFAM_36169,bpRNA_TS0,unknown,FLOPPY,7,177,0.03954802259887006
bpRNA_RFAM_36422,bpRNA_TS0,unknown,FIRM,13,28,0.4642857142857143
bpRNA_RFAM_36422,bpRNA_TS0,unknown,SOFT,1,8,0.125
bpRNA_RFAM_36422,bpRNA_TS0,unknown,FLOPPY,5,90,0.05555555555555555
bpRNA_RFAM_36465,bpRNA_TS0,unknown,FIRM,25,32,0.78125
bpRNA_RFAM_36465,bpRNA_TS0,unknown,SOFT,2,7,0.2857142857142857
bpRNA_RFAM_36465,bpRNA_TS0,unknown,FLOPPY,9,84,0.10714285714285714
bpRNA_RFAM_36483,bpRNA_TS0,unknown,FIRM,11,11,1.0
bpRNA_RFAM_36483,bpRNA_TS0,unknown,SOFT,0,2,0.0
bpRNA_RFAM_36483,bpRNA_TS0,unknown,FLOPPY,0,47,0.0
bpRNA_RFAM_3685,bpRNA_TS0,unknown,FIRM,21,25,0.84
bpRNA_RFAM_3685,bpRNA_TS0,unknown,SOFT,3,9,0.3333333333333333
bpRNA_RFAM_3685,bpRNA_TS0,unknown,FLOPPY,4,181,0.022099447513812154
bpRNA_RFAM_37473,bpRNA_TS0,unknown,FIRM,16,17,0.9411764705882353
bpRNA_RFAM_37473,bpRNA_TS0,unknown,SOFT,1,13,0.07692307692307693
bpRNA_RFAM_37473,bpRNA_TS0,unknown,FLOPPY,12,247,0.048582995951417005
bpRNA_RFAM_37605,bpRNA_TS0,unknown,FIRM,31,37,0.8378378378378378
bpRNA_RFAM_37605,bpRNA_TS0,unknown,SOFT,1,6,0.16666666666666666
bpRNA_RFAM_37605,bpRNA_TS0,unknown,FLOPPY,3,39,0.07692307692307693
bpRNA_RFAM_38158,bpRNA_TS0,unknown,FIRM,0,11,0.0
bpRNA_RFAM_38158,bpRNA_TS0,unknown,SOFT,5,30,0.16666666666666666
bpRNA_RFAM_38158,bpRNA_TS0,unknown,FLOPPY,5,270,0.018518518518518517
bpRNA_RFAM_38307,bpRNA_TS0,unknown,FIRM,20,54,0.37037037037037035
bpRNA_RFAM_38307,bpRNA_TS0,unknown,SOFT,1,6,0.16666666666666666
bpRNA_RFAM_38307,bpRNA_TS0,unknown,FLOPPY,17,292,0.05821917808219178
bpRNA_RFAM_38360,bpRNA_TS0,unknown,FIRM,29,35,0.8285714285714286
bpRNA_RFAM_38360,bpRNA_TS0,unknown,SOFT,18,27,0.6666666666666666
bpRNA_RFAM_38360,bpRNA_TS0,unknown,FLOPPY,0,420,0.0
bpRNA_RFAM_38370,bpRNA_TS0,unknown,FIRM,29,37,0.7837837837837838
bpRNA_RFAM_38370,bpRNA_TS0,unknown,SOFT,6,27,0.2222222222222222
bpRNA_RFAM_38370,bpRNA_TS0,unknown,FLOPPY,11,225,0.04888888888888889
bpRNA_RFAM_38602,bpRNA_TS0,unknown,FIRM,36,43,0.8372093023255814
bpRNA_RFAM_38602,bpRNA_TS0,unknown,SOFT,2,3,0.6666666666666666
bpRNA_RFAM_38602,bpRNA_TS0,unknown,FLOPPY,0,216,0.0
bpRNA_RFAM_38634,bpRNA_TS0,unknown,FIRM,15,16,0.9375
bpRNA_RFAM_38634,bpRNA_TS0,unknown,SOFT,0,13,0.0
bpRNA_RFAM_38634,bpRNA_TS0,unknown,FLOPPY,10,139,0.07194244604316546
bpRNA_RFAM_38847,bpRNA_TS0,unknown,FIRM,8,13,0.6153846153846154
bpRNA_RFAM_38847,bpRNA_TS0,unknown,SOFT,0,10,0.0
bpRNA_RFAM_38847,bpRNA_TS0,unknown,FLOPPY,0,28,0.0
bpRNA_RFAM_39694,bpRNA_TS0,unknown,FIRM,36,37,0.972972972972973
bpRNA_RFAM_39694,bpRNA_TS0,unknown,SOFT,2,2,1.0
bpRNA_RFAM_39694,bpRNA_TS0,unknown,FLOPPY,3,74,0.04054054054054054
bpRNA_RFAM_40155,bpRNA_TS0,unknown,FIRM,0,5,0.0
bpRNA_RFAM_40155,bpRNA_TS0,unknown,SOFT,0,15,0.0
bpRNA_RFAM_40155,bpRNA_TS0,unknown,FLOPPY,10,285,0.03508771929824561
bpRNA_RFAM_40254,bpRNA_TS0,unknown,FIRM,8,10,0.8
bpRNA_RFAM_40254,bpRNA_TS0,unknown,SOFT,0,9,0.0
bpRNA_RFAM_40254,bpRNA_TS0,unknown,FLOPPY,5,114,0.043859649122807015
bpRNA_RFAM_41135,bpRNA_TS0,unknown,FIRM,18,25,0.72
bpRNA_RFAM_41135,bpRNA_TS0,unknown,SOFT,0,4,0.0
bpRNA_RFAM_41135,bpRNA_TS0,unknown,FLOPPY,0,44,0.0
bpRNA_RFAM_41242,bpRNA_TS0,unknown,FIRM,24,26,0.9230769230769231
bpRNA_RFAM_41242,bpRNA_TS0,unknown,SOFT,1,3,0.3333333333333333
bpRNA_RFAM_41242,bpRNA_TS0,unknown,FLOPPY,3,21,0.14285714285714285
bpRNA_RFAM_41348,bpRNA_TS0,unknown,FIRM,12,14,0.8571428571428571
bpRNA_RFAM_41348,bpRNA_TS0,unknown,SOFT,8,8,1.0
bpRNA_RFAM_41348,bpRNA_TS0,unknown,FLOPPY,2,125,0.016
bpRNA_RFAM_41689,bpRNA_TS0,unknown,FIRM,2,10,0.2
bpRNA_RFAM_41689,bpRNA_TS0,unknown,SOFT,3,3,1.0
bpRNA_RFAM_41689,bpRNA_TS0,unknown,FLOPPY,1,80,0.0125
bpRNA_RFAM_42169,bpRNA_TS0,unknown,FIRM,10,11,0.9090909090909091
bpRNA_RFAM_42169,bpRNA_TS0,unknown,SOFT,0,1,0.0
bpRNA_RFAM_42169,bpRNA_TS0,unknown,FLOPPY,4,80,0.05
bpRNA_RFAM_42225,bpRNA_TS0,unknown,FIRM,32,40,0.8
bpRNA_RFAM_42225,bpRNA_TS0,unknown,SOFT,6,12,0.5
bpRNA_RFAM_42225,bpRNA_TS0,unknown,FLOPPY,9,233,0.03862660944206009
bpRNA_RFAM_42440,bpRNA_TS0,unknown,FIRM,23,25,0.92
bpRNA_RFAM_42440,bpRNA_TS0,unknown,SOFT,2,10,0.2
bpRNA_RFAM_42440,bpRNA_TS0,unknown,FLOPPY,0,59,0.0
bpRNA_RFAM_42484,bpRNA_TS0,unknown,FIRM,24,24,1.0
bpRNA_RFAM_42484,bpRNA_TS0,unknown,SOFT,1,3,0.3333333333333333
bpRNA_RFAM_42484,bpRNA_TS0,unknown,FLOPPY,5,192,0.026041666666666668
bpRNA_RFAM_42575,bpRNA_TS0,unknown,FIRM,0,12,0.0
bpRNA_RFAM_42575,bpRNA_TS0,unknown,SOFT,0,18,0.0
bpRNA_RFAM_42575,bpRNA_TS0,unknown,FLOPPY,0,170,0.0
bpRNA_RFAM_4326,bpRNA_TS0,unknown,FIRM,19,41,0.4634146341463415
bpRNA_RFAM_4326,bpRNA_TS0,unknown,SOFT,6,81,0.07407407407407407
bpRNA_RFAM_4326,bpRNA_TS0,unknown,FLOPPY,22,827,0.026602176541717048
bpRNA_RFAM_4490,bpRNA_TS0,unknown,FIRM,4,8,0.5
bpRNA_RFAM_4490,bpRNA_TS0,unknown,SOFT,0,17,0.0
bpRNA_RFAM_4490,bpRNA_TS0,unknown,FLOPPY,0,525,0.0
bpRNA_RFAM_5189,bpRNA_TS0,unknown,FIRM,20,43,0.46511627906976744
bpRNA_RFAM_5189,bpRNA_TS0,unknown,SOFT,8,26,0.3076923076923077
bpRNA_RFAM_5189,bpRNA_TS0,unknown,FLOPPY,11,336,0.03273809523809524
bpRNA_RFAM_5352,bpRNA_TS0,unknown,FIRM,10,17,0.5882352941176471
bpRNA_RFAM_5352,bpRNA_TS0,unknown,SOFT,0,2,0.0
bpRNA_RFAM_5352,bpRNA_TS0,unknown,FLOPPY,2,21,0.09523809523809523
bpRNA_RFAM_5444,bpRNA_TS0,unknown,FIRM,19,26,0.7307692307692307
bpRNA_RFAM_5444,bpRNA_TS0,unknown,SOFT,1,8,0.125
bpRNA_RFAM_5444,bpRNA_TS0,unknown,FLOPPY,3,92,0.03260869565217391
bpRNA_RFAM_5512,bpRNA_TS0,unknown,FIRM,19,22,0.8636363636363636
bpRNA_RFAM_5512,bpRNA_TS0,unknown,SOFT,1,7,0.14285714285714285
bpRNA_RFAM_5512,bpRNA_TS0,unknown,FLOPPY,3,89,0.033707865168539325
bpRNA_RFAM_5690,bpRNA_TS0,unknown,FIRM,2,11,0.18181818181818182
bpRNA_RFAM_5690,bpRNA_TS0,unknown,SOFT,0,12,0.0
bpRNA_RFAM_5690,bpRNA_TS0,unknown,FLOPPY,0,91,0.0
bpRNA_RFAM_5782,bpRNA_TS0,unknown,FIRM,8,27,0.2962962962962963
bpRNA_RFAM_5782,bpRNA_TS0,unknown,SOFT,4,12,0.3333333333333333
bpRNA_RFAM_5782,bpRNA_TS0,unknown,FLOPPY,8,137,0.058394160583941604
bpRNA_RFAM_5849,bpRNA_TS0,unknown,FIRM,8,14,0.5714285714285714
bpRNA_RFAM_5849,bpRNA_TS0,unknown,SOFT,0,9,0.0
bpRNA_RFAM_5849,bpRNA_TS0,unknown,FLOPPY,11,123,0.08943089430894309
bpRNA_RFAM_5974,bpRNA_TS0,unknown,FIRM,37,53,0.6981132075471698
bpRNA_RFAM_5974,bpRNA_TS0,unknown,SOFT,0,22,0.0
bpRNA_RFAM_5974,bpRNA_TS0,unknown,FLOPPY,9,310,0.02903225806451613
bpRNA_RFAM_6040,bpRNA_TS0,unknown,FIRM,0,6,0.0
bpRNA_RFAM_6040,bpRNA_TS0,unknown,SOFT,0,29,0.0
bpRNA_RFAM_6040,bpRNA_TS0,unknown,FLOPPY,1,464,0.0021551724137931034
bpRNA_RFAM_6217,bpRNA_TS0,unknown,FIRM,15,47,0.3191489361702128
bpRNA_RFAM_6217,bpRNA_TS0,unknown,SOFT,0,7,0.0
bpRNA_RFAM_6217,bpRNA_TS0,unknown,FLOPPY,0,182,0.0
bpRNA_RFAM_6613,bpRNA_TS0,unknown,FIRM,0,19,0.0
bpRNA_RFAM_6613,bpRNA_TS0,unknown,SOFT,0,17,0.0
bpRNA_RFAM_6613,bpRNA_TS0,unknown,FLOPPY,3,233,0.012875536480686695
bpRNA_RFAM_6799,bpRNA_TS0,unknown,FIRM,19,28,0.6785714285714286
bpRNA_RFAM_6799,bpRNA_TS0,unknown,SOFT,0,0,
bpRNA_RFAM_6799,bpRNA_TS0,unknown,FLOPPY,2,13,0.15384615384615385
bpRNA_RFAM_6874,bpRNA_TS0,unknown,FIRM,3,9,0.3333333333333333
bpRNA_RFAM_6874,bpRNA_TS0,unknown,SOFT,0,9,0.0
bpRNA_RFAM_6874,bpRNA_TS0,unknown,FLOPPY,4,188,0.02127659574468085
bpRNA_RFAM_6898,bpRNA_TS0,unknown,FIRM,0,16,0.0
bpRNA_RFAM_6898,bpRNA_TS0,unknown,SOFT,0,6,0.0
bpRNA_RFAM_6898,bpRNA_TS0,unknown,FLOPPY,3,109,0.027522935779816515
bpRNA_RFAM_7155,bpRNA_TS0,unknown,FIRM,20,28,0.7142857142857143
bpRNA_RFAM_7155,bpRNA_TS0,unknown,SOFT,4,21,0.19047619047619047
bpRNA_RFAM_7155,bpRNA_TS0,unknown,FLOPPY,9,329,0.02735562310030395
bpRNA_RFAM_7485,bpRNA_TS0,unknown,FIRM,4,20,0.2
bpRNA_RFAM_7485,bpRNA_TS0,unknown,SOFT,0,10,0.0
bpRNA_RFAM_7485,bpRNA_TS0,unknown,FLOPPY,0,97,0.0
bpRNA_RFAM_7940,bpRNA_TS0,unknown,FIRM,6,6,1.0
bpRNA_RFAM_7940,bpRNA_TS0,unknown,SOFT,6,11,0.5454545454545454
bpRNA_RFAM_7940,bpRNA_TS0,unknown,FLOPPY,5,67,0.07462686567164178
bpRNA_RFAM_8211,bpRNA_TS0,unknown,FIRM,7,8,0.875
bpRNA_RFAM_8211,bpRNA_TS0,unknown,SOFT,0,5,0.0
bpRNA_RFAM_8211,bpRNA_TS0,unknown,FLOPPY,16,268,0.05970149253731343
bpRNA_RFAM_848,bpRNA_TS0,unknown,FIRM,21,24,0.875
bpRNA_RFAM_848,bpRNA_TS0,unknown,SOFT,5,27,0.18518518518518517
bpRNA_RFAM_848,bpRNA_TS0,unknown,FLOPPY,9,167,0.05389221556886228
bpRNA_RFAM_8538,bpRNA_TS0,unknown,FIRM,21,21,1.0
bpRNA_RFAM_8538,bpRNA_TS0,unknown,SOFT,1,1,1.0
bpRNA_RFAM_8538,bpRNA_TS0,unknown,FLOPPY,0,79,0.0
bpRNA_RFAM_8993,bpRNA_TS0,unknown,FIRM,20,40,0.5
bpRNA_RFAM_8993,bpRNA_TS0,unknown,SOFT,0,14,0.0
bpRNA_RFAM_8993,bpRNA_TS0,unknown,FLOPPY,19,527,0.036053130929791274
bpRNA_RFAM_9038,bpRNA_TS0,unknown,FIRM,5,5,1.0
bpRNA_RFAM_9038,bpRNA_TS0,unknown,SOFT,9,41,0.21951219512195122
bpRNA_RFAM_9038,bpRNA_TS0,unknown,FLOPPY,24,579,0.04145077720207254
bpRNA_RFAM_9130,bpRNA_TS0,unknown,FIRM,5,43,0.11627906976744186
bpRNA_RFAM_9130,bpRNA_TS0,unknown,SOFT,1,21,0.047619047619047616
bpRNA_RFAM_9130,bpRNA_TS0,unknown,FLOPPY,7,409,0.017114914425427872
bpRNA_RFAM_9133,bpRNA_TS0,unknown,FIRM,0,16,0.0
bpRNA_RFAM_9133,bpRNA_TS0,unknown,SOFT,2,42,0.047619047619047616
bpRNA_RFAM_9133,bpRNA_TS0,unknown,FLOPPY,21,470,0.04468085106382979
bpRNA_RFAM_9138,bpRNA_TS0,unknown,FIRM,9,25,0.36
bpRNA_RFAM_9138,bpRNA_TS0,unknown,SOFT,11,29,0.3793103448275862
bpRNA_RFAM_9138,bpRNA_TS0,unknown,FLOPPY,7,470,0.014893617021276596
bpRNA_RFAM_9189,bpRNA_TS0,unknown,FIRM,17,47,0.3617021276595745
bpRNA_RFAM_9189,bpRNA_TS0,unknown,SOFT,5,16,0.3125
bpRNA_RFAM_9189,bpRNA_TS0,unknown,FLOPPY,17,439,0.0387243735763098
bpRNA_RFAM_9709,bpRNA_TS0,unknown,FIRM,11,18,0.6111111111111112
bpRNA_RFAM_9709,bpRNA_TS0,unknown,SOFT,4,15,0.26666666666666666
bpRNA_RFAM_9709,bpRNA_TS0,unknown,FLOPPY,6,89,0.06741573033707865
bpRNA_RFAM_9749,bpRNA_TS0,unknown,FIRM,9,19,0.47368421052631576
bpRNA_RFAM_9749,bpRNA_TS0,unknown,SOFT,1,13,0.07692307692307693
bpRNA_RFAM_9749,bpRNA_TS0,unknown,FLOPPY,11,82,0.13414634146341464
bpRNA_RFAM_9931,bpRNA_TS0,unknown,FIRM,0,0,
bpRNA_RFAM_9931,bpRNA_TS0,unknown,SOFT,6,6,1.0
bpRNA_RFAM_9931,bpRNA_TS0,unknown,FLOPPY,5,115,0.043478260869565216
bpRNA_RNP_182,bpRNA_TS0,unknown,FIRM,48,54,0.8888888888888888
bpRNA_RNP_182,bpRNA_TS0,unknown,SOFT,18,30,0.6
bpRNA_RNP_182,bpRNA_TS0,unknown,FLOPPY,20,597,0.03350083752093802
bpRNA_RNP_31,bpRNA_TS0,unknown,FIRM,13,13,1.0
bpRNA_RNP_31,bpRNA_TS0,unknown,SOFT,16,46,0.34782608695652173
bpRNA_RNP_31,bpRNA_TS0,unknown,FLOPPY,36,1167,0.030848329048843187
bpRNA_RNP_414,bpRNA_TS0,unknown,FIRM,19,86,0.22093023255813954
bpRNA_RNP_414,bpRNA_TS0,unknown,SOFT,4,34,0.11764705882352941
bpRNA_RNP_414,bpRNA_TS0,unknown,FLOPPY,23,682,0.03372434017595308
bpRNA_SPR_111,bpRNA_TS0,unknown,FIRM,15,19,0.7894736842105263
bpRNA_SPR_111,bpRNA_TS0,unknown,SOFT,6,6,1.0
bpRNA_SPR_111,bpRNA_TS0,unknown,FLOPPY,0,145,0.0
bpRNA_SPR_563,bpRNA_TS0,unknown,FIRM,6,16,0.375
bpRNA_SPR_563,bpRNA_TS0,unknown,SOFT,1,8,0.125
bpRNA_SPR_563,bpRNA_TS0,unknown,FLOPPY,14,58,0.2413793103448276
bpRNA_SRP_861,bpRNA_TS0,unknown,FIRM,4,16,0.25
bpRNA_SRP_861,bpRNA_TS0,unknown,SOFT,7,15,0.4666666666666667
bpRNA_SRP_861,bpRNA_TS0,unknown,FLOPPY,0,62,0.0
bpRNA_tmRNA_168,bpRNA_TS0,unknown,FIRM,11,27,0.4074074074074074
bpRNA_tmRNA_168,bpRNA_TS0,unknown,SOFT,1,20,0.05
bpRNA_tmRNA_168,bpRNA_TS0,unknown,FLOPPY,8,834,0.009592326139088728
bpRNA_tmRNA_240,bpRNA_TS0,unknown,FIRM,17,60,0.2833333333333333
bpRNA_tmRNA_240,bpRNA_TS0,unknown,SOFT,3,48,0.0625
bpRNA_tmRNA_240,bpRNA_TS0,unknown,FLOPPY,10,958,0.010438413361169102
bpRNA_tmRNA_340,bpRNA_TS0,unknown,FIRM,27,39,0.6923076923076923
bpRNA_tmRNA_340,bpRNA_TS0,unknown,SOFT,2,46,0.043478260869565216
bpRNA_tmRNA_340,bpRNA_TS0,unknown,FLOPPY,28,967,0.028955532574974147
bpRNA_tmRNA_610,bpRNA_TS0,unknown,FIRM,65,91,0.7142857142857143
bpRNA_tmRNA_610,bpRNA_TS0,unknown,SOFT,7,15,0.4666666666666667
bpRNA_tmRNA_610,bpRNA_TS0,unknown,FLOPPY,4,272,0.014705882352941176
bpRNA_tmRNA_643,bpRNA_TS0,unknown,FIRM,26,30,0.8666666666666667
bpRNA_tmRNA_643,bpRNA_TS0,unknown,SOFT,33,47,0.7021276595744681
bpRNA_tmRNA_643,bpRNA_TS0,unknown,FLOPPY,9,813,0.01107011070110701
AAEU02004214.1/433-498,Rfam_seed,RF00005,FIRM,5,6,0.8333333333333334
AAEU02004214.1/433-498,Rfam_seed,RF00005,SOFT,6,8,0.75
AAEU02004214.1/433-498,Rfam_seed,RF00005,FLOPPY,9,106,0.08490566037735849
AB001488.1/62222-62293,Rfam_seed,RF00005,FIRM,16,22,0.7272727272727273
AB001488.1/62222-62293,Rfam_seed,RF00005,SOFT,1,1,1.0
AB001488.1/62222-62293,Rfam_seed,RF00005,FLOPPY,3,73,0.0410958904109589
AB009835.1/1-71,Rfam_seed,RF00005,FIRM,7,7,1.0
AB009835.1/1-71,Rfam_seed,RF00005,SOFT,0,0,
AB009835.1/1-71,Rfam_seed,RF00005,FLOPPY,10,169,0.05917159763313609
AB013373.1/3754-3825,Rfam_seed,RF00005,FIRM,20,21,0.9523809523809523
AB013373.1/3754-3825,Rfam_seed,RF00005,SOFT,1,2,0.5
AB013373.1/3754-3825,Rfam_seed,RF00005,FLOPPY,0,68,0.0
AB031211.1/8065-8137,Rfam_seed,RF00005,FIRM,6,6,1.0
AB031211.1/8065-8137,Rfam_seed,RF00005,SOFT,6,12,0.5
AB031211.1/8065-8137,Rfam_seed,RF00005,FLOPPY,9,140,0.06428571428571428
AB031214.1/4204-4277,Rfam_seed,RF00005,FIRM,7,7,1.0
AB031214.1/4204-4277,Rfam_seed,RF00005,SOFT,5,19,0.2631578947368421
AB031214.1/4204-4277,Rfam_seed,RF00005,FLOPPY,9,89,0.10112359550561797
AB031215.1/9125-9195,Rfam_seed,RF00005,FIRM,11,11,1.0
AB031215.1/9125-9195,Rfam_seed,RF00005,SOFT,6,6,1.0
AB031215.1/9125-9195,Rfam_seed,RF00005,FLOPPY,4,137,0.029197080291970802
AB035923.1/6106-6178,Rfam_seed,RF00005,FIRM,15,16,0.9375
AB035923.1/6106-6178,Rfam_seed,RF00005,SOFT,6,7,0.8571428571428571
AB035923.1/6106-6178,Rfam_seed,RF00005,FLOPPY,0,82,0.0
AB042240.3/15036-15107,Rfam_seed,RF00005,FIRM,11,11,1.0
AB042240.3/15036-15107,Rfam_seed,RF00005,SOFT,1,9,0.1111111111111111
AB042240.3/15036-15107,Rfam_seed,RF00005,FLOPPY,9,50,0.18
AB042432.1/3845-3913,Rfam_seed,RF00005,FIRM,10,10,1.0
AB042432.1/3845-3913,Rfam_seed,RF00005,SOFT,1,11,0.09090909090909091
AB042432.1/3845-3913,Rfam_seed,RF00005,FLOPPY,7,68,0.10294117647058823
AB042432.1/6942-7011,Rfam_seed,RF00005,FIRM,18,20,0.9
AB042432.1/6942-7011,Rfam_seed,RF00005,SOFT,2,4,0.5
AB042432.1/6942-7011,Rfam_seed,RF00005,FLOPPY,1,51,0.0196078431372549
AB042524.1/5257-5192,Rfam_seed,RF00005,FIRM,15,17,0.8823529411764706
AB042524.1/5257-5192,Rfam_seed,RF00005,SOFT,6,7,0.8571428571428571
AB042524.1/5257-5192,Rfam_seed,RF00005,FLOPPY,0,52,0.0
AB035926.1/5989-6104,Rfam_seed,RF00001,FIRM,7,7,1.0
AB035926.1/5989-6104,Rfam_seed,RF00001,SOFT,1,18,0.05555555555555555
AB035926.1/5989-6104,Rfam_seed,RF00001,FLOPPY,17,231,0.0735930735930736
AB045287.1/5831-5948,Rfam_seed,RF00001,FIRM,10,25,0.4
AB045287.1/5831-5948,Rfam_seed,RF00001,SOFT,3,15,0.2
AB045287.1/5831-5948,Rfam_seed,RF00001,FLOPPY,16,162,0.09876543209876543
AF001265.1/6033-6149,Rfam_seed,RF00001,FIRM,14,21,0.6666666666666666
AF001265.1/6033-6149,Rfam_seed,RF00001,SOFT,8,10,0.8
AF001265.1/6033-6149,Rfam_seed,RF00001,FLOPPY,8,187,0.0427807486631016
AF008220.1/5185-5300,Rfam_seed,RF00001,FIRM,18,20,0.9
AF008220.1/5185-5300,Rfam_seed,RF00001,SOFT,5,18,0.2777777777777778
AF008220.1/5185-5300,Rfam_seed,RF00001,FLOPPY,8,132,0.06060606060606061
AF034619.1/5584-5700,Rfam_seed,RF00001,FIRM,13,29,0.4482758620689655
AF034619.1/5584-5700,Rfam_seed,RF00001,SOFT,2,8,0.25
AF034619.1/5584-5700,Rfam_seed,RF00001,FLOPPY,8,54,0.14814814814814814
AF036708.1/19036-19140,Rfam_seed,RF00001,FIRM,18,20,0.9
AF036708.1/19036-19140,Rfam_seed,RF00001,SOFT,2,6,0.3333333333333333
AF036708.1/19036-19140,Rfam_seed,RF00001,FLOPPY,8,116,0.06896551724137931
AF083351.1/469-590,Rfam_seed,RF00001,FIRM,5,28,0.17857142857142858
AF083351.1/469-590,Rfam_seed,RF00001,SOFT,2,9,0.2222222222222222
AF083351.1/469-590,Rfam_seed,RF00001,FLOPPY,1,170,0.0058823529411764705
AF096716.1/373-495,Rfam_seed,RF00001,FIRM,15,29,0.5172413793103449
AF096716.1/373-495,Rfam_seed,RF00001,SOFT,3,8,0.375
AF096716.1/373-495,Rfam_seed,RF00001,FLOPPY,6,94,0.06382978723404255
AF096755.1/373-488,Rfam_seed,RF00001,FIRM,0,2,0.0
AF096755.1/373-488,Rfam_seed,RF00001,SOFT,0,22,0.0
AF096755.1/373-488,Rfam_seed,RF00001,FLOPPY,17,250,0.068
AF114033.1/6078-6194,Rfam_seed,RF00001,FIRM,14,21,0.6666666666666666
AF114033.1/6078-6194,Rfam_seed,RF00001,SOFT,8,10,0.8
AF114033.1/6078-6194,Rfam_seed,RF00001,FLOPPY,9,108,0.08333333333333333
AF114034.1/6052-6168,Rfam_seed,RF00001,FIRM,8,14,0.5714285714285714
AF114034.1/6052-6168,Rfam_seed,RF00001,SOFT,4,15,0.26666666666666666
AF114034.1/6052-6168,Rfam_seed,RF00001,FLOPPY,18,216,0.08333333333333333
AF114036.1/6058-6174,Rfam_seed,RF00001,FIRM,8,14,0.5714285714285714
AF114036.1/6058-6174,Rfam_seed,RF00001,SOFT,5,13,0.38461538461538464
AF114036.1/6058-6174,Rfam_seed,RF00001,FLOPPY,19,203,0.09359605911330049
AABS01000247.1/111722-112007,Rfam_seed,RF00017,FIRM,60,72,0.8333333333333334
AABS01000247.1/111722-112007,Rfam_seed,RF00017,SOFT,8,22,0.36363636363636365
AABS01000247.1/111722-112007,Rfam_seed,RF00017,FLOPPY,19,230,0.08260869565217391
AABS01000318.1/14425-14147,Rfam_seed,RF00017,FIRM,64,79,0.810126582278481
AABS01000318.1/14425-14147,Rfam_seed,RF00017,SOFT,10,16,0.625
AABS01000318.1/14425-14147,Rfam_seed,RF00017,FLOPPY,13,156,0.08333333333333333
AACN010616031.1/232-530,Rfam_seed,RF00017,FIRM,43,43,1.0
AACN010616031.1/232-530,Rfam_seed,RF00017,SOFT,21,55,0.38181818181818183
AACN010616031.1/232-530,Rfam_seed,RF00017,FLOPPY,37,485,0.07628865979381444
AACT01037627.1/49101-48816,Rfam_seed,RF00017,FIRM,49,68,0.7205882352941176
AACT01037627.1/49101-48816,Rfam_seed,RF00017,SOFT,9,34,0.2647058823529412
AACT01037627.1/49101-48816,Rfam_seed,RF00017,FLOPPY,23,176,0.13068181818181818
AACT01038002.1/337-622,Rfam_seed,RF00017,FIRM,49,68,0.7205882352941176
AACT01038002.1/337-622,Rfam_seed,RF00017,SOFT,9,34,0.2647058823529412
AACT01038002.1/337-622,Rfam_seed,RF00017,FLOPPY,23,176,0.13068181818181818
AACW02000088.1/106193-106487,Rfam_seed,RF00017,FIRM,28,45,0.6222222222222222
AACW02000088.1/106193-106487,Rfam_seed,RF00017,SOFT,27,46,0.5869565217391305
AACW02000088.1/106193-106487,Rfam_seed,RF00017,FLOPPY,15,443,0.033860045146726865
AADC01117175.1/34409-34130,Rfam_seed,RF00017,FIRM,11,52,0.21153846153846154
AADC01117175.1/34409-34130,Rfam_seed,RF00017,SOFT,4,37,0.10810810810810811
AADC01117175.1/34409-34130,Rfam_seed,RF00017,FLOPPY,45,513,0.08771929824561403
AADD01137907.1/9486-9773,Rfam_seed,RF00017,FIRM,0,0,
AADD01137907.1/9486-9773,Rfam_seed,RF00017,SOFT,22,54,0.4074074074074074
AADD01137907.1/9486-9773,Rfam_seed,RF00017,FLOPPY,62,790,0.07848101265822785
AADD01137944.1/11247-10949,Rfam_seed,RF00017,FIRM,13,36,0.3611111111111111
AADD01137944.1/11247-10949,Rfam_seed,RF00017,SOFT,2,60,0.03333333333333333
AADD01137944.1/11247-10949,Rfam_seed,RF00017,FLOPPY,86,539,0.15955473098330242
AAGD02010404.1/8312-8015,Rfam_seed,RF00017,FIRM,74,83,0.891566265060241
AAGD02010404.1/8312-8015,Rfam_seed,RF00017,SOFT,11,17,0.6470588235294118
AAGD02010404.1/8312-8015,Rfam_seed,RF00017,FLOPPY,12,180,0.06666666666666667
AAGE02003358.1/100111-100407,Rfam_seed,RF00017,FIRM,77,89,0.8651685393258427
AAGE02003358.1/100111-100407,Rfam_seed,RF00017,SOFT,9,12,0.75
AAGE02003358.1/100111-100407,Rfam_seed,RF00017,FLOPPY,5,125,0.04
AAGE02003358.1/57464-57166,Rfam_seed,RF00017,FIRM,80,92,0.8695652173913043
AAGE02003358.1/57464-57166,Rfam_seed,RF00017,SOFT,6,9,0.6666666666666666
AAGE02003358.1/57464-57166,Rfam_seed,RF00017,FLOPPY,9,128,0.0703125
AE000512.1/1124728-1124612,Rfam_seed,RF01854,FIRM,12,34,0.35294117647058826
AE000512.1/1124728-1124612,Rfam_seed,RF01854,SOFT,0,6,0.0
AE000512.1/1124728-1124612,Rfam_seed,RF01854,FLOPPY,5,52,0.09615384615384616
AE001437.1/136141-136243,Rfam_seed,RF01854,FIRM,29,31,0.9354838709677419
AE001437.1/136141-136243,Rfam_seed,RF01854,SOFT,2,3,0.6666666666666666
AE001437.1/136141-136243,Rfam_seed,RF01854,FLOPPY,2,49,0.04081632653061224
AE008691.1/46248-46514,Rfam_seed,RF01854,FIRM,43,63,0.6825396825396826
AE008691.1/46248-46514,Rfam_seed,RF01854,SOFT,7,30,0.23333333333333334
AE008691.1/46248-46514,Rfam_seed,RF01854,FLOPPY,19,271,0.07011070110701106
AE015927.1/24077-23975,Rfam_seed,RF01854,FIRM,28,31,0.9032258064516129
AE015927.1/24077-23975,Rfam_seed,RF01854,SOFT,2,3,0.6666666666666666
AE015927.1/24077-23975,Rfam_seed,RF01854,FLOPPY,2,38,0.05263157894736842
AE015929.1/2386853-2386584,Rfam_seed,RF01854,FIRM,38,45,0.8444444444444444
AE015929.1/2386853-2386584,Rfam_seed,RF01854,SOFT,27,37,0.7297297297297297
AE015929.1/2386853-2386584,Rfam_seed,RF01854,FLOPPY,21,322,0.06521739130434782
AE016879.1/25115-25379,Rfam_seed,RF01854,FIRM,49,55,0.8909090909090909
AE016879.1/25115-25379,Rfam_seed,RF01854,SOFT,9,33,0.2727272727272727
AE016879.1/25115-25379,Rfam_seed,RF01854,FLOPPY,23,258,0.08914728682170543
AE017194.1/25229-25331,Rfam_seed,RF01854,FIRM,28,30,0.9333333333333333
AE017194.1/25229-25331,Rfam_seed,RF01854,SOFT,3,4,0.75
AE017194.1/25229-25331,Rfam_seed,RF01854,FLOPPY,2,51,0.0392156862745098
AE017333.1/30486-30751,Rfam_seed,RF01854,FIRM,50,56,0.8928571428571429
AE017333.1/30486-30751,Rfam_seed,RF01854,SOFT,8,38,0.21052631578947367
AE017333.1/30486-30751,Rfam_seed,RF01854,FLOPPY,21,329,0.06382978723404255
AJ938182.1/468421-468690,Rfam_seed,RF01854,FIRM,20,21,0.9523809523809523
AJ938182.1/468421-468690,Rfam_seed,RF01854,SOFT,26,39,0.6666666666666666
AJ938182.1/468421-468690,Rfam_seed,RF01854,FLOPPY,37,839,0.04410011918951132
AP006716.1/2548377-2548277,Rfam_seed,RF01854,FIRM,16,18,0.8888888888888888
AP006716.1/2548377-2548277,Rfam_seed,RF01854,SOFT,7,13,0.5384615384615384
AP006716.1/2548377-2548277,Rfam_seed,RF01854,FLOPPY,10,92,0.10869565217391304
AAEW02000009.1/28314-28685,Rfam_seed,RF00010,FIRM,56,77,0.7272727272727273
AAEW02000009.1/28314-28685,Rfam_seed,RF00010,SOFT,19,38,0.5
AAEW02000009.1/28314-28685,Rfam_seed,RF00010,FLOPPY,15,514,0.029182879377431907
AAMO01000002.1/442801-442402,Rfam_seed,RF00010,FIRM,46,63,0.7301587301587301
AAMO01000002.1/442801-442402,Rfam_seed,RF00010,SOFT,13,33,0.3939393939393939
AAMO01000002.1/442801-442402,Rfam_seed,RF00010,FLOPPY,28,828,0.033816425120772944
AAMR01000081.1/12435-12061,Rfam_seed,RF00010,FIRM,16,48,0.3333333333333333
AAMR01000081.1/12435-12061,Rfam_seed,RF00010,SOFT,18,35,0.5142857142857142
AAMR01000081.1/12435-12061,Rfam_seed,RF00010,FLOPPY,40,1117,0.03581020590868397
AANE01000023.1/29684-29331,Rfam_seed,RF00010,FIRM,56,63,0.8888888888888888
AANE01000023.1/29684-29331,Rfam_seed,RF00010,SOFT,5,20,0.25
AANE01000023.1/29684-29331,Rfam_seed,RF00010,FLOPPY,32,1003,0.031904287138584245
AAOB01000003.1/8301-7930,Rfam_seed,RF00010,FIRM,61,68,0.8970588235294118
AAOB01000003.1/8301-7930,Rfam_seed,RF00010,SOFT,15,26,0.5769230769230769
AAOB01000003.1/8301-7930,Rfam_seed,RF00010,FLOPPY,18,910,0.01978021978021978
AAOE01000014.1/15829-15485,Rfam_seed,RF00010,FIRM,51,57,0.8947368421052632
AAOE01000014.1/15829-15485,Rfam_seed,RF00010,SOFT,8,36,0.2222222222222222
AAOE01000014.1/15829-15485,Rfam_seed,RF00010,FLOPPY,32,558,0.05734767025089606
AAOH01000003.1/223452-223841,Rfam_seed,RF00010,FIRM,31,46,0.6739130434782609
AAOH01000003.1/223452-223841,Rfam_seed,RF00010,SOFT,18,53,0.33962264150943394
AAOH01000003.1/223452-223841,Rfam_seed,RF00010,FLOPPY,38,1047,0.03629417382999045
AAOU01000016.1/100989-100601,Rfam_seed,RF00010,FIRM,38,49,0.7755102040816326
AAOU01000016.1/100989-100601,Rfam_seed,RF00010,SOFT,13,58,0.22413793103448276
AAOU01000016.1/100989-100601,Rfam_seed,RF00010,FLOPPY,35,660,0.05303030303030303
AAOW01000035.1/17820-17459,Rfam_seed,RF00010,FIRM,44,77,0.5714285714285714
AAOW01000035.1/17820-17459,Rfam_seed,RF00010,SOFT,10,28,0.35714285714285715
AAOW01000035.1/17820-17459,Rfam_seed,RF00010,FLOPPY,30,691,0.04341534008683068
AAPI01000003.1/215670-216054,Rfam_seed,RF00010,FIRM,54,78,0.6923076923076923
AAPI01000003.1/215670-216054,Rfam_seed,RF00010,SOFT,13,39,0.3333333333333333
AAPI01000003.1/215670-216054,Rfam_seed,RF00010,FLOPPY,25,870,0.028735632183908046
AAQH01000027.1/16807-16441,Rfam_seed,RF00010,FIRM,50,81,0.6172839506172839
AAQH01000027.1/16807-16441,Rfam_seed,RF00010,SOFT,12,24,0.5
AAQH01000027.1/16807-16441,Rfam_seed,RF00010,FLOPPY,28,501,0.05588822355289421
AAQJ02000001.1/918442-918085,Rfam_seed,RF00010,FIRM,53,68,0.7794117647058824
AAQJ02000001.1/918442-918085,Rfam_seed,RF00010,SOFT,20,26,0.7692307692307693
AAQJ02000001.1/918442-918085,Rfam_seed,RF00010,FLOPPY,24,648,0.037037037037037035
AJ243001.2/347-509,Rfam_seed,RF00003,FIRM,17,33,0.5151515151515151
AJ243001.2/347-509,Rfam_seed,RF00003,SOFT,6,16,0.375
AJ243001.2/347-509,Rfam_seed,RF00003,FLOPPY,11,170,0.06470588235294118
AY198211.1/1-163,Rfam_seed,RF00003,FIRM,14,15,0.9333333333333333
AY198211.1/1-163,Rfam_seed,RF00003,SOFT,11,30,0.36666666666666664
AY198211.1/1-163,Rfam_seed,RF00003,FLOPPY,14,300,0.04666666666666667
AY198213.1/1-163,Rfam_seed,RF00003,FIRM,12,13,0.9230769230769231
AY198213.1/1-163,Rfam_seed,RF00003,SOFT,6,29,0.20689655172413793
AY198213.1/1-163,Rfam_seed,RF00003,FLOPPY,23,283,0.0812720848056537
J00318.1/433-596,Rfam_seed,RF00003,FIRM,17,20,0.85
J00318.1/433-596,Rfam_seed,RF00003,SOFT,3,10,0.3
J00318.1/433-596,Rfam_seed,RF00003,FLOPPY,23,242,0.09504132231404959
J00645.1/51-213,Rfam_seed,RF00003,FIRM,5,8,0.625
J00645.1/51-213,Rfam_seed,RF00003,SOFT,5,21,0.23809523809523808
J00645.1/51-213,Rfam_seed,RF00003,FLOPPY,33,400,0.0825
J00914.1/146-309,Rfam_seed,RF00003,FIRM,2,6,0.3333333333333333
J00914.1/146-309,Rfam_seed,RF00003,SOFT,4,20,0.2
J00914.1/146-309,Rfam_seed,RF00003,FLOPPY,39,421,0.09263657957244656
J01156.1/9-172,Rfam_seed,RF00003,FIRM,12,17,0.7058823529411765
J01156.1/9-172,Rfam_seed,RF00003,SOFT,30,34,0.8823529411764706
J01156.1/9-172,Rfam_seed,RF00003,FLOPPY,1,331,0.0030211480362537764
K00529.1/225-388,Rfam_seed,RF00003,FIRM,16,19,0.8421052631578947
K00529.1/225-388,Rfam_seed,RF00003,SOFT,24,28,0.8571428571428571
K00529.1/225-388,Rfam_seed,RF00003,FLOPPY,4,280,0.014285714285714285
K00788.1/2-165,Rfam_seed,RF00003,FIRM,17,20,0.85
K00788.1/2-165,Rfam_seed,RF00003,SOFT,3,10,0.3
K00788.1/2-165,Rfam_seed,RF00003,FLOPPY,23,242,0.09504132231404959
K03128.1/241-77,Rfam_seed,RF00003,FIRM,16,19,0.8421052631578947
K03128.1/241-77,Rfam_seed,RF00003,SOFT,0,32,0.0
K03128.1/241-77,Rfam_seed,RF00003,FLOPPY,28,340,0.08235294117647059
L25915.1/1-159,Rfam_seed,RF00003,FIRM,11,17,0.6470588235294118
L25915.1/1-159,Rfam_seed,RF00003,SOFT,20,28,0.7142857142857143
L25915.1/1-159,Rfam_seed,RF00003,FLOPPY,6,261,0.022988505747126436
AAAA02007579.1/14294-14490,Rfam_seed,RF00004,FIRM,35,52,0.6730769230769231
AAAA02007579.1/14294-14490,Rfam_seed,RF00004,SOFT,0,13,0.0
AAAA02007579.1/14294-14490,Rfam_seed,RF00004,FLOPPY,7,186,0.03763440860215054
AABL01000318.1/11806-12005,Rfam_seed,RF00004,FIRM,21,21,1.0
AABL01000318.1/11806-12005,Rfam_seed,RF00004,SOFT,2,19,0.10526315789473684
AABL01000318.1/11806-12005,Rfam_seed,RF00004,FLOPPY,17,409,0.04156479217603912
AACA01000784.1/509-337,Rfam_seed,RF00004,FIRM,12,17,0.7058823529411765
AACA01000784.1/509-337,Rfam_seed,RF00004,SOFT,1,27,0.037037037037037035
AACA01000784.1/509-337,Rfam_seed,RF00004,FLOPPY,11,494,0.022267206477732792
AACI02000565.1/65-236,Rfam_seed,RF00004,FIRM,9,16,0.5625
AACI02000565.1/65-236,Rfam_seed,RF00004,SOFT,11,19,0.5789473684210527
AACI02000565.1/65-236,Rfam_seed,RF00004,FLOPPY,5,449,0.011135857461024499
AACP01000091.1/4899-4707,Rfam_seed,RF00004,FIRM,26,45,0.5777777777777777
AACP01000091.1/4899-4707,Rfam_seed,RF00004,SOFT,1,6,0.16666666666666666
AACP01000091.1/4899-4707,Rfam_seed,RF00004,FLOPPY,6,254,0.023622047244094488
AACQ01000018.1/49571-49783,Rfam_seed,RF00004,FIRM,30,34,0.8823529411764706
AACQ01000018.1/49571-49783,Rfam_seed,RF00004,SOFT,7,19,0.3684210526315789
AACQ01000018.1/49571-49783,Rfam_seed,RF00004,FLOPPY,0,403,0.0
AADA01287270.1/15999-15809,Rfam_seed,RF00004,FIRM,30,40,0.75
AADA01287270.1/15999-15809,Rfam_seed,RF00004,SOFT,2,16,0.125
AADA01287270.1/15999-15809,Rfam_seed,RF00004,FLOPPY,5,120,0.041666666666666664
AADG06003467.1/1334-1527,Rfam_seed,RF00004,FIRM,34,35,0.9714285714285714
AADG06003467.1/1334-1527,Rfam_seed,RF00004,SOFT,3,21,0.14285714285714285
AADG06003467.1/1334-1527,Rfam_seed,RF00004,FLOPPY,6,212,0.02830188679245283
AAAB01008933.1/1598961-1598821,Rfam_seed,RF00015,FIRM,8,12,0.6666666666666666
AAAB01008933.1/1598961-1598821,Rfam_seed,RF00015,SOFT,12,24,0.5
AAAB01008933.1/1598961-1598821,Rfam_seed,RF00015,FLOPPY,6,206,0.02912621359223301
AACD01000007.1/178412-178544,Rfam_seed,RF00015,FIRM,19,19,1.0
AACD01000007.1/178412-178544,Rfam_seed,RF00015,SOFT,2,7,0.2857142857142857
AACD01000007.1/178412-178544,Rfam_seed,RF00015,FLOPPY,1,377,0.002652519893899204
AACF01000119.1/10356-10566,Rfam_seed,RF00015,FIRM,7,20,0.35
AACF01000119.1/10356-10566,Rfam_seed,RF00015,SOFT,10,34,0.29411764705882354
AACF01000119.1/10356-10566,Rfam_seed,RF00015,FLOPPY,8,599,0.01335559265442404
AACI02000576.1/2356-2546,Rfam_seed,RF00015,FIRM,7,14,0.5
AACI02000576.1/2356-2546,Rfam_seed,RF00015,SOFT,5,25,0.2
AACI02000576.1/2356-2546,Rfam_seed,RF00015,FLOPPY,9,520,0.01730769230769231
AACM02000196.1/54942-55125,Rfam_seed,RF00015,FIRM,9,23,0.391304347826087
AACM02000196.1/54942-55125,Rfam_seed,RF00015,SOFT,1,30,0.03333333333333333
AACM02000196.1/54942-55125,Rfam_seed,RF00015,FLOPPY,12,515,0.02330097087378641
AACP01000036.1/91007-91135,Rfam_seed,RF00015,FIRM,14,14,1.0
AACP01000036.1/91007-91135,Rfam_seed,RF00015,SOFT,4,23,0.17391304347826086
AACP01000036.1/91007-91135,Rfam_seed,RF00015,FLOPPY,6,336,0.017857142857142856
AACS02000001.1/566465-566333,Rfam_seed,RF00015,FIRM,7,16,0.4375
AACS02000001.1/566465-566333,Rfam_seed,RF00015,SOFT,0,21,0.0
AACS02000001.1/566465-566333,Rfam_seed,RF00015,FLOPPY,12,205,0.05853658536585366
AACU03000146.1/753634-753781,Rfam_seed,RF00015,FIRM,9,12,0.75
AACU03000146.1/753634-753781,Rfam_seed,RF00015,SOFT,8,26,0.3076923076923077
AACU03000146.1/753634-753781,Rfam_seed,RF00015,FLOPPY,8,361,0.0221606648199446
AACW02000210.1/206231-206366,Rfam_seed,RF00015,FIRM,15,15,1.0
AACW02000210.1/206231-206366,Rfam_seed,RF00015,SOFT,2,14,0.14285714285714285
AACW02000210.1/206231-206366,Rfam_seed,RF00015,FLOPPY,9,316,0.028481012658227847
AACY020397167.1/942-809,Rfam_seed,RF00015,FIRM,16,24,0.6666666666666666
AACY020397167.1/942-809,Rfam_seed,RF00015,SOFT,4,13,0.3076923076923077
AACY020397167.1/942-809,Rfam_seed,RF00015,FLOPPY,4,138,0.028985507246376812
AADK01043685.1/1410-1272,Rfam_seed,RF00015,FIRM,15,32,0.46875
AADK01043685.1/1410-1272,Rfam_seed,RF00015,SOFT,2,10,0.2
AADK01043685.1/1410-1272,Rfam_seed,RF00015,FLOPPY,8,66,0.12121212121212122
AABL01000365.1/9537-9644,Rfam_seed,RF00026,FIRM,5,17,0.29411764705882354
AABL01000365.1/9537-9644,Rfam_seed,RF00026,SOFT,0,7,0.0
AABL01000365.1/9537-9644,Rfam_seed,RF00026,FLOPPY,0,239,0.0
AABU01002774.1/16804311-16804417,Rfam_seed,RF00026,FIRM,4,19,0.21052631578947367
AABU01002774.1/16804311-16804417,Rfam_seed,RF00026,SOFT,0,7,0.0
AABU01002774.1/16804311-16804417,Rfam_seed,RF00026,FLOPPY,1,115,0.008695652173913044
AABX02000022.1/362974-363076,Rfam_seed,RF00026,FIRM,0,0,
AABX02000022.1/362974-363076,Rfam_seed,RF00026,SOFT,4,17,0.23529411764705882
AABX02000022.1/362974-363076,Rfam_seed,RF00026,FLOPPY,0,232,0.0
AACO02000104.1/123353-123240,Rfam_seed,RF00026,FIRM,5,11,0.45454545454545453
AACO02000104.1/123353-123240,Rfam_seed,RF00026,SOFT,0,9,0.0
AACO02000104.1/123353-123240,Rfam_seed,RF00026,FLOPPY,0,313,0.0
AACT01041609.1/35558-35664,Rfam_seed,RF00026,FIRM,4,17,0.23529411764705882
AACT01041609.1/35558-35664,Rfam_seed,RF00026,SOFT,0,7,0.0
AACT01041609.1/35558-35664,Rfam_seed,RF00026,FLOPPY,1,126,0.007936507936507936
AACW02000046.1/25302-25425,Rfam_seed,RF00026,FIRM,4,25,0.16
AACW02000046.1/25302-25425,Rfam_seed,RF00026,SOFT,0,1,0.0
AACW02000046.1/25302-25425,Rfam_seed,RF00026,FLOPPY,0,247,0.0
AADM01000279.1/397-288,Rfam_seed,RF00026,FIRM,0,10,0.0
AADM01000279.1/397-288,Rfam_seed,RF00026,SOFT,0,17,0.0
AADM01000279.1/397-288,Rfam_seed,RF00026,FLOPPY,0,243,0.0
AAKK02000001.1/258130-258269,Rfam_seed,RF00050,FIRM,15,26,0.5769230769230769
AAKK02000001.1/258130-258269,Rfam_seed,RF00050,SOFT,1,11,0.09090909090909091
AAKK02000001.1/258130-258269,Rfam_seed,RF00050,FLOPPY,11,227,0.048458149779735685
AANE01000019.1/87182-87037,Rfam_seed,RF00050,FIRM,13,25,0.52
AANE01000019.1/87182-87037,Rfam_seed,RF00050,SOFT,4,9,0.4444444444444444
AANE01000019.1/87182-87037,Rfam_seed,RF00050,FLOPPY,9,225,0.04
AAOU01000004.1/94074-94215,Rfam_seed,RF00050,FIRM,5,15,0.3333333333333333
AAOU01000004.1/94074-94215,Rfam_seed,RF00050,SOFT,9,19,0.47368421052631576
AAOU01000004.1/94074-94215,Rfam_seed,RF00050,FLOPPY,12,220,0.05454545454545454
AAOX01000016.1/69993-70130,Rfam_seed,RF00050,FIRM,11,17,0.6470588235294118
AAOX01000016.1/69993-70130,Rfam_seed,RF00050,SOFT,4,15,0.26666666666666666
AAOX01000016.1/69993-70130,Rfam_seed,RF00050,FLOPPY,8,241,0.03319502074688797
AAPG01000027.1/38942-39095,Rfam_seed,RF00050,FIRM,18,34,0.5294117647058824
AAPG01000027.1/38942-39095,Rfam_seed,RF00050,SOFT,1,7,0.14285714285714285
AAPG01000027.1/38942-39095,Rfam_seed,RF00050,FLOPPY,5,128,0.0390625
AASE01000003.1/858-707,Rfam_seed,RF00050,FIRM,11,26,0.4230769230769231
AASE01000003.1/858-707,Rfam_seed,RF00050,SOFT,4,17,0.23529411764705882
AASE01000003.1/858-707,Rfam_seed,RF00050,FLOPPY,11,179,0.061452513966480445
AAXB02000021.1/33038-32924,Rfam_seed,RF00050,FIRM,15,19,0.7894736842105263
AAXB02000021.1/33038-32924,Rfam_seed,RF00050,SOFT,3,8,0.375
AAXB02000021.1/33038-32924,Rfam_seed,RF00050,FLOPPY,3,146,0.02054794520547945
ABAH01000018.1/164932-164783,Rfam_seed,RF00050,FIRM,12,24,0.5
ABAH01000018.1/164932-164783,Rfam_seed,RF00050,SOFT,3,15,0.2
ABAH01000018.1/164932-164783,Rfam_seed,RF00050,FLOPPY,12,171,0.07017543859649122
AACY020322622.1/575-479,Rfam_seed,RF00162,FIRM,21,25,0.84
AACY020322622.1/575-479,Rfam_seed,RF00162,SOFT,2,3,0.6666666666666666
AACY020322622.1/575-479,Rfam_seed,RF00162,FLOPPY,2,40,0.05
AAFX01122557.1/25-152,Rfam_seed,RF00162,FIRM,23,27,0.8518518518518519
AAFX01122557.1/25-152,Rfam_seed,RF00162,SOFT,0,12,0.0
AAFX01122557.1/25-152,Rfam_seed,RF00162,FLOPPY,9,166,0.05421686746987952
AANA01000001.1/1389418-1389294,Rfam_seed,RF00162,FIRM,17,27,0.6296296296296297
AANA01000001.1/1389418-1389294,Rfam_seed,RF00162,SOFT,6,10,0.6
AANA01000001.1/1389418-1389294,Rfam_seed,RF00162,FLOPPY,5,140,0.03571428571428571
AANC01000003.1/237429-237533,Rfam_seed,RF00162,FIRM,25,27,0.9259259259259259
AANC01000003.1/237429-237533,Rfam_seed,RF00162,SOFT,3,3,1.0
AANC01000003.1/237429-237533,Rfam_seed,RF00162,FLOPPY,2,62,0.03225806451612903
AAOX01000002.1/320062-320165,Rfam_seed,RF00162,FIRM,22,27,0.8148148148148148
AAOX01000002.1/320062-320165,Rfam_seed,RF00162,SOFT,1,6,0.16666666666666666
AAOX01000002.1/320062-320165,Rfam_seed,RF00162,FLOPPY,5,25,0.2
AAOX01000002.1/320243-320340,Rfam_seed,RF00162,FIRM,26,27,0.9629629629629629
AAOX01000002.1/320243-320340,Rfam_seed,RF00162,SOFT,1,1,1.0
AAOX01000002.1/320243-320340,Rfam_seed,RF00162,FLOPPY,1,20,0.05
AAOX01000002.1/340881-340984,Rfam_seed,RF00162,FIRM,25,27,0.9259259259259259
AAOX01000002.1/340881-340984,Rfam_seed,RF00162,SOFT,2,9,0.2222222222222222
AAOX01000002.1/340881-340984,Rfam_seed,RF00162,FLOPPY,2,59,0.03389830508474576
AARG01000011.1/103271-103357,Rfam_seed,RF00162,FIRM,16,16,1.0
AARG01000011.1/103271-103357,Rfam_seed,RF00162,SOFT,0,7,0.0
AARG01000011.1/103271-103357,Rfam_seed,RF00162,FLOPPY,7,97,0.07216494845360824
AARI02000249.1/265-361,Rfam_seed,RF00162,FIRM,6,20,0.3
AARI02000249.1/265-361,Rfam_seed,RF00162,SOFT,3,7,0.42857142857142855
AARI02000249.1/265-361,Rfam_seed,RF00162,FLOPPY,10,129,0.07751937984496124
AARL02000014.1/678-559,Rfam_seed,RF00162,FIRM,22,37,0.5945945945945946
AARL02000014.1/678-559,Rfam_seed,RF00162,SOFT,0,1,0.0
AARL02000014.1/678-559,Rfam_seed,RF00162,FLOPPY,6,39,0.15384615384615385
AARM02000086.1/6918-7038,Rfam_seed,RF00162,FIRM,18,31,0.5806451612903226
AARM02000086.1/6918-7038,Rfam_seed,RF00162,SOFT,1,5,0.2
AARM02000086.1/6918-7038,Rfam_seed,RF00162,FLOPPY,10,94,0.10638297872340426
AASE01000018.1/36798-36683,Rfam_seed,RF00162,FIRM,23,25,0.92
AASE01000018.1/36798-36683,Rfam_seed,RF00162,SOFT,2,4,0.5
AASE01000018.1/36798-36683,Rfam_seed,RF00162,FLOPPY,7,87,0.08045977011494253
AACY020193176.1/1612-1511,Rfam_seed,RF00167,FIRM,15,15,1.0
AACY020193176.1/1612-1511,Rfam_seed,RF00167,SOFT,4,4,1.0
AACY020193176.1/1612-1511,Rfam_seed,RF00167,FLOPPY,1,189,0.005291005291005291
AAEK01000017.1/86437-86538,Rfam_seed,RF00167,FIRM,13,13,1.0
AAEK01000017.1/86437-86538,Rfam_seed,RF00167,SOFT,7,7,1.0
AAEK01000017.1/86437-86538,Rfam_seed,RF00167,FLOPPY,0,139,0.0
AAEQ01000019.1/51159-51260,Rfam_seed,RF00167,FIRM,11,11,1.0
AAEQ01000019.1/51159-51260,Rfam_seed,RF00167,SOFT,6,11,0.5454545454545454
AAEQ01000019.1/51159-51260,Rfam_seed,RF00167,FLOPPY,2,145,0.013793103448275862
AAMR01000003.1/106610-106709,Rfam_seed,RF00167,FIRM,0,0,
AAMR01000003.1/106610-106709,Rfam_seed,RF00167,SOFT,17,17,1.0
AAMR01000003.1/106610-106709,Rfam_seed,RF00167,FLOPPY,1,333,0.003003003003003003
AANE01000012.1/49153-49054,Rfam_seed,RF00167,FIRM,8,10,0.8
AANE01000012.1/49153-49054,Rfam_seed,RF00167,SOFT,3,13,0.23076923076923078
AANE01000012.1/49153-49054,Rfam_seed,RF00167,FLOPPY,5,219,0.0228310502283105
AAOX01000007.1/111657-111757,Rfam_seed,RF00167,FIRM,7,7,1.0
AAOX01000007.1/111657-111757,Rfam_seed,RF00167,SOFT,10,13,0.7692307692307693
AAOX01000007.1/111657-111757,Rfam_seed,RF00167,FLOPPY,3,215,0.013953488372093023
AAOX01000028.1/42464-42565,Rfam_seed,RF00167,FIRM,13,13,1.0
AAOX01000028.1/42464-42565,Rfam_seed,RF00167,SOFT,6,6,1.0
AAOX01000028.1/42464-42565,Rfam_seed,RF00167,FLOPPY,0,191,0.0
AAPS01000004.1/87369-87468,Rfam_seed,RF00167,FIRM,11,16,0.6875
AAPS01000004.1/87369-87468,Rfam_seed,RF00167,SOFT,6,6,1.0
AAPS01000004.1/87369-87468,Rfam_seed,RF00167,FLOPPY,1,127,0.007874015748031496
AAXV01000001.1/277776-277678,Rfam_seed,RF00167,FIRM,20,21,0.9523809523809523
AAXV01000001.1/277776-277678,Rfam_seed,RF00167,SOFT,0,2,0.0
AAXV01000001.1/277776-277678,Rfam_seed,RF00167,FLOPPY,0,65,0.0
AAXV01000001.1/285704-285603,Rfam_seed,RF00167,FIRM,11,11,1.0
AAXV01000001.1/285704-285603,Rfam_seed,RF00167,SOFT,0,17,0.0
AAXV01000001.1/285704-285603,Rfam_seed,RF00167,FLOPPY,8,165,0.048484848484848485
AAXV01000026.1/31334-31233,Rfam_seed,RF00167,FIRM,19,19,1.0
AAXV01000026.1/31334-31233,Rfam_seed,RF00167,SOFT,1,2,0.5
AAXV01000026.1/31334-31233,Rfam_seed,RF00167,FLOPPY,1,135,0.007407407407407408
AB008757.1/115-16,Rfam_seed,RF00167,FIRM,22,28,0.7857142857142857
AB008757.1/115-16,Rfam_seed,RF00167,SOFT,0,0,
AB008757.1/115-16,Rfam_seed,RF00167,FLOPPY,0,32,0.0
AAEK01000033.1/47712-47817,Rfam_seed,RF00059,FIRM,16,19,0.8421052631578947
AAEK01000033.1/47712-47817,Rfam_seed,RF00059,SOFT,6,10,0.6
AAEK01000033.1/47712-47817,Rfam_seed,RF00059,FLOPPY,5,67,0.07462686567164178
AALV01000001.1/1015631-1015532,Rfam_seed,RF00059,FIRM,6,6,1.0
AALV01000001.1/1015631-1015532,Rfam_seed,RF00059,SOFT,1,19,0.05263157894736842
AALV01000001.1/1015631-1015532,Rfam_seed,RF00059,FLOPPY,15,220,0.06818181818181818
AARF01000324.1/6363-6261,Rfam_seed,RF00059,FIRM,17,19,0.8947368421052632
AARF01000324.1/6363-6261,Rfam_seed,RF00059,SOFT,4,10,0.4
AARF01000324.1/6363-6261,Rfam_seed,RF00059,FLOPPY,5,84,0.05952380952380952
AB087258.1/15478-15568,Rfam_seed,RF00059,FIRM,11,17,0.6470588235294118
AB087258.1/15478-15568,Rfam_seed,RF00059,SOFT,0,9,0.0
AB087258.1/15478-15568,Rfam_seed,RF00059,FLOPPY,9,80,0.1125
AB118748.1/319-422,Rfam_seed,RF00059,FIRM,0,22,0.0
AB118748.1/319-422,Rfam_seed,RF00059,SOFT,0,9,0.0
AB118748.1/319-422,Rfam_seed,RF00059,FLOPPY,0,75,0.0
AC005496.3/78625-78498,Rfam_seed,RF00059,FIRM,4,15,0.26666666666666666
AC005496.3/78625-78498,Rfam_seed,RF00059,SOFT,6,8,0.75
AC005496.3/78625-78498,Rfam_seed,RF00059,FLOPPY,12,339,0.035398230088495575
AE004439.1/444121-444213,Rfam_seed,RF00059,FIRM,9,14,0.6428571428571429
AE004439.1/444121-444213,Rfam_seed,RF00059,SOFT,2,13,0.15384615384615385
AE004439.1/444121-444213,Rfam_seed,RF00059,FLOPPY,10,133,0.07518796992481203
AE007317.1/646024-645926,Rfam_seed,RF00059,FIRM,0,5,0.0
AE007317.1/646024-645926,Rfam_seed,RF00059,SOFT,5,16,0.3125
AE007317.1/646024-645926,Rfam_seed,RF00059,FLOPPY,15,217,0.06912442396313365
AE008691.1/1524796-1524694,Rfam_seed,RF00059,FIRM,3,8,0.375
AE008691.1/1524796-1524694,Rfam_seed,RF00059,SOFT,5,12,0.4166666666666667
AE008691.1/1524796-1524694,Rfam_seed,RF00059,FLOPPY,16,142,0.11267605633802817
AE008691.1/2140374-2140272,Rfam_seed,RF00059,FIRM,8,9,0.8888888888888888
AE008691.1/2140374-2140272,Rfam_seed,RF00059,SOFT,7,17,0.4117647058823529
AE008691.1/2140374-2140272,Rfam_seed,RF00059,FLOPPY,9,138,0.06521739130434782
AE014074.1/464992-464896,Rfam_seed,RF00059,FIRM,10,17,0.5882352941176471
AE014074.1/464992-464896,Rfam_seed,RF00059,SOFT,1,7,0.14285714285714285
AE014074.1/464992-464896,Rfam_seed,RF00059,FLOPPY,11,138,0.07971014492753623
AAAP01002012.1/63-264,Rfam_seed,RF00174,FIRM,10,25,0.4
AAAP01002012.1/63-264,Rfam_seed,RF00174,SOFT,0,35,0.0
AAAP01002012.1/63-264,Rfam_seed,RF00174,FLOPPY,20,438,0.045662100456621
AAAP01003109.1/772-975,Rfam_seed,RF00174,FIRM,0,50,0.0
AAAP01003109.1/772-975,Rfam_seed,RF00174,SOFT,0,19,0.0
AAAP01003109.1/772-975,Rfam_seed,RF00174,FLOPPY,29,242,0.11983471074380166
AAAP01003520.1/1076-876,Rfam_seed,RF00174,FIRM,15,38,0.39473684210526316
AAAP01003520.1/1076-876,Rfam_seed,RF00174,SOFT,1,24,0.041666666666666664
AAAP01003520.1/1076-876,Rfam_seed,RF00174,FLOPPY,13,276,0.04710144927536232
AAEW02000019.1/41610-41804,Rfam_seed,RF00174,FIRM,16,25,0.64
AAEW02000019.1/41610-41804,Rfam_seed,RF00174,SOFT,3,23,0.13043478260869565
AAEW02000019.1/41610-41804,Rfam_seed,RF00174,FLOPPY,14,296,0.0472972972972973
AAEW02000025.1/17075-16894,Rfam_seed,RF00174,FIRM,16,26,0.6153846153846154
AAEW02000025.1/17075-16894,Rfam_seed,RF00174,SOFT,7,21,0.3333333333333333
AAEW02000025.1/17075-16894,Rfam_seed,RF00174,FLOPPY,11,368,0.029891304347826088
AAKX01000098.1/49369-49177,Rfam_seed,RF00174,FIRM,12,18,0.6666666666666666
AAKX01000098.1/49369-49177,Rfam_seed,RF00174,SOFT,4,15,0.26666666666666666
AAKX01000098.1/49369-49177,Rfam_seed,RF00174,FLOPPY,19,519,0.036608863198458574
AALC02000021.1/24189-24005,Rfam_seed,RF00174,FIRM,8,20,0.4
AALC02000021.1/24189-24005,Rfam_seed,RF00174,SOFT,9,33,0.2727272727272727
AALC02000021.1/24189-24005,Rfam_seed,RF00174,FLOPPY,14,313,0.04472843450479233
AALE02000017.1/13768-13946,Rfam_seed,RF00174,FIRM,2,12,0.16666666666666666
AALE02000017.1/13768-13946,Rfam_seed,RF00174,SOFT,13,16,0.8125
AALE02000017.1/13768-13946,Rfam_seed,RF00174,FLOPPY,8,531,0.015065913370998116
AALY01000001.1/1587847-1587654,Rfam_seed,RF00174,FIRM,10,21,0.47619047619047616
AALY01000001.1/1587847-1587654,Rfam_seed,RF00174,SOFT,2,13,0.15384615384615385
AALY01000001.1/1587847-1587654,Rfam_seed,RF00174,FLOPPY,19,528,0.03598484848484849
AALZ01000005.1/160175-160352,Rfam_seed,RF00174,FIRM,16,23,0.6956521739130435
AALZ01000005.1/160175-160352,Rfam_seed,RF00174,SOFT,4,15,0.26666666666666666
AALZ01000005.1/160175-160352,Rfam_seed,RF00174,FLOPPY,14,428,0.03271028037383177
AAMD01000084.1/10237-10454,Rfam_seed,RF00174,FIRM,23,40,0.575
AAMD01000084.1/10237-10454,Rfam_seed,RF00174,SOFT,0,14,0.0
AAMD01000084.1/10237-10454,Rfam_seed,RF00174,FLOPPY,13,510,0.025490196078431372
AE000516.2/79275-79185,Rfam_seed,RF00504,FIRM,0,0,
AE000516.2/79275-79185,Rfam_seed,RF00504,SOFT,13,19,0.6842105263157895
AE000516.2/79275-79185,Rfam_seed,RF00504,FLOPPY,7,176,0.03977272727272727
AE004439.1/116056-116172,Rfam_seed,RF00504,FIRM,17,30,0.5666666666666667
AE004439.1/116056-116172,Rfam_seed,RF00504,SOFT,1,2,0.5
AE004439.1/116056-116172,Rfam_seed,RF00504,FLOPPY,2,47,0.0425531914893617
AE008691.1/1826306-1826220,Rfam_seed,RF00504,FIRM,10,18,0.5555555555555556
AE008691.1/1826306-1826220,Rfam_seed,RF00504,SOFT,4,6,0.6666666666666666
AE008691.1/1826306-1826220,Rfam_seed,RF00504,FLOPPY,4,58,0.06896551724137931
AE008922.1/1299977-1299896,Rfam_seed,RF00504,FIRM,4,6,0.6666666666666666
AE008922.1/1299977-1299896,Rfam_seed,RF00504,SOFT,5,5,1.0
AE008922.1/1299977-1299896,Rfam_seed,RF00504,FLOPPY,10,229,0.043668122270742356
AE014292.2/713320-713218,Rfam_seed,RF00504,FIRM,2,8,0.25
AE014292.2/713320-713218,Rfam_seed,RF00504,SOFT,8,14,0.5714285714285714
AE014292.2/713320-713218,Rfam_seed,RF00504,FLOPPY,9,202,0.04455445544554455
AE017355.1/2242861-2242742,Rfam_seed,RF00504,FIRM,8,22,0.36363636363636365
AE017355.1/2242861-2242742,Rfam_seed,RF00504,SOFT,6,8,0.75
AE017355.1/2242861-2242742,Rfam_seed,RF00504,FLOPPY,5,89,0.056179775280898875
AE017355.1/2242962-2242862,Rfam_seed,RF00504,FIRM,8,24,0.3333333333333333
AE017355.1/2242962-2242862,Rfam_seed,RF00504,SOFT,1,5,0.2
AE017355.1/2242962-2242862,Rfam_seed,RF00504,FLOPPY,5,148,0.033783783783783786
AJ301559.2/6784-6876,Rfam_seed,RF00504,FIRM,0,18,0.0
AJ301559.2/6784-6876,Rfam_seed,RF00504,SOFT,0,10,0.0
AJ301559.2/6784-6876,Rfam_seed,RF00504,FLOPPY,4,86,0.046511627906976744
AL591978.1/212840-212931,Rfam_seed,RF00504,FIRM,16,18,0.8888888888888888
AL591978.1/212840-212931,Rfam_seed,RF00504,SOFT,1,7,0.14285714285714285
AL591978.1/212840-212931,Rfam_seed,RF00504,FLOPPY,5,55,0.09090909090909091
AL939123.1/278145-278052,Rfam_seed,RF00504,FIRM,15,22,0.6818181818181818
AL939123.1/278145-278052,Rfam_seed,RF00504,SOFT,0,3,0.0
AL939123.1/278145-278052,Rfam_seed,RF00504,FLOPPY,5,89,0.056179775280898875
AAAK03000021.1/12650-12476,Rfam_seed,RF00380,FIRM,14,19,0.7368421052631579
AAAK03000021.1/12650-12476,Rfam_seed,RF00380,SOFT,9,21,0.42857142857142855
AAAK03000021.1/12650-12476,Rfam_seed,RF00380,FLOPPY,21,359,0.0584958217270195
AAFX01011285.1/689-521,Rfam_seed,RF00380,FIRM,28,32,0.875
AAFX01011285.1/689-521,Rfam_seed,RF00380,SOFT,7,13,0.5384615384615384
AAFX01011285.1/689-521,Rfam_seed,RF00380,FLOPPY,9,246,0.036585365853658534
AAJM01000138.1/1999-1823,Rfam_seed,RF00380,FIRM,27,37,0.7297297297297297
AAJM01000138.1/1999-1823,Rfam_seed,RF00380,SOFT,11,20,0.55
AAJM01000138.1/1999-1823,Rfam_seed,RF00380,FLOPPY,5,132,0.03787878787878788
AAJM01000138.1/2313-2480,Rfam_seed,RF00380,FIRM,38,45,0.8444444444444444
AAJM01000138.1/2313-2480,Rfam_seed,RF00380,SOFT,2,4,0.5
AAJM01000138.1/2313-2480,Rfam_seed,RF00380,FLOPPY,2,183,0.01092896174863388
AAVL02000037.1/263157-262991,Rfam_seed,RF00380,FIRM,19,24,0.7916666666666666
AAVL02000037.1/263157-262991,Rfam_seed,RF00380,SOFT,10,30,0.3333333333333333
AAVL02000037.1/263157-262991,Rfam_seed,RF00380,FLOPPY,7,259,0.02702702702702703
AAXV01000059.1/1758-1594,Rfam_seed,RF00380,FIRM,34,35,0.9714285714285714
AAXV01000059.1/1758-1594,Rfam_seed,RF00380,SOFT,5,11,0.45454545454545453
AAXV01000059.1/1758-1594,Rfam_seed,RF00380,FLOPPY,6,133,0.045112781954887216
AB089921.1/2048-2202,Rfam_seed,RF00380,FIRM,22,30,0.7333333333333333
AB089921.1/2048-2202,Rfam_seed,RF00380,SOFT,2,14,0.14285714285714285
AB089921.1/2048-2202,Rfam_seed,RF00380,FLOPPY,10,239,0.04184100418410042
AB385841.1/13217-13047,Rfam_seed,RF00380,FIRM,36,48,0.75
AB385841.1/13217-13047,Rfam_seed,RF00380,SOFT,2,8,0.25
AB385841.1/13217-13047,Rfam_seed,RF00380,FLOPPY,8,107,0.07476635514018691
ABDQ01000001.1/467807-467647,Rfam_seed,RF00380,FIRM,28,38,0.7368421052631579
ABDQ01000001.1/467807-467647,Rfam_seed,RF00380,SOFT,5,9,0.5555555555555556
ABDQ01000001.1/467807-467647,Rfam_seed,RF00380,FLOPPY,3,126,0.023809523809523808
ABDV01000005.1/84537-84695,Rfam_seed,RF00380,FIRM,6,11,0.5454545454545454
ABDV01000005.1/84537-84695,Rfam_seed,RF00380,SOFT,1,24,0.041666666666666664
ABDV01000005.1/84537-84695,Rfam_seed,RF00380,FLOPPY,28,345,0.08115942028985507
ABQP01000004.1/146576-146420,Rfam_seed,RF00380,FIRM,24,34,0.7058823529411765
ABQP01000004.1/146576-146420,Rfam_seed,RF00380,SOFT,8,12,0.6666666666666666
ABQP01000004.1/146576-146420,Rfam_seed,RF00380,FLOPPY,5,90,0.05555555555555555
AAKK02000085.1/12844-12662,Rfam_seed,RF00168,FIRM,23,23,1.0
AAKK02000085.1/12844-12662,Rfam_seed,RF00168,SOFT,13,21,0.6190476190476191
AAKK02000085.1/12844-12662,Rfam_seed,RF00168,FLOPPY,13,270,0.04814814814814815
AAMR01000029.1/5147-5324,Rfam_seed,RF00168,FIRM,24,46,0.5217391304347826
AAMR01000029.1/5147-5324,Rfam_seed,RF00168,SOFT,1,7,0.14285714285714285
AAMR01000029.1/5147-5324,Rfam_seed,RF00168,FLOPPY,23,135,0.17037037037037037
AAOX01000015.1/22460-22639,Rfam_seed,RF00168,FIRM,45,54,0.8333333333333334
AAOX01000015.1/22460-22639,Rfam_seed,RF00168,SOFT,4,6,0.6666666666666666
AAOX01000015.1/22460-22639,Rfam_seed,RF00168,FLOPPY,1,88,0.011363636363636364
AAWP01000069.1/5541-5721,Rfam_seed,RF00168,FIRM,31,31,1.0
AAWP01000069.1/5541-5721,Rfam_seed,RF00168,SOFT,12,23,0.5217391304347826
AAWP01000069.1/5541-5721,Rfam_seed,RF00168,FLOPPY,6,202,0.0297029702970297
AE004439.1/1026545-1026371,Rfam_seed,RF00168,FIRM,29,29,1.0
AE004439.1/1026545-1026371,Rfam_seed,RF00168,SOFT,10,21,0.47619047619047616
AE004439.1/1026545-1026371,Rfam_seed,RF00168,FLOPPY,10,281,0.03558718861209965
AE016827.1/1325416-1325239,Rfam_seed,RF00168,FIRM,37,39,0.9487179487179487
AE016827.1/1325416-1325239,Rfam_seed,RF00168,SOFT,7,13,0.5384615384615384
AE016827.1/1325416-1325239,Rfam_seed,RF00168,FLOPPY,1,179,0.00558659217877095
AF269536.1/680-500,Rfam_seed,RF00168,FIRM,3,6,0.5
AF269536.1/680-500,Rfam_seed,RF00168,SOFT,12,38,0.3157894736842105
AF269536.1/680-500,Rfam_seed,RF00168,FLOPPY,16,456,0.03508771929824561
AL009126.3/3421348-3421169,Rfam_seed,RF00168,FIRM,22,22,1.0
AL009126.3/3421348-3421169,Rfam_seed,RF00168,SOFT,3,18,0.16666666666666666
AL009126.3/3421348-3421169,Rfam_seed,RF00168,FLOPPY,20,349,0.05730659025787966
BA000004.3/1819757-1819575,Rfam_seed,RF00168,FIRM,29,43,0.6744186046511628
BA000004.3/1819757-1819575,Rfam_seed,RF00168,SOFT,7,10,0.7
BA000004.3/1819757-1819575,Rfam_seed,RF00168,FLOPPY,9,157,0.05732484076433121
AARQ02000011.1/391-585,Rfam_seed,RF00234,FIRM,25,37,0.6756756756756757
AARQ02000011.1/391-585,Rfam_seed,RF00234,SOFT,8,15,0.5333333333333333
AARQ02000011.1/391-585,Rfam_seed,RF00234,FLOPPY,4,301,0.013289036544850499
AB006424.1/2989-3156,Rfam_seed,RF00234,FIRM,24,24,1.0
AB006424.1/2989-3156,Rfam_seed,RF00234,SOFT,8,13,0.6153846153846154
AB006424.1/2989-3156,Rfam_seed,RF00234,FLOPPY,4,271,0.014760147601476014
AE001437.1/179915-180075,Rfam_seed,RF00234,FIRM,17,41,0.4146341463414634
AE001437.1/179915-180075,Rfam_seed,RF00234,SOFT,2,5,0.4
AE001437.1/179915-180075,Rfam_seed,RF00234,FLOPPY,7,118,0.059322033898305086
AE008691.1/2101605-2101448,Rfam_seed,RF00234,FIRM,28,38,0.7368421052631579
AE008691.1/2101605-2101448,Rfam_seed,RF00234,SOFT,1,6,0.16666666666666666
AE008691.1/2101605-2101448,Rfam_seed,RF00234,FLOPPY,6,188,0.031914893617021274
AE016830.1/2055460-2055313,Rfam_seed,RF00234,FIRM,6,6,1.0
AE016830.1/2055460-2055313,Rfam_seed,RF00234,SOFT,16,16,1.0
AE016830.1/2055460-2055313,Rfam_seed,RF00234,FLOPPY,9,475,0.018947368421052633
AF270378.1/2268-2051,Rfam_seed,RF00234,FIRM,32,54,0.5925925925925926
AF270378.1/2268-2051,Rfam_seed,RF00234,SOFT,0,15,0.0
AF270378.1/2268-2051,Rfam_seed,RF00234,FLOPPY,5,208,0.02403846153846154
AP006716.1/888948-889158,Rfam_seed,RF00234,FIRM,25,50,0.5
AP006716.1/888948-889158,Rfam_seed,RF00234,SOFT,0,13,0.0
AP006716.1/888948-889158,Rfam_seed,RF00234,FLOPPY,10,146,0.0684931506849315
CP000557.1/163698-163870,Rfam_seed,RF00234,FIRM,21,26,0.8076923076923077
CP000557.1/163698-163870,Rfam_seed,RF00234,SOFT,10,20,0.5
CP000557.1/163698-163870,Rfam_seed,RF00234,FLOPPY,7,191,0.03664921465968586
FJ935779.1/2022-2192,Rfam_seed,RF00234,FIRM,30,31,0.967741935483871
FJ935779.1/2022-2192,Rfam_seed,RF00234,SOFT,3,12,0.25
FJ935779.1/2022-2192,Rfam_seed,RF00234,FLOPPY,4,245,0.0163265306122449
AAAA02039738.1/1593-1956,Rfam_seed,RF00023,FIRM,31,38,0.8157894736842105
AAAA02039738.1/1593-1956,Rfam_seed,RF00023,SOFT,18,47,0.3829787234042553
AAAA02039738.1/1593-1956,Rfam_seed,RF00023,FLOPPY,9,856,0.010514018691588784
AACV01028831.1/1594-1241,Rfam_seed,RF00023,FIRM,17,17,1.0
AACV01028831.1/1594-1241,Rfam_seed,RF00023,SOFT,5,62,0.08064516129032258
AACV01028831.1/1594-1241,Rfam_seed,RF00023,FLOPPY,39,1204,0.03239202657807309
AACY020396050.1/454-188,Rfam_seed,RF00023,FIRM,0,23,0.0
AACY020396050.1/454-188,Rfam_seed,RF00023,SOFT,0,54,0.0
AACY020396050.1/454-188,Rfam_seed,RF00023,FLOPPY,22,624,0.035256410256410256
AACY020561232.1/2642-2986,Rfam_seed,RF00023,FIRM,20,53,0.37735849056603776
AACY020561232.1/2642-2986,Rfam_seed,RF00023,SOFT,11,35,0.3142857142857143
AACY020561232.1/2642-2986,Rfam_seed,RF00023,FLOPPY,22,548,0.040145985401459854
AACY020561358.1/221-575,Rfam_seed,RF00023,FIRM,46,77,0.5974025974025974
AACY020561358.1/221-575,Rfam_seed,RF00023,SOFT,6,18,0.3333333333333333
AACY020561358.1/221-575,Rfam_seed,RF00023,FLOPPY,6,383,0.015665796344647518
AACY020564764.1/1738-2092,Rfam_seed,RF00023,FIRM,30,62,0.4838709677419355
AACY020564764.1/1738-2092,Rfam_seed,RF00023,SOFT,8,28,0.2857142857142857
AACY020564764.1/1738-2092,Rfam_seed,RF00023,FLOPPY,21,771,0.027237354085603113
AACY023318861.1/904-508,Rfam_seed,RF00023,FIRM,18,27,0.6666666666666666
AACY023318861.1/904-508,Rfam_seed,RF00023,SOFT,10,41,0.24390243902439024
AACY023318861.1/904-508,Rfam_seed,RF00023,FLOPPY,36,1255,0.028685258964143426
AADL01000160.1/2071-2429,Rfam_seed,RF00023,FIRM,21,63,0.3333333333333333
AADL01000160.1/2071-2429,Rfam_seed,RF00023,SOFT,11,51,0.21568627450980393
AADL01000160.1/2071-2429,Rfam_seed,RF00023,FLOPPY,29,559,0.0518783542039356
AAEW02000005.1/94749-94397,Rfam_seed,RF00023,FIRM,15,16,0.9375
AAEW02000005.1/94749-94397,Rfam_seed,RF00023,SOFT,10,43,0.23255813953488372
AAEW02000005.1/94749-94397,Rfam_seed,RF00023,FLOPPY,31,1247,0.024859663191659984
AAFJ01000006.1/109216-108858,Rfam_seed,RF00023,FIRM,17,40,0.425
AAFJ01000006.1/109216-108858,Rfam_seed,RF00023,SOFT,4,61,0.06557377049180328
AAFJ01000006.1/109216-108858,Rfam_seed,RF00023,FLOPPY,34,1005,0.03383084577114428
AAFX01004374.1/206-561,Rfam_seed,RF00023,FIRM,23,60,0.38333333333333336
AAFX01004374.1/206-561,Rfam_seed,RF00023,SOFT,1,29,0.034482758620689655
AAFX01004374.1/206-561,Rfam_seed,RF00023,FLOPPY,34,867,0.0392156862745098
AAFX01031538.1/449-804,Rfam_seed,RF00023,FIRM,34,74,0.4594594594594595
AAFX01031538.1/449-804,Rfam_seed,RF00023,SOFT,7,35,0.2
AAFX01031538.1/449-804,Rfam_seed,RF00023,FLOPPY,8,476,0.01680672268907563
