name,dataset,family,tier,tp,total,ppv
16s_E.coli_domain2,ArchiveII,16s,FIRM,39,62,0.6290322580645161
16s_E.coli_domain2,ArchiveII,16s,SOFT,5,39,0.1282051282051282
16s_E.coli_domain2,ArchiveII,16s,FLOPPY,0,16,0.0
16s_P.occultum_domain2,ArchiveII,16s,FIRM,45,76,0.5921052631578947
16s_P.occultum_domain2,ArchiveII,16s,SOFT,15,30,0.5
16s_P.occultum_domain2,ArchiveII,16s,FLOPPY,0,13,0.0
5s_Acremonium-persicinum-2,ArchiveII,5s,FIRM,11,11,1.0
5s_Acremonium-persicinum-2,ArchiveII,5s,SOFT,21,24,0.875
5s_Acremonium-persicinum-2,ArchiveII,5s,FLOPPY,1,3,0.3333333333333333
5s_Aeromonas-hydrophila-1,ArchiveII,5s,FIRM,14,18,0.7777777777777778
5s_Aeromonas-hydrophila-1,ArchiveII,5s,SOFT,12,17,0.7058823529411765
5s_Aeromonas-hydrophila-1,ArchiveII,5s,FLOPPY,1,3,0.3333333333333333
5s_Akkesiphycus-lubricum-1,ArchiveII,5s,FIRM,30,35,0.8571428571428571
5s_Akkesiphycus-lubricum-1,ArchiveII,5s,SOFT,3,3,1.0
5s_Akkesiphycus-lubricum-1,ArchiveII,5s,FLOPPY,1,1,1.0
5s_Amycolatopsis-lactamdurans-1,ArchiveII,5s,FIRM,14,15,0.9333333333333333
5s_Amycolatopsis-lactamdurans-1,ArchiveII,5s,SOFT,1,7,0.14285714285714285
5s_Amycolatopsis-lactamdurans-1,ArchiveII,5s,FLOPPY,0,12,0.0
5s_Amycolatopsis-mediterranei-1,ArchiveII,5s,FIRM,22,23,0.9565217391304348
5s_Amycolatopsis-mediterranei-1,ArchiveII,5s,SOFT,9,10,0.9
5s_Amycolatopsis-mediterranei-1,ArchiveII,5s,FLOPPY,2,2,1.0
5s_Auricularia-auricula-judae-1,ArchiveII,5s,FIRM,26,32,0.8125
5s_Auricularia-auricula-judae-1,ArchiveII,5s,SOFT,1,8,0.125
5s_Auricularia-auricula-judae-1,ArchiveII,5s,FLOPPY,0,0,
5s_Bacillus-anthracis-5,ArchiveII,5s,FIRM,10,11,0.9090909090909091
5s_Bacillus-anthracis-5,ArchiveII,5s,SOFT,2,3,0.6666666666666666
5s_Bacillus-anthracis-5,ArchiveII,5s,FLOPPY,0,24,0.0
5s_Bacillus-cereus-1,ArchiveII,5s,FIRM,9,10,0.9
5s_Bacillus-cereus-1,ArchiveII,5s,SOFT,3,4,0.75
5s_Bacillus-cereus-1,ArchiveII,5s,FLOPPY,0,24,0.0
5s_Bacillus-thuringiensis-2,ArchiveII,5s,FIRM,8,9,0.8888888888888888
5s_Bacillus-thuringiensis-2,ArchiveII,5s,SOFT,3,4,0.75
5s_Bacillus-thuringiensis-2,ArchiveII,5s,FLOPPY,0,24,0.0
5s_Bombyx-mori-1,ArchiveII,5s,FIRM,30,32,0.9375
5s_Bombyx-mori-1,ArchiveII,5s,SOFT,0,10,0.0
5s_Bombyx-mori-1,ArchiveII,5s,FLOPPY,0,0,
5s_Branchiostoma-belcheri-1,ArchiveII,5s,FIRM,19,20,0.95
5s_Branchiostoma-belcheri-1,ArchiveII,5s,SOFT,2,10,0.2
5s_Branchiostoma-belcheri-1,ArchiveII,5s,FLOPPY,0,6,0.0
5s_Brucella-suis-2,ArchiveII,5s,FIRM,21,22,0.9545454545454546
5s_Brucella-suis-2,ArchiveII,5s,SOFT,1,14,0.07142857142857142
5s_Brucella-suis-2,ArchiveII,5s,FLOPPY,0,4,0.0
5s_Burkholderia-caryophylli-1,ArchiveII,5s,FIRM,14,15,0.9333333333333333
5s_Burkholderia-caryophylli-1,ArchiveII,5s,SOFT,4,4,1.0
5s_Burkholderia-caryophylli-1,ArchiveII,5s,FLOPPY,0,13,0.0
5s_Candidatus-Pelagibacter-ubique-1,ArchiveII,5s,FIRM,8,8,1.0
5s_Candidatus-Pelagibacter-ubique-1,ArchiveII,5s,SOFT,4,22,0.18181818181818182
5s_Candidatus-Pelagibacter-ubique-1,ArchiveII,5s,FLOPPY,0,8,0.0
5s_Candidatus-Tremblaya-princeps-2,ArchiveII,5s,FIRM,6,22,0.2727272727272727
5s_Candidatus-Tremblaya-princeps-2,ArchiveII,5s,SOFT,1,7,0.14285714285714285
5s_Candidatus-Tremblaya-princeps-2,ArchiveII,5s,FLOPPY,0,6,0.0
5s_Chlamydophila-pneumoniae-1,ArchiveII,5s,FIRM,11,16,0.6875
5s_Chlamydophila-pneumoniae-1,ArchiveII,5s,SOFT,1,19,0.05263157894736842
5s_Chlamydophila-pneumoniae-1,ArchiveII,5s,FLOPPY,0,1,0.0
5s_Clostridium-acetobutylicum-2,ArchiveII,5s,FIRM,18,18,1.0
5s_Clostridium-acetobutylicum-2,ArchiveII,5s,SOFT,2,17,0.11764705882352941
5s_Clostridium-acetobutylicum-2,ArchiveII,5s,FLOPPY,0,2,0.0
5s_Clostridium-innocuum-1,ArchiveII,5s,FIRM,16,18,0.8888888888888888
5s_Clostridium-innocuum-1,ArchiveII,5s,SOFT,4,17,0.23529411764705882
5s_Clostridium-innocuum-1,ArchiveII,5s,FLOPPY,0,0,
5s_Colacogloea-peniophorae-1,ArchiveII,5s,FIRM,25,26,0.9615384615384616
5s_Colacogloea-peniophorae-1,ArchiveII,5s,SOFT,7,12,0.5833333333333334
5s_Colacogloea-peniophorae-1,ArchiveII,5s,FLOPPY,0,1,0.0
5s_Corynebacterium-diphtheriae-2,ArchiveII,5s,FIRM,14,19,0.7368421052631579
5s_Corynebacterium-diphtheriae-2,ArchiveII,5s,SOFT,2,9,0.2222222222222222
5s_Corynebacterium-diphtheriae-2,ArchiveII,5s,FLOPPY,0,12,0.0
5s_Cryptococcus-humicola-1,ArchiveII,5s,FIRM,30,31,0.967741935483871
5s_Cryptococcus-humicola-1,ArchiveII,5s,SOFT,1,3,0.3333333333333333
5s_Cryptococcus-humicola-1,ArchiveII,5s,FLOPPY,1,3,0.3333333333333333
5s_Cryptosporidium-parvum-1,ArchiveII,5s,FIRM,11,11,1.0
5s_Cryptosporidium-parvum-1,ArchiveII,5s,SOFT,0,2,0.0
5s_Cryptosporidium-parvum-1,ArchiveII,5s,FLOPPY,0,23,0.0
5s_Cryptosporidium-parvum-2,ArchiveII,5s,FIRM,11,11,1.0
5s_Cryptosporidium-parvum-2,ArchiveII,5s,SOFT,0,2,0.0
5s_Cryptosporidium-parvum-2,ArchiveII,5s,FLOPPY,0,23,0.0
5s_Drosophila-mauritiana-1,ArchiveII,5s,FIRM,30,37,0.8108108108108109
5s_Drosophila-mauritiana-1,ArchiveII,5s,SOFT,0,4,0.0
5s_Drosophila-mauritiana-1,ArchiveII,5s,FLOPPY,0,0,
5s_Drosophila-yakuba-1,ArchiveII,5s,FIRM,30,37,0.8108108108108109
5s_Drosophila-yakuba-1,ArchiveII,5s,SOFT,0,4,0.0
5s_Drosophila-yakuba-1,ArchiveII,5s,FLOPPY,0,0,
5s_Emericella-nidulans-1,ArchiveII,5s,FIRM,8,33,0.24242424242424243
5s_Emericella-nidulans-1,ArchiveII,5s,SOFT,1,8,0.125
5s_Emericella-nidulans-1,ArchiveII,5s,FLOPPY,0,0,
5s_Euglena-gracilis-2,ArchiveII,5s,FIRM,21,22,0.9545454545454546
5s_Euglena-gracilis-2,ArchiveII,5s,SOFT,0,15,0.0
5s_Euglena-gracilis-2,ArchiveII,5s,FLOPPY,0,2,0.0
5s_Fusarium-lunulosporum-3,ArchiveII,5s,FIRM,11,12,0.9166666666666666
5s_Fusarium-lunulosporum-3,ArchiveII,5s,SOFT,1,3,0.3333333333333333
5s_Fusarium-lunulosporum-3,ArchiveII,5s,FLOPPY,0,19,0.0
5s_Fusarium-lunulosporum-8,ArchiveII,5s,FIRM,11,11,1.0
5s_Fusarium-lunulosporum-8,ArchiveII,5s,SOFT,1,3,0.3333333333333333
5s_Fusarium-lunulosporum-8,ArchiveII,5s,FLOPPY,0,23,0.0
5s_Fusarium-sporotrichioides-5,ArchiveII,5s,FIRM,11,11,1.0
5s_Fusarium-sporotrichioides-5,ArchiveII,5s,SOFT,13,13,1.0
5s_Fusarium-sporotrichioides-5,ArchiveII,5s,FLOPPY,8,12,0.6666666666666666
5s_Haemophilus-aegyptius-1,ArchiveII,5s,FIRM,25,30,0.8333333333333334
5s_Haemophilus-aegyptius-1,ArchiveII,5s,SOFT,1,3,0.3333333333333333
5s_Haemophilus-aegyptius-1,ArchiveII,5s,FLOPPY,0,1,0.0
5s_Halobacterium-salinarum-1,ArchiveII,5s,FIRM,16,36,0.4444444444444444
5s_Halobacterium-salinarum-1,ArchiveII,5s,SOFT,0,3,0.0
5s_Halobacterium-salinarum-1,ArchiveII,5s,FLOPPY,0,0,
5s_Halorubrum-distributum-5,ArchiveII,5s,FIRM,18,18,1.0
5s_Halorubrum-distributum-5,ArchiveII,5s,SOFT,12,16,0.75
5s_Halorubrum-distributum-5,ArchiveII,5s,FLOPPY,2,3,0.6666666666666666
5s_Halorubrum-distributum-7,ArchiveII,5s,FIRM,13,16,0.8125
5s_Halorubrum-distributum-7,ArchiveII,5s,SOFT,5,9,0.5555555555555556
5s_Halorubrum-distributum-7,ArchiveII,5s,FLOPPY,9,12,0.75
5s_Helix-pomatia-1,ArchiveII,5s,FIRM,30,36,0.8333333333333334
5s_Helix-pomatia-1,ArchiveII,5s,SOFT,0,4,0.0
5s_Helix-pomatia-1,ArchiveII,5s,FLOPPY,0,2,0.0
5s_Herpetosiphon-aurantiacus-1,ArchiveII,5s,FIRM,13,14,0.9285714285714286
5s_Herpetosiphon-aurantiacus-1,ArchiveII,5s,SOFT,12,16,0.75
5s_Herpetosiphon-aurantiacus-1,ArchiveII,5s,FLOPPY,2,6,0.3333333333333333
5s_Lactobacillus-acidophilus-1,ArchiveII,5s,FIRM,4,21,0.19047619047619047
5s_Lactobacillus-acidophilus-1,ArchiveII,5s,SOFT,1,6,0.16666666666666666
5s_Lactobacillus-acidophilus-1,ArchiveII,5s,FLOPPY,0,6,0.0
5s_Methanospirillum-hungatei-1,ArchiveII,5s,FIRM,23,24,0.9583333333333334
5s_Methanospirillum-hungatei-1,ArchiveII,5s,SOFT,0,5,0.0
5s_Methanospirillum-hungatei-1,ArchiveII,5s,FLOPPY,0,9,0.0
5s_Moniliella-acetoabutans-1,ArchiveII,5s,FIRM,28,31,0.9032258064516129
5s_Moniliella-acetoabutans-1,ArchiveII,5s,SOFT,4,7,0.5714285714285714
5s_Moniliella-acetoabutans-1,ArchiveII,5s,FLOPPY,0,0,
5s_Nadsonia-fulvescens-1,ArchiveII,5s,FIRM,24,24,1.0
5s_Nadsonia-fulvescens-1,ArchiveII,5s,SOFT,7,12,0.5833333333333334
5s_Nadsonia-fulvescens-1,ArchiveII,5s,FLOPPY,1,1,1.0
5s_Natronomonas-pharaonis-1,ArchiveII,5s,FIRM,25,26,0.9615384615384616
5s_Natronomonas-pharaonis-1,ArchiveII,5s,SOFT,7,11,0.6363636363636364
5s_Natronomonas-pharaonis-1,ArchiveII,5s,FLOPPY,0,1,0.0
5s_Neurospora-africana-1,ArchiveII,5s,FIRM,8,8,1.0
5s_Neurospora-africana-1,ArchiveII,5s,SOFT,1,1,1.0
5s_Neurospora-africana-1,ArchiveII,5s,FLOPPY,12,31,0.3870967741935484
5s_Neurospora-crassa-9,ArchiveII,5s,FIRM,25,25,1.0
5s_Neurospora-crassa-9,ArchiveII,5s,SOFT,7,8,0.875
5s_Neurospora-crassa-9,ArchiveII,5s,FLOPPY,1,3,0.3333333333333333
5s_Oceanobacillus-iheyensis-3,ArchiveII,5s,FIRM,6,20,0.3
5s_Oceanobacillus-iheyensis-3,ArchiveII,5s,SOFT,0,1,0.0
5s_Oceanobacillus-iheyensis-3,ArchiveII,5s,FLOPPY,0,12,0.0
5s_Oenococcus-oeni-1,ArchiveII,5s,FIRM,6,6,1.0
5s_Oenococcus-oeni-1,ArchiveII,5s,SOFT,1,23,0.043478260869565216
5s_Oenococcus-oeni-1,ArchiveII,5s,FLOPPY,0,4,0.0
5s_Oerskovia-turbata-1,ArchiveII,5s,FIRM,26,26,1.0
5s_Oerskovia-turbata-1,ArchiveII,5s,SOFT,7,9,0.7777777777777778
5s_Oerskovia-turbata-1,ArchiveII,5s,FLOPPY,2,2,1.0
5s_Oryctolagus-cuniculus-1,ArchiveII,5s,FIRM,27,29,0.9310344827586207
5s_Oryctolagus-cuniculus-1,ArchiveII,5s,SOFT,7,10,0.7
5s_Oryctolagus-cuniculus-1,ArchiveII,5s,FLOPPY,0,0,
5s_Paracoccus-versutus-1,ArchiveII,5s,FIRM,11,11,1.0
5s_Paracoccus-versutus-1,ArchiveII,5s,SOFT,2,22,0.09090909090909091
5s_Paracoccus-versutus-1,ArchiveII,5s,FLOPPY,0,1,0.0
5s_Photobacterium-angustum-1,ArchiveII,5s,FIRM,19,30,0.6333333333333333
5s_Photobacterium-angustum-1,ArchiveII,5s,SOFT,2,4,0.5
5s_Photobacterium-angustum-1,ArchiveII,5s,FLOPPY,0,2,0.0
5s_Photobacterium-profundum-2,ArchiveII,5s,FIRM,8,8,1.0
5s_Photobacterium-profundum-2,ArchiveII,5s,SOFT,1,1,1.0
5s_Photobacterium-profundum-2,ArchiveII,5s,FLOPPY,0,31,0.0
5s_Pinus-silvestris-1,ArchiveII,5s,FIRM,27,29,0.9310344827586207
5s_Pinus-silvestris-1,ArchiveII,5s,SOFT,3,9,0.3333333333333333
5s_Pinus-silvestris-1,ArchiveII,5s,FLOPPY,0,0,
5s_Pirellula-sp.-1,ArchiveII,5s,FIRM,18,21,0.8571428571428571
5s_Pirellula-sp.-1,ArchiveII,5s,SOFT,8,11,0.7272727272727273
5s_Pirellula-sp.-1,ArchiveII,5s,FLOPPY,2,2,1.0
5s_Pseudonocardia-halophobica-1,ArchiveII,5s,FIRM,8,9,0.8888888888888888
5s_Pseudonocardia-halophobica-1,ArchiveII,5s,SOFT,15,15,1.0
5s_Pseudonocardia-halophobica-1,ArchiveII,5s,FLOPPY,12,13,0.9230769230769231
5s_Pseudonocardia-hydrocarbonoxydans-1,ArchiveII,5s,FIRM,17,18,0.9444444444444444
5s_Pseudonocardia-hydrocarbonoxydans-1,ArchiveII,5s,SOFT,17,17,1.0
5s_Pseudonocardia-hydrocarbonoxydans-1,ArchiveII,5s,FLOPPY,2,3,0.6666666666666666
5s_Pyrococcus-abyssi-1,ArchiveII,5s,FIRM,15,28,0.5357142857142857
5s_Pyrococcus-abyssi-1,ArchiveII,5s,SOFT,4,9,0.4444444444444444
5s_Pyrococcus-abyssi-1,ArchiveII,5s,FLOPPY,0,0,
5s_Rhcoc_fas1B,ArchiveII,5s,FIRM,27,27,1.0
5s_Rhcoc_fas1B,ArchiveII,5s,SOFT,0,2,0.0
5s_Rhcoc_fas1B,ArchiveII,5s,FLOPPY,0,6,0.0
5s_Saccoglossus-kowalevskii-1,ArchiveII,5s,FIRM,32,34,0.9411764705882353
5s_Saccoglossus-kowalevskii-1,ArchiveII,5s,SOFT,2,5,0.4
5s_Saccoglossus-kowalevskii-1,ArchiveII,5s,FLOPPY,0,0,
5s_Salmonella-enterica-8,ArchiveII,5s,FIRM,8,24,0.3333333333333333
5s_Salmonella-enterica-8,ArchiveII,5s,SOFT,2,10,0.2
5s_Salmonella-enterica-8,ArchiveII,5s,FLOPPY,0,5,0.0
5s_Salmonella-typhi-1,ArchiveII,5s,FIRM,0,0,
5s_Salmonella-typhi-1,ArchiveII,5s,SOFT,3,20,0.15
5s_Salmonella-typhi-1,ArchiveII,5s,FLOPPY,3,15,0.2
5s_Sandaracinobacter-sibiricus-1,ArchiveII,5s,FIRM,7,15,0.4666666666666667
5s_Sandaracinobacter-sibiricus-1,ArchiveII,5s,SOFT,1,9,0.1111111111111111
5s_Sandaracinobacter-sibiricus-1,ArchiveII,5s,FLOPPY,0,14,0.0
5s_Saprolegnia-ferax-1,ArchiveII,5s,FIRM,28,29,0.9655172413793104
5s_Saprolegnia-ferax-1,ArchiveII,5s,SOFT,5,6,0.8333333333333334
5s_Saprolegnia-ferax-1,ArchiveII,5s,FLOPPY,1,2,0.5
5s_Scenedesmus-obliquus-1,ArchiveII,5s,FIRM,14,19,0.7368421052631579
5s_Scenedesmus-obliquus-1,ArchiveII,5s,SOFT,1,17,0.058823529411764705
5s_Scenedesmus-obliquus-1,ArchiveII,5s,FLOPPY,0,4,0.0
5s_Secale-cereale-2,ArchiveII,5s,FIRM,26,30,0.8666666666666667
5s_Secale-cereale-2,ArchiveII,5s,SOFT,4,8,0.5
5s_Secale-cereale-2,ArchiveII,5s,FLOPPY,0,1,0.0
5s_Spirocodon-saltatrix-1,ArchiveII,5s,FIRM,29,31,0.9354838709677419
5s_Spirocodon-saltatrix-1,ArchiveII,5s,SOFT,1,11,0.09090909090909091
5s_Spirocodon-saltatrix-1,ArchiveII,5s,FLOPPY,0,0,
5s_Staphylococcus-aureus-3,ArchiveII,5s,FIRM,13,24,0.5416666666666666
5s_Staphylococcus-aureus-3,ArchiveII,5s,SOFT,4,11,0.36363636363636365
5s_Staphylococcus-aureus-3,ArchiveII,5s,FLOPPY,0,0,
5s_Staphylococcus-epidermidis-1,ArchiveII,5s,FIRM,5,5,1.0
5s_Staphylococcus-epidermidis-1,ArchiveII,5s,SOFT,2,18,0.1111111111111111
5s_Staphylococcus-epidermidis-1,ArchiveII,5s,FLOPPY,0,12,0.0
5s_Streptomyces-purpureus-1,ArchiveII,5s,FIRM,13,18,0.7222222222222222
5s_Streptomyces-purpureus-1,ArchiveII,5s,SOFT,2,7,0.2857142857142857
5s_Streptomyces-purpureus-1,ArchiveII,5s,FLOPPY,1,13,0.07692307692307693
5s_Symbiobacterium-thermophilum-4,ArchiveII,5s,FIRM,7,14,0.5
5s_Symbiobacterium-thermophilum-4,ArchiveII,5s,SOFT,0,7,0.0
5s_Symbiobacterium-thermophilum-4,ArchiveII,5s,FLOPPY,0,13,0.0
5s_Taphrina-deformans-1,ArchiveII,5s,FIRM,6,17,0.35294117647058826
5s_Taphrina-deformans-1,ArchiveII,5s,SOFT,1,10,0.1
5s_Taphrina-deformans-1,ArchiveII,5s,FLOPPY,0,10,0.0
5s_Vibrio-cincinnatiensis-1,ArchiveII,5s,FIRM,19,26,0.7307692307692307
5s_Vibrio-cincinnatiensis-1,ArchiveII,5s,SOFT,6,12,0.5
5s_Vibrio-cincinnatiensis-1,ArchiveII,5s,FLOPPY,0,0,
5s_Vibrio-fischeri-2,ArchiveII,5s,FIRM,19,30,0.6333333333333333
5s_Vibrio-fischeri-2,ArchiveII,5s,SOFT,1,3,0.3333333333333333
5s_Vibrio-fischeri-2,ArchiveII,5s,FLOPPY,0,2,0.0
5s_Wolbachia-pipientis-1,ArchiveII,5s,FIRM,0,4,0.0
5s_Wolbachia-pipientis-1,ArchiveII,5s,SOFT,10,14,0.7142857142857143
5s_Wolbachia-pipientis-1,ArchiveII,5s,FLOPPY,6,14,0.42857142857142855
RNaseP_A.truei,ArchiveII,RNaseP,FIRM,7,59,0.11864406779661017
RNaseP_A.truei,ArchiveII,RNaseP,SOFT,0,17,0.0
RNaseP_A.truei,ArchiveII,RNaseP,FLOPPY,7,27,0.25925925925925924
RNaseP_B.pertussis,ArchiveII,RNaseP,FIRM,66,78,0.8461538461538461
RNaseP_B.pertussis,ArchiveII,RNaseP,SOFT,22,43,0.5116279069767442
RNaseP_B.pertussis,ArchiveII,RNaseP,FLOPPY,0,17,0.0
RNaseP_C.limicola,ArchiveII,RNaseP,FIRM,25,33,0.7575757575757576
RNaseP_C.limicola,ArchiveII,RNaseP,SOFT,31,43,0.7209302325581395
RNaseP_C.limicola,ArchiveII,RNaseP,FLOPPY,21,48,0.4375
RNaseP_DU1,ArchiveII,RNaseP,FIRM,23,27,0.8518518518518519
RNaseP_DU1,ArchiveII,RNaseP,SOFT,6,9,0.6666666666666666
RNaseP_DU1,ArchiveII,RNaseP,FLOPPY,10,51,0.19607843137254902
RNaseP_EM14b-11,ArchiveII,RNaseP,FIRM,19,25,0.76
RNaseP_EM14b-11,ArchiveII,RNaseP,SOFT,29,47,0.6170212765957447
RNaseP_EM14b-11,ArchiveII,RNaseP,FLOPPY,0,29,0.0
RNaseP_ESH210B,ArchiveII,RNaseP,FIRM,47,51,0.9215686274509803
RNaseP_ESH210B,ArchiveII,RNaseP,SOFT,9,21,0.42857142857142855
RNaseP_ESH210B,ArchiveII,RNaseP,FLOPPY,0,31,0.0
RNaseP_ESH212C,ArchiveII,RNaseP,FIRM,55,58,0.9482758620689655
RNaseP_ESH212C,ArchiveII,RNaseP,SOFT,20,46,0.43478260869565216
RNaseP_ESH212C,ArchiveII,RNaseP,FLOPPY,0,3,0.0
RNaseP_G.gorilla,ArchiveII,RNaseP,FIRM,16,65,0.24615384615384617
RNaseP_G.gorilla,ArchiveII,RNaseP,SOFT,1,17,0.058823529411764705
RNaseP_G.gorilla,ArchiveII,RNaseP,FLOPPY,0,25,0.0
RNaseP_L.borgpetersenii,ArchiveII,RNaseP,FIRM,44,44,1.0
RNaseP_L.borgpetersenii,ArchiveII,RNaseP,SOFT,6,30,0.2
RNaseP_L.borgpetersenii,ArchiveII,RNaseP,FLOPPY,0,29,0.0
RNaseP_M.hyopneumoniae,ArchiveII,RNaseP,FIRM,69,106,0.6509433962264151
RNaseP_M.hyopneumoniae,ArchiveII,RNaseP,SOFT,6,19,0.3157894736842105
RNaseP_M.hyopneumoniae,ArchiveII,RNaseP,FLOPPY,0,9,0.0
RNaseP_M.maripaludus,ArchiveII,RNaseP,FIRM,35,38,0.9210526315789473
RNaseP_M.maripaludus,ArchiveII,RNaseP,SOFT,3,27,0.1111111111111111
RNaseP_M.maripaludus,ArchiveII,RNaseP,FLOPPY,1,6,0.16666666666666666
RNaseP_M.phosphovorus-JCM9380,ArchiveII,RNaseP,FIRM,47,54,0.8703703703703703
RNaseP_M.phosphovorus-JCM9380,ArchiveII,RNaseP,SOFT,13,22,0.5909090909090909
RNaseP_M.phosphovorus-JCM9380,ArchiveII,RNaseP,FLOPPY,2,23,0.08695652173913043
RNaseP_M.thermolithotrophicus,ArchiveII,RNaseP,FIRM,29,37,0.7837837837837838
RNaseP_M.thermolithotrophicus,ArchiveII,RNaseP,SOFT,7,22,0.3181818181818182
RNaseP_M.thermolithotrophicus,ArchiveII,RNaseP,FLOPPY,0,9,0.0
RNaseP_N.jensenii,ArchiveII,RNaseP,FIRM,17,17,1.0
RNaseP_N.jensenii,ArchiveII,RNaseP,SOFT,31,42,0.7380952380952381
RNaseP_N.jensenii,ArchiveII,RNaseP,FLOPPY,1,39,0.02564102564102564
RNaseP_P.strasburgensis,ArchiveII,RNaseP,FIRM,33,33,1.0
RNaseP_P.strasburgensis,ArchiveII,RNaseP,SOFT,13,59,0.22033898305084745
RNaseP_P.strasburgensis,ArchiveII,RNaseP,FLOPPY,0,10,0.0
RNaseP_PS4,ArchiveII,RNaseP,FIRM,32,33,0.9696969696969697
RNaseP_PS4,ArchiveII,RNaseP,SOFT,6,39,0.15384615384615385
RNaseP_PS4,ArchiveII,RNaseP,FLOPPY,7,15,0.4666666666666667
RNaseP_Prochlorococcus-TAK9803-2,ArchiveII,RNaseP,FIRM,32,32,1.0
RNaseP_Prochlorococcus-TAK9803-2,ArchiveII,RNaseP,SOFT,4,49,0.08163265306122448
RNaseP_Prochlorococcus-TAK9803-2,ArchiveII,RNaseP,FLOPPY,1,19,0.05263157894736842
RNaseP_SM-A03,ArchiveII,RNaseP,FIRM,29,42,0.6904761904761905
RNaseP_SM-A03,ArchiveII,RNaseP,SOFT,13,26,0.5
RNaseP_SM-A03,ArchiveII,RNaseP,FLOPPY,0,29,0.0
RNaseP_SM-A1417,ArchiveII,RNaseP,FIRM,51,62,0.8225806451612904
RNaseP_SM-A1417,ArchiveII,RNaseP,SOFT,9,21,0.42857142857142855
RNaseP_SM-A1417,ArchiveII,RNaseP,FLOPPY,0,7,0.0
RNaseP_SM-A1519,ArchiveII,RNaseP,FIRM,28,37,0.7567567567567568
RNaseP_SM-A1519,ArchiveII,RNaseP,SOFT,19,24,0.7916666666666666
RNaseP_SM-A1519,ArchiveII,RNaseP,FLOPPY,11,27,0.4074074074074074
RNaseP_SM-A1726,ArchiveII,RNaseP,FIRM,40,48,0.8333333333333334
RNaseP_SM-A1726,ArchiveII,RNaseP,SOFT,13,31,0.41935483870967744
RNaseP_SM-A1726,ArchiveII,RNaseP,FLOPPY,11,28,0.39285714285714285
RNaseP_SM-A5584,ArchiveII,RNaseP,FIRM,62,72,0.8611111111111112
RNaseP_SM-A5584,ArchiveII,RNaseP,SOFT,5,31,0.16129032258064516
RNaseP_SM-A5584,ArchiveII,RNaseP,FLOPPY,1,4,0.25
RNaseP_T.delbrueckii,ArchiveII,RNaseP,FIRM,36,77,0.4675324675324675
RNaseP_T.delbrueckii,ArchiveII,RNaseP,SOFT,1,15,0.06666666666666667
RNaseP_T.delbrueckii,ArchiveII,RNaseP,FLOPPY,0,4,0.0
grp1_a.I1.e.C.saxonicum.C1.SSU.1506,ArchiveII,grp1,FIRM,53,80,0.6625
grp1_a.I1.e.C.saxonicum.C1.SSU.1506,ArchiveII,grp1,SOFT,5,43,0.11627906976744186
grp1_a.I1.e.C.saxonicum.C1.SSU.1506,ArchiveII,grp1,FLOPPY,1,18,0.05555555555555555
grp1_a.I1.e.P.carinii.Pc3.C1.LSU.1921,ArchiveII,grp1,FIRM,70,83,0.8433734939759037
grp1_a.I1.e.P.carinii.Pc3.C1.LSU.1921,ArchiveII,grp1,SOFT,19,38,0.5
grp1_a.I1.e.P.carinii.Pc3.C1.LSU.1921,ArchiveII,grp1,FLOPPY,1,7,0.14285714285714285
grp1_a.I1.m.M.grisea.B2.ND1,ArchiveII,grp1,FIRM,16,21,0.7619047619047619
grp1_a.I1.m.M.grisea.B2.ND1,ArchiveII,grp1,SOFT,13,48,0.2708333333333333
grp1_a.I1.m.M.grisea.B2.ND1,ArchiveII,grp1,FLOPPY,0,12,0.0
grp1_a.I1.m.S.pombe.B1.OX1,ArchiveII,grp1,FIRM,27,47,0.574468085106383
grp1_a.I1.m.S.pombe.B1.OX1,ArchiveII,grp1,SOFT,10,56,0.17857142857142858
grp1_a.I1.m.S.pombe.B1.OX1,ArchiveII,grp1,FLOPPY,0,4,0.0
srp_Agro.tume._AE007951,ArchiveII,srp,FIRM,0,19,0.0
srp_Agro.tume._AE007951,ArchiveII,srp,SOFT,7,10,0.7
srp_Agro.tume._AE007951,ArchiveII,srp,FLOPPY,0,3,0.0
srp_Arch.fulg._AE000782,ArchiveII,srp,FIRM,79,91,0.8681318681318682
srp_Arch.fulg._AE000782,ArchiveII,srp,SOFT,3,14,0.21428571428571427
srp_Arch.fulg._AE000782,ArchiveII,srp,FLOPPY,0,6,0.0
srp_Burk.pseu._CP000572,ArchiveII,srp,FIRM,0,0,
srp_Burk.pseu._CP000572,ArchiveII,srp,SOFT,0,22,0.0
srp_Burk.pseu._CP000572,ArchiveII,srp,FLOPPY,0,4,0.0
srp_Caul.cres._AE005673,ArchiveII,srp,FIRM,0,4,0.0
srp_Caul.cres._AE005673,ArchiveII,srp,SOFT,0,22,0.0
srp_Caul.cres._AE005673,ArchiveII,srp,FLOPPY,0,2,0.0
srp_Cion.inte._BW223536,ArchiveII,srp,FIRM,44,54,0.8148148148148148
srp_Cion.inte._BW223536,ArchiveII,srp,SOFT,12,17,0.7058823529411765
srp_Cion.inte._BW223536,ArchiveII,srp,FLOPPY,1,26,0.038461538461538464
srp_Clos.perf._BA000016,ArchiveII,srp,FIRM,60,62,0.967741935483871
srp_Clos.perf._BA000016,ArchiveII,srp,SOFT,11,17,0.6470588235294118
srp_Clos.perf._BA000016,ArchiveII,srp,FLOPPY,4,9,0.4444444444444444
srp_Esch.coli._AP009048,ArchiveII,srp,FIRM,27,37,0.7297297297297297
srp_Esch.coli._AP009048,ArchiveII,srp,SOFT,1,3,0.3333333333333333
srp_Esch.coli._AP009048,ArchiveII,srp,FLOPPY,0,0,
srp_Fuso.nucl._AE009951,ArchiveII,srp,FIRM,10,34,0.29411764705882354
srp_Fuso.nucl._AE009951,ArchiveII,srp,SOFT,0,0,
srp_Fuso.nucl._AE009951,ArchiveII,srp,FLOPPY,1,1,1.0
srp_Gibb.moni._GSP-334819,ArchiveII,srp,FIRM,48,69,0.6956521739130435
srp_Gibb.moni._GSP-334819,ArchiveII,srp,SOFT,4,22,0.18181818181818182
srp_Gibb.moni._GSP-334819,ArchiveII,srp,FLOPPY,0,9,0.0
srp_Gluc.oxyd._CP000009,ArchiveII,srp,FIRM,0,9,0.0
srp_Gluc.oxyd._CP000009,ArchiveII,srp,SOFT,0,12,0.0
srp_Gluc.oxyd._CP000009,ArchiveII,srp,FLOPPY,0,2,0.0
srp_Haem.infl._CP000057,ArchiveII,srp,FIRM,34,35,0.9714285714285714
srp_Haem.infl._CP000057,ArchiveII,srp,SOFT,2,4,0.5
srp_Haem.infl._CP000057,ArchiveII,srp,FLOPPY,0,0,
srp_Homo.sapi._AB061847,ArchiveII,srp,FIRM,11,11,1.0
srp_Homo.sapi._AB061847,ArchiveII,srp,SOFT,0,10,0.0
srp_Homo.sapi._AB061847,ArchiveII,srp,FLOPPY,0,79,0.0
srp_Homo.sapi._AL139099,ArchiveII,srp,FIRM,11,11,1.0
srp_Homo.sapi._AL139099,ArchiveII,srp,SOFT,0,10,0.0
srp_Homo.sapi._AL139099,ArchiveII,srp,FLOPPY,0,79,0.0
srp_Hypo.jeco._GSP-334564-2,ArchiveII,srp,FIRM,26,81,0.32098765432098764
srp_Hypo.jeco._GSP-334564-2,ArchiveII,srp,SOFT,0,11,0.0
srp_Hypo.jeco._GSP-334564-2,ArchiveII,srp,FLOPPY,0,1,0.0
srp_Kluy.walt._AADM01000319,ArchiveII,srp,FIRM,50,66,0.7575757575757576
srp_Kluy.walt._AADM01000319,ArchiveII,srp,SOFT,11,33,0.3333333333333333
srp_Kluy.walt._AADM01000319,ArchiveII,srp,FLOPPY,10,32,0.3125
srp_Lact.plan._AL935253,ArchiveII,srp,FIRM,10,12,0.8333333333333334
srp_Lact.plan._AL935253,ArchiveII,srp,SOFT,10,11,0.9090909090909091
srp_Lact.plan._AL935253,ArchiveII,srp,FLOPPY,1,6,0.16666666666666666
srp_Leis.braz._SDB-87235,ArchiveII,srp,FIRM,28,59,0.4745762711864407
srp_Leis.braz._SDB-87235,ArchiveII,srp,SOFT,5,33,0.15151515151515152
srp_Leis.braz._SDB-87235,ArchiveII,srp,FLOPPY,0,4,0.0
srp_Leis.dono._AY722733,ArchiveII,srp,FIRM,6,34,0.17647058823529413
srp_Leis.dono._AY722733,ArchiveII,srp,SOFT,0,6,0.0
srp_Leis.dono._AY722733,ArchiveII,srp,FLOPPY,0,3,0.0
srp_List.mono._U15684,ArchiveII,srp,FIRM,66,71,0.9295774647887324
srp_List.mono._U15684,ArchiveII,srp,SOFT,3,9,0.3333333333333333
srp_List.mono._U15684,ArchiveII,srp,FLOPPY,3,20,0.15
srp_Meth.acet._AE010299,ArchiveII,srp,FIRM,19,19,1.0
srp_Meth.acet._AE010299,ArchiveII,srp,SOFT,8,27,0.2962962962962963
srp_Meth.acet._AE010299,ArchiveII,srp,FLOPPY,52,54,0.9629629629629629
srp_Myco.aviu._AE016958,ArchiveII,srp,FIRM,0,11,0.0
srp_Myco.aviu._AE016958,ArchiveII,srp,SOFT,0,4,0.0
srp_Myco.aviu._AE016958,ArchiveII,srp,FLOPPY,0,12,0.0
srp_Myco.capr._CP000123,ArchiveII,srp,FIRM,17,24,0.7083333333333334
srp_Myco.capr._CP000123,ArchiveII,srp,SOFT,1,3,0.3333333333333333
srp_Myco.capr._CP000123,ArchiveII,srp,FLOPPY,0,1,0.0
srp_Myco.pneu._S76009,ArchiveII,srp,FIRM,20,22,0.9090909090909091
srp_Myco.pneu._S76009,ArchiveII,srp,SOFT,1,3,0.3333333333333333
srp_Myco.pneu._S76009,ArchiveII,srp,FLOPPY,0,0,
srp_Myco.spec._CP000384,ArchiveII,srp,FIRM,0,14,0.0
srp_Myco.spec._CP000384,ArchiveII,srp,SOFT,0,6,0.0
srp_Myco.spec._CP000384,ArchiveII,srp,FLOPPY,0,7,0.0
srp_Nitr.hamb._CP000319,ArchiveII,srp,FIRM,9,9,1.0
srp_Nitr.hamb._CP000319,ArchiveII,srp,SOFT,0,12,0.0
srp_Nitr.hamb._CP000319,ArchiveII,srp,FLOPPY,0,15,0.0
srp_Nitr.wino._CP000115,ArchiveII,srp,FIRM,5,5,1.0
srp_Nitr.wino._CP000115,ArchiveII,srp,SOFT,2,2,1.0
srp_Nitr.wino._CP000115,ArchiveII,srp,FLOPPY,0,0,
srp_Para.bras._CN241909,ArchiveII,srp,FIRM,6,25,0.24
srp_Para.bras._CN241909,ArchiveII,srp,SOFT,1,9,0.1111111111111111
srp_Para.bras._CN241909,ArchiveII,srp,FLOPPY,0,1,0.0
srp_Pedi.pent._CP000422,ArchiveII,srp,FIRM,0,0,
srp_Pedi.pent._CP000422,ArchiveII,srp,SOFT,0,13,0.0
srp_Pedi.pent._CP000422,ArchiveII,srp,FLOPPY,0,4,0.0
srp_Plas.know._GSP-5851,ArchiveII,srp,FIRM,53,60,0.8833333333333333
srp_Plas.know._GSP-5851,ArchiveII,srp,SOFT,5,12,0.4166666666666667
srp_Plas.know._GSP-5851,ArchiveII,srp,FLOPPY,0,29,0.0
srp_Pseu.puti._AE015451,ArchiveII,srp,FIRM,30,31,0.967741935483871
srp_Pseu.puti._AE015451,ArchiveII,srp,SOFT,0,2,0.0
srp_Pseu.puti._AE015451,ArchiveII,srp,FLOPPY,1,1,1.0
srp_Rhod.spha._CP000577,ArchiveII,srp,FIRM,0,0,
srp_Rhod.spha._CP000577,ArchiveII,srp,SOFT,0,8,0.0
srp_Rhod.spha._CP000577,ArchiveII,srp,FLOPPY,0,0,
srp_Rick.prow._AJ235273,ArchiveII,srp,FIRM,11,11,1.0
srp_Rick.prow._AJ235273,ArchiveII,srp,SOFT,19,20,0.95
srp_Rick.prow._AJ235273,ArchiveII,srp,FLOPPY,1,1,1.0
srp_Shew.balt._CP000753,ArchiveII,srp,FIRM,0,8,0.0
srp_Shew.balt._CP000753,ArchiveII,srp,SOFT,0,1,0.0
srp_Shew.balt._CP000753,ArchiveII,srp,FLOPPY,0,17,0.0
srp_Shew.onei._AE014299,ArchiveII,srp,FIRM,15,29,0.5172413793103449
srp_Shew.onei._AE014299,ArchiveII,srp,SOFT,0,2,0.0
srp_Shew.onei._AE014299,ArchiveII,srp,FLOPPY,0,4,0.0
srp_Sola.tube._DR037645,ArchiveII,srp,FIRM,36,59,0.6101694915254238
srp_Sola.tube._DR037645,ArchiveII,srp,SOFT,4,17,0.23529411764705882
srp_Sola.tube._DR037645,ArchiveII,srp,FLOPPY,2,3,0.6666666666666666
srp_Sorg.bico._BE594178,ArchiveII,srp,FIRM,43,72,0.5972222222222222
srp_Sorg.bico._BE594178,ArchiveII,srp,SOFT,1,19,0.05263157894736842
srp_Sorg.bico._BE594178,ArchiveII,srp,FLOPPY,0,15,0.0
srp_Stap.aure._AC025951,ArchiveII,srp,FIRM,16,18,0.8888888888888888
srp_Stap.aure._AC025951,ArchiveII,srp,SOFT,3,4,0.75
srp_Stap.aure._AC025951,ArchiveII,srp,FLOPPY,11,11,1.0
srp_Stap.aure._CP000046,ArchiveII,srp,FIRM,16,18,0.8888888888888888
srp_Stap.aure._CP000046,ArchiveII,srp,SOFT,3,4,0.75
srp_Stap.aure._CP000046,ArchiveII,srp,FLOPPY,11,11,1.0
srp_Stre.muta._AE014133,ArchiveII,srp,FIRM,14,20,0.7
srp_Stre.muta._AE014133,ArchiveII,srp,SOFT,2,3,0.6666666666666666
srp_Stre.muta._AE014133,ArchiveII,srp,FLOPPY,1,3,0.3333333333333333
srp_Stre.pyog._AE004092,ArchiveII,srp,FIRM,9,13,0.6923076923076923
srp_Stre.pyog._AE004092,ArchiveII,srp,SOFT,8,9,0.8888888888888888
srp_Stre.pyog._AE004092,ArchiveII,srp,FLOPPY,0,0,
srp_Symb.ther._AP006840,ArchiveII,srp,FIRM,7,9,0.7777777777777778
srp_Symb.ther._AP006840,ArchiveII,srp,SOFT,10,16,0.625
srp_Symb.ther._AP006840,ArchiveII,srp,FLOPPY,1,7,0.14285714285714285
srp_Ther.ther._AE017221,ArchiveII,srp,FIRM,32,33,0.9696969696969697
srp_Ther.ther._AE017221,ArchiveII,srp,SOFT,2,3,0.6666666666666666
srp_Ther.ther._AE017221,ArchiveII,srp,FLOPPY,0,0,
srp_Urea.parv._AE002112,ArchiveII,srp,FIRM,31,32,0.96875
srp_Urea.parv._AE002112,ArchiveII,srp,SOFT,2,3,0.6666666666666666
srp_Urea.parv._AE002112,ArchiveII,srp,FLOPPY,0,0,
srp_Xyle.fast._AE003849,ArchiveII,srp,FIRM,29,31,0.9354838709677419
srp_Xyle.fast._AE003849,ArchiveII,srp,SOFT,5,5,1.0
srp_Xyle.fast._AE003849,ArchiveII,srp,FLOPPY,0,0,
srp_Yers.pest._CP000308,ArchiveII,srp,FIRM,27,37,0.7297297297297297
srp_Yers.pest._CP000308,ArchiveII,srp,SOFT,1,3,0.3333333333333333
srp_Yers.pest._CP000308,ArchiveII,srp,FLOPPY,0,0,
srp_Yers.pest._CP000668,ArchiveII,srp,FIRM,27,37,0.7297297297297297
srp_Yers.pest._CP000668,ArchiveII,srp,SOFT,1,3,0.3333333333333333
srp_Yers.pest._CP000668,ArchiveII,srp,FLOPPY,0,0,
srp_Zea.mays._CF602412,ArchiveII,srp,FIRM,44,55,0.8
srp_Zea.mays._CF602412,ArchiveII,srp,SOFT,1,4,0.25
srp_Zea.mays._CF602412,ArchiveII,srp,FLOPPY,0,46,0.0
srp_Zymo.mobi._AE008692,ArchiveII,srp,FIRM,7,20,0.35
srp_Zymo.mobi._AE008692,ArchiveII,srp,SOFT,0,8,0.0
srp_Zymo.mobi._AE008692,ArchiveII,srp,FLOPPY,0,2,0.0
tRNA_tdbR00000004-Haloferax_volcanii-2246-Ala-UGC,ArchiveII,tRNA,FIRM,11,12,0.9166666666666666
tRNA_tdbR00000004-Haloferax_volcanii-2246-Ala-UGC,ArchiveII,tRNA,SOFT,10,11,0.9090909090909091
tRNA_tdbR00000004-Haloferax_volcanii-2246-Ala-UGC,ArchiveII,tRNA,FLOPPY,0,0,
tRNA_tdbR00000019-Mycoplasma_capricolum-2095-Cys-GCA,ArchiveII,tRNA,FIRM,14,18,0.7777777777777778
tRNA_tdbR00000019-Mycoplasma_capricolum-2095-Cys-GCA,ArchiveII,tRNA,SOFT,2,7,0.2857142857142857
tRNA_tdbR00000019-Mycoplasma_capricolum-2095-Cys-GCA,ArchiveII,tRNA,FLOPPY,0,0,
tRNA_tdbR00000061-Mus_musculus-10090-Glu-CUC,ArchiveII,tRNA,FIRM,7,7,1.0
tRNA_tdbR00000061-Mus_musculus-10090-Glu-CUC,ArchiveII,tRNA,SOFT,3,3,1.0
tRNA_tdbR00000061-Mus_musculus-10090-Glu-CUC,ArchiveII,tRNA,FLOPPY,1,13,0.07692307692307693
tRNA_tdbR00000078-Ascaris_suum-6253-Phe-GAA,ArchiveII,tRNA,FIRM,0,0,
tRNA_tdbR00000078-Ascaris_suum-6253-Phe-GAA,ArchiveII,tRNA,SOFT,5,9,0.5555555555555556
tRNA_tdbR00000078-Ascaris_suum-6253-Phe-GAA,ArchiveII,tRNA,FLOPPY,4,11,0.36363636363636365
tRNA_tdbR00000080-Bos_taurus-9913-Phe-GAA,ArchiveII,tRNA,FIRM,13,13,1.0
tRNA_tdbR00000080-Bos_taurus-9913-Phe-GAA,ArchiveII,tRNA,SOFT,6,6,1.0
tRNA_tdbR00000080-Bos_taurus-9913-Phe-GAA,ArchiveII,tRNA,FLOPPY,0,0,
tRNA_tdbR00000092-Oryctolagus_cuniculus-9986-Phe-AA,ArchiveII,tRNA,FIRM,6,6,1.0
tRNA_tdbR00000092-Oryctolagus_cuniculus-9986-Phe-AA,ArchiveII,tRNA,SOFT,1,8,0.125
tRNA_tdbR00000092-Oryctolagus_cuniculus-9986-Phe-AA,ArchiveII,tRNA,FLOPPY,0,8,0.0
tRNA_tdbR00000141-Salmonella_typhimurium-602-His-QUG,ArchiveII,tRNA,FIRM,20,21,0.9523809523809523
tRNA_tdbR00000141-Salmonella_typhimurium-602-His-QUG,ArchiveII,tRNA,SOFT,1,1,1.0
tRNA_tdbR00000141-Salmonella_typhimurium-602-His-QUG,ArchiveII,tRNA,FLOPPY,0,0,
tRNA_tdbR00000149-Homo_sapiens-9606-His-GUG,ArchiveII,tRNA,FIRM,10,10,1.0
tRNA_tdbR00000149-Homo_sapiens-9606-His-GUG,ArchiveII,tRNA,SOFT,2,2,1.0
tRNA_tdbR00000149-Homo_sapiens-9606-His-GUG,ArchiveII,tRNA,FLOPPY,0,9,0.0
tRNA_tdbR00000162-Spinacia_oleracea-3562-Ile-GAU,ArchiveII,tRNA,FIRM,14,14,1.0
tRNA_tdbR00000162-Spinacia_oleracea-3562-Ile-GAU,ArchiveII,tRNA,SOFT,6,7,0.8571428571428571
tRNA_tdbR00000162-Spinacia_oleracea-3562-Ile-GAU,ArchiveII,tRNA,FLOPPY,0,0,
tRNA_tdbR00000202-Drosophila_melanogaster-7227-Lys-UU,ArchiveII,tRNA,FIRM,7,16,0.4375
tRNA_tdbR00000202-Drosophila_melanogaster-7227-Lys-UU,ArchiveII,tRNA,SOFT,7,9,0.7777777777777778
tRNA_tdbR00000202-Drosophila_melanogaster-7227-Lys-UU,ArchiveII,tRNA,FLOPPY,0,0,
tRNA_tdbR00000204-Loligo_bleekeri-6617-Lys-CUU,ArchiveII,tRNA,FIRM,15,16,0.9375
tRNA_tdbR00000204-Loligo_bleekeri-6617-Lys-CUU,ArchiveII,tRNA,SOFT,0,8,0.0
tRNA_tdbR00000204-Loligo_bleekeri-6617-Lys-CUU,ArchiveII,tRNA,FLOPPY,0,0,
tRNA_tdbR00000232-Phaseolus_vulgaris-3885-Leu-NAA,ArchiveII,tRNA,FIRM,9,9,1.0
tRNA_tdbR00000232-Phaseolus_vulgaris-3885-Leu-NAA,ArchiveII,tRNA,SOFT,10,11,0.9090909090909091
tRNA_tdbR00000232-Phaseolus_vulgaris-3885-Leu-NAA,ArchiveII,tRNA,FLOPPY,1,1,1.0
tRNA_tdbR00000255-Candida_cylindracea-44322-Leu-IAG,ArchiveII,tRNA,FIRM,9,9,1.0
tRNA_tdbR00000255-Candida_cylindracea-44322-Leu-IAG,ArchiveII,tRNA,SOFT,4,9,0.4444444444444444
tRNA_tdbR00000255-Candida_cylindracea-44322-Leu-IAG,ArchiveII,tRNA,FLOPPY,0,10,0.0
tRNA_tdbR00000264-Caenorhabditis_elegans-6239-Leu-IAG,ArchiveII,tRNA,FIRM,12,17,0.7058823529411765
tRNA_tdbR00000264-Caenorhabditis_elegans-6239-Leu-IAG,ArchiveII,tRNA,SOFT,0,9,0.0
tRNA_tdbR00000264-Caenorhabditis_elegans-6239-Leu-IAG,ArchiveII,tRNA,FLOPPY,0,0,
tRNA_tdbR00000280-Saccharomyces_cerevisiae-4932-Met-CAU,ArchiveII,tRNA,FIRM,7,16,0.4375
tRNA_tdbR00000280-Saccharomyces_cerevisiae-4932-Met-CAU,ArchiveII,tRNA,SOFT,0,4,0.0
tRNA_tdbR00000280-Saccharomyces_cerevisiae-4932-Met-CAU,ArchiveII,tRNA,FLOPPY,0,0,
tRNA_tdbR00000288-Mus_musculus-10090-Met-BAU,ArchiveII,tRNA,FIRM,11,11,1.0
tRNA_tdbR00000288-Mus_musculus-10090-Met-BAU,ArchiveII,tRNA,SOFT,4,4,1.0
tRNA_tdbR00000288-Mus_musculus-10090-Met-BAU,ArchiveII,tRNA,FLOPPY,5,5,1.0
tRNA_tdbR00000309-Enterobacteria_phage_T4-10665-Pro-NGG,ArchiveII,tRNA,FIRM,16,17,0.9411764705882353
tRNA_tdbR00000309-Enterobacteria_phage_T4-10665-Pro-NGG,ArchiveII,tRNA,SOFT,5,6,0.8333333333333334
tRNA_tdbR00000309-Enterobacteria_phage_T4-10665-Pro-NGG,ArchiveII,tRNA,FLOPPY,0,0,
tRNA_tdbR00000330-Haloferax_volcanii-2246-Gln-MUG,ArchiveII,tRNA,FIRM,13,20,0.65
tRNA_tdbR00000330-Haloferax_volcanii-2246-Gln-MUG,ArchiveII,tRNA,SOFT,0,4,0.0
tRNA_tdbR00000330-Haloferax_volcanii-2246-Gln-MUG,ArchiveII,tRNA,FLOPPY,0,1,0.0
tRNA_tdbR00000343-Mus_musculus-10090-Gln-CUG,ArchiveII,tRNA,FIRM,7,7,1.0
tRNA_tdbR00000343-Mus_musculus-10090-Gln-CUG,ArchiveII,tRNA,SOFT,4,5,0.8
tRNA_tdbR00000343-Mus_musculus-10090-Gln-CUG,ArchiveII,tRNA,FLOPPY,10,10,1.0
tRNA_tdbR00000362-Saccharomyces_cerevisiae-4932-Arg-NCU,ArchiveII,tRNA,FIRM,11,11,1.0
tRNA_tdbR00000362-Saccharomyces_cerevisiae-4932-Arg-NCU,ArchiveII,tRNA,SOFT,0,1,0.0
tRNA_tdbR00000362-Saccharomyces_cerevisiae-4932-Arg-NCU,ArchiveII,tRNA,FLOPPY,0,6,0.0
tRNA_tdbR00000382-Haloferax_volcanii-2246-Ser-MGA,ArchiveII,tRNA,FIRM,17,22,0.7727272727272727
tRNA_tdbR00000382-Haloferax_volcanii-2246-Ser-MGA,ArchiveII,tRNA,SOFT,5,8,0.625
tRNA_tdbR00000382-Haloferax_volcanii-2246-Ser-MGA,ArchiveII,tRNA,FLOPPY,0,0,
tRNA_tdbR00000383-Haloferax_volcanii-2246-Ser-GGA,ArchiveII,tRNA,FIRM,12,15,0.8
tRNA_tdbR00000383-Haloferax_volcanii-2246-Ser-GGA,ArchiveII,tRNA,SOFT,9,10,0.9
tRNA_tdbR00000383-Haloferax_volcanii-2246-Ser-GGA,ArchiveII,tRNA,FLOPPY,0,0,
tRNA_tdbR00000406-Saccharomyces_cerevisiae-4932-Ser-NGA,ArchiveII,tRNA,FIRM,0,4,0.0
tRNA_tdbR00000406-Saccharomyces_cerevisiae-4932-Ser-NGA,ArchiveII,tRNA,SOFT,0,0,
tRNA_tdbR00000406-Saccharomyces_cerevisiae-4932-Ser-NGA,ArchiveII,tRNA,FLOPPY,6,24,0.25
tRNA_tdbR00000418-Nicotiana_rustica-4093-Ser-IGA,ArchiveII,tRNA,FIRM,11,22,0.5
tRNA_tdbR00000418-Nicotiana_rustica-4093-Ser-IGA,ArchiveII,tRNA,SOFT,3,3,1.0
tRNA_tdbR00000418-Nicotiana_rustica-4093-Ser-IGA,ArchiveII,tRNA,FLOPPY,2,2,1.0
tRNA_tdbR00000490-Saccharomyces_cerevisiae-4932-Trp-CA,ArchiveII,tRNA,FIRM,9,10,0.9
tRNA_tdbR00000490-Saccharomyces_cerevisiae-4932-Trp-CA,ArchiveII,tRNA,SOFT,7,8,0.875
tRNA_tdbR00000490-Saccharomyces_cerevisiae-4932-Trp-CA,ArchiveII,tRNA,FLOPPY,5,5,1.0
tRNA_tdbR00000548-Scenedesmus_obliquus-3088-Tyr-GUA,ArchiveII,tRNA,FIRM,11,24,0.4583333333333333
tRNA_tdbR00000548-Scenedesmus_obliquus-3088-Tyr-GUA,ArchiveII,tRNA,SOFT,2,8,0.25
tRNA_tdbR00000548-Scenedesmus_obliquus-3088-Tyr-GUA,ArchiveII,tRNA,FLOPPY,0,0,
tRNA_tdbR00000551-Saccharomyces_cerevisiae-4932-Tyr-GUA,ArchiveII,tRNA,FIRM,6,9,0.6666666666666666
tRNA_tdbR00000551-Saccharomyces_cerevisiae-4932-Tyr-GUA,ArchiveII,tRNA,SOFT,1,12,0.08333333333333333
tRNA_tdbR00000551-Saccharomyces_cerevisiae-4932-Tyr-GUA,ArchiveII,tRNA,FLOPPY,0,0,
tRNA_tdbR00000558-Triticum_aestivum-4565-Tyr-QPA,ArchiveII,tRNA,FIRM,4,4,1.0
tRNA_tdbR00000558-Triticum_aestivum-4565-Tyr-QPA,ArchiveII,tRNA,SOFT,0,0,
tRNA_tdbR00000558-Triticum_aestivum-4565-Tyr-QPA,ArchiveII,tRNA,FLOPPY,12,18,0.6666666666666666
tRNA_tdbR00000572-Leishmania_tarentolae-5689-Lys-1UU,ArchiveII,tRNA,FIRM,5,5,1.0
tRNA_tdbR00000572-Leishmania_tarentolae-5689-Lys-1UU,ArchiveII,tRNA,SOFT,11,13,0.8461538461538461
tRNA_tdbR00000572-Leishmania_tarentolae-5689-Lys-1UU,ArchiveII,tRNA,FLOPPY,0,5,0.0
telomerase_AF221913.109-520,ArchiveII,telomerase,FIRM,35,56,0.625
telomerase_AF221913.109-520,ArchiveII,telomerase,SOFT,9,53,0.16981132075471697
telomerase_AF221913.109-520,ArchiveII,telomerase,FLOPPY,0,22,0.0
tmRNA_Acti.acti._TRW-272556_1-366,ArchiveII,tmRNA,FIRM,24,64,0.375
tmRNA_Acti.acti._TRW-272556_1-366,ArchiveII,tmRNA,SOFT,1,34,0.029411764705882353
tmRNA_Acti.acti._TRW-272556_1-366,ArchiveII,tmRNA,FLOPPY,0,9,0.0
tmRNA_Baci.cere._TRW-226900_1-355,ArchiveII,tmRNA,FIRM,26,43,0.6046511627906976
tmRNA_Baci.cere._TRW-226900_1-355,ArchiveII,tmRNA,SOFT,3,48,0.0625
tmRNA_Baci.cere._TRW-226900_1-355,ArchiveII,tmRNA,FLOPPY,0,13,0.0
tmRNA_Burk.xeno._CP000270_1-370,ArchiveII,tmRNA,FIRM,20,30,0.6666666666666666
tmRNA_Burk.xeno._CP000270_1-370,ArchiveII,tmRNA,SOFT,10,60,0.16666666666666666
tmRNA_Burk.xeno._CP000270_1-370,ArchiveII,tmRNA,FLOPPY,17,27,0.6296296296296297
tmRNA_Chla.trac._TRW-272561_1-420,ArchiveII,tmRNA,FIRM,23,43,0.5348837209302325
tmRNA_Chla.trac._TRW-272561_1-420,ArchiveII,tmRNA,SOFT,40,77,0.5194805194805194
tmRNA_Chla.trac._TRW-272561_1-420,ArchiveII,tmRNA,FLOPPY,0,5,0.0
tmRNA_Cyan.para._U30821_1-291,ArchiveII,tmRNA,FIRM,28,46,0.6086956521739131
tmRNA_Cyan.para._U30821_1-291,ArchiveII,tmRNA,SOFT,2,16,0.125
tmRNA_Cyan.para._U30821_1-291,ArchiveII,tmRNA,FLOPPY,0,18,0.0
tmRNA_Esch.coli._BA000007_1-363,ArchiveII,tmRNA,FIRM,47,64,0.734375
tmRNA_Esch.coli._BA000007_1-363,ArchiveII,tmRNA,SOFT,0,23,0.0
tmRNA_Esch.coli._BA000007_1-363,ArchiveII,tmRNA,FLOPPY,1,16,0.0625
tmRNA_Esch.coli._CP000247_1-363,ArchiveII,tmRNA,FIRM,47,63,0.746031746031746
tmRNA_Esch.coli._CP000247_1-363,ArchiveII,tmRNA,SOFT,0,25,0.0
tmRNA_Esch.coli._CP000247_1-363,ArchiveII,tmRNA,FLOPPY,1,15,0.06666666666666667
tmRNA_Esch.coli._D12501_1-363,ArchiveII,tmRNA,FIRM,47,63,0.746031746031746
tmRNA_Esch.coli._D12501_1-363,ArchiveII,tmRNA,SOFT,0,25,0.0
tmRNA_Esch.coli._D12501_1-363,ArchiveII,tmRNA,FLOPPY,1,15,0.06666666666666667
tmRNA_Geob.stea._TRW-1422_1-352,ArchiveII,tmRNA,FIRM,38,39,0.9743589743589743
tmRNA_Geob.stea._TRW-1422_1-352,ArchiveII,tmRNA,SOFT,0,13,0.0
tmRNA_Geob.stea._TRW-1422_1-352,ArchiveII,tmRNA,FLOPPY,11,56,0.19642857142857142
tmRNA_Haem.infl._U32808_1-366,ArchiveII,tmRNA,FIRM,12,16,0.75
tmRNA_Haem.infl._U32808_1-366,ArchiveII,tmRNA,SOFT,0,18,0.0
tmRNA_Haem.infl._U32808_1-366,ArchiveII,tmRNA,FLOPPY,7,69,0.10144927536231885
tmRNA_Lept.inte._AE016823_1-350,ArchiveII,tmRNA,FIRM,32,33,0.9696969696969697
tmRNA_Lept.inte._AE016823_1-350,ArchiveII,tmRNA,SOFT,15,32,0.46875
tmRNA_Lept.inte._AE016823_1-350,ArchiveII,tmRNA,FLOPPY,11,39,0.28205128205128205
tmRNA_Myco.geni._TRW-243273_1-388,ArchiveII,tmRNA,FIRM,29,41,0.7073170731707317
tmRNA_Myco.geni._TRW-243273_1-388,ArchiveII,tmRNA,SOFT,17,26,0.6538461538461539
tmRNA_Myco.geni._TRW-243273_1-388,ArchiveII,tmRNA,FLOPPY,0,51,0.0
tmRNA_Myco.geni._U39713_1-385,ArchiveII,tmRNA,FIRM,29,51,0.5686274509803921
tmRNA_Myco.geni._U39713_1-385,ArchiveII,tmRNA,SOFT,15,22,0.6818181818181818
tmRNA_Myco.geni._U39713_1-385,ArchiveII,tmRNA,FLOPPY,11,44,0.25
tmRNA_Myco.hyop._TRW-295358_1-424,ArchiveII,tmRNA,FIRM,11,57,0.19298245614035087
tmRNA_Myco.hyop._TRW-295358_1-424,ArchiveII,tmRNA,SOFT,1,32,0.03125
tmRNA_Myco.hyop._TRW-295358_1-424,ArchiveII,tmRNA,FLOPPY,0,25,0.0
tmRNA_Nost.spec._BA000019_1-390,ArchiveII,tmRNA,FIRM,17,32,0.53125
tmRNA_Nost.spec._BA000019_1-390,ArchiveII,tmRNA,SOFT,5,38,0.13157894736842105
tmRNA_Nost.spec._BA000019_1-390,ArchiveII,tmRNA,FLOPPY,5,47,0.10638297872340426
tmRNA_Prop.acne._TRW-1747-3_1-353,ArchiveII,tmRNA,FIRM,9,14,0.6428571428571429
tmRNA_Prop.acne._TRW-1747-3_1-353,ArchiveII,tmRNA,SOFT,0,23,0.0
tmRNA_Prop.acne._TRW-1747-3_1-353,ArchiveII,tmRNA,FLOPPY,0,79,0.0
tmRNA_Stap.aure._BA000033_1-362,ArchiveII,tmRNA,FIRM,39,60,0.65
tmRNA_Stap.aure._BA000033_1-362,ArchiveII,tmRNA,SOFT,1,28,0.03571428571428571
tmRNA_Stap.aure._BA000033_1-362,ArchiveII,tmRNA,FLOPPY,0,19,0.0
tmRNA_Stap.epid._TRW-1282-1_1-361,ArchiveII,tmRNA,FIRM,33,72,0.4583333333333333
tmRNA_Stap.epid._TRW-1282-1_1-361,ArchiveII,tmRNA,SOFT,10,24,0.4166666666666667
tmRNA_Stap.epid._TRW-1282-1_1-361,ArchiveII,tmRNA,FLOPPY,0,5,0.0
tmRNA_Syne.spec._TRW-1131_1-399,ArchiveII,tmRNA,FIRM,11,47,0.23404255319148937
tmRNA_Syne.spec._TRW-1131_1-399,ArchiveII,tmRNA,SOFT,0,61,0.0
tmRNA_Syne.spec._TRW-1131_1-399,ArchiveII,tmRNA,FLOPPY,0,14,0.0
tmRNA_Ther.teng._AE013063_1-351,ArchiveII,tmRNA,FIRM,40,61,0.6557377049180327
tmRNA_Ther.teng._AE013063_1-351,ArchiveII,tmRNA,SOFT,16,45,0.35555555555555557
tmRNA_Ther.teng._AE013063_1-351,ArchiveII,tmRNA,FLOPPY,1,7,0.14285714285714285
tmRNA_envi.sequ._TRW-300695-2_1-345,ArchiveII,tmRNA,FIRM,21,53,0.39622641509433965
tmRNA_envi.sequ._TRW-300695-2_1-345,ArchiveII,tmRNA,SOFT,11,35,0.3142857142857143
tmRNA_envi.sequ._TRW-300695-2_1-345,ArchiveII,tmRNA,FLOPPY,0,6,0.0
bpRNA_CRW_15828,bpRNA_TS0,unknown,FIRM,8,27,0.2962962962962963
bpRNA_CRW_15828,bpRNA_TS0,unknown,SOFT,0,6,0.0
bpRNA_CRW_15828,bpRNA_TS0,unknown,FLOPPY,0,1,0.0
bpRNA_CRW_16282,bpRNA_TS0,unknown,FIRM,15,16,0.9375
bpRNA_CRW_16282,bpRNA_TS0,unknown,SOFT,14,19,0.7368421052631579
bpRNA_CRW_16282,bpRNA_TS0,unknown,FLOPPY,2,4,0.5
bpRNA_CRW_20109,bpRNA_TS0,unknown,FIRM,18,19,0.9473684210526315
bpRNA_CRW_20109,bpRNA_TS0,unknown,SOFT,1,5,0.2
bpRNA_CRW_20109,bpRNA_TS0,unknown,FLOPPY,8,15,0.5333333333333333
bpRNA_CRW_20581,bpRNA_TS0,unknown,FIRM,36,66,0.5454545454545454
bpRNA_CRW_20581,bpRNA_TS0,unknown,SOFT,5,30,0.16666666666666666
bpRNA_CRW_20581,bpRNA_TS0,unknown,FLOPPY,0,19,0.0
bpRNA_CRW_26859,bpRNA_TS0,unknown,FIRM,7,7,1.0
bpRNA_CRW_26859,bpRNA_TS0,unknown,SOFT,0,0,
bpRNA_CRW_26859,bpRNA_TS0,unknown,FLOPPY,0,14,0.0
bpRNA_CRW_29631,bpRNA_TS0,unknown,FIRM,15,16,0.9375
bpRNA_CRW_29631,bpRNA_TS0,unknown,SOFT,0,5,0.0
bpRNA_CRW_29631,bpRNA_TS0,unknown,FLOPPY,0,0,
bpRNA_CRW_30722,bpRNA_TS0,unknown,FIRM,10,12,0.8333333333333334
bpRNA_CRW_30722,bpRNA_TS0,unknown,SOFT,7,11,0.6363636363636364
bpRNA_CRW_30722,bpRNA_TS0,unknown,FLOPPY,0,0,
bpRNA_CRW_31722,bpRNA_TS0,unknown,FIRM,0,12,0.0
bpRNA_CRW_31722,bpRNA_TS0,unknown,SOFT,0,5,0.0
bpRNA_CRW_31722,bpRNA_TS0,unknown,FLOPPY,0,1,0.0
bpRNA_CRW_33861,bpRNA_TS0,unknown,FIRM,8,8,1.0
bpRNA_CRW_33861,bpRNA_TS0,unknown,SOFT,8,13,0.6153846153846154
bpRNA_CRW_33861,bpRNA_TS0,unknown,FLOPPY,0,2,0.0
bpRNA_CRW_41231,bpRNA_TS0,unknown,FIRM,12,12,1.0
bpRNA_CRW_41231,bpRNA_TS0,unknown,SOFT,4,4,1.0
bpRNA_CRW_41231,bpRNA_TS0,unknown,FLOPPY,5,5,1.0
bpRNA_CRW_42293,bpRNA_TS0,unknown,FIRM,16,16,1.0
bpRNA_CRW_42293,bpRNA_TS0,unknown,SOFT,3,3,1.0
bpRNA_CRW_42293,bpRNA_TS0,unknown,FLOPPY,2,2,1.0
bpRNA_CRW_42692,bpRNA_TS0,unknown,FIRM,4,4,1.0
bpRNA_CRW_42692,bpRNA_TS0,unknown,SOFT,11,16,0.6875
bpRNA_CRW_42692,bpRNA_TS0,unknown,FLOPPY,1,1,1.0
bpRNA_CRW_54567,bpRNA_TS0,unknown,FIRM,65,71,0.9154929577464789
bpRNA_CRW_54567,bpRNA_TS0,unknown,SOFT,6,51,0.11764705882352941
bpRNA_CRW_54567,bpRNA_TS0,unknown,FLOPPY,2,9,0.2222222222222222
bpRNA_CRW_54646,bpRNA_TS0,unknown,FIRM,52,65,0.8
bpRNA_CRW_54646,bpRNA_TS0,unknown,SOFT,22,29,0.7586206896551724
bpRNA_CRW_54646,bpRNA_TS0,unknown,FLOPPY,2,8,0.25
bpRNA_CRW_55438,bpRNA_TS0,unknown,FIRM,37,43,0.8604651162790697
bpRNA_CRW_55438,bpRNA_TS0,unknown,SOFT,2,3,0.6666666666666666
bpRNA_CRW_55438,bpRNA_TS0,unknown,FLOPPY,0,0,
bpRNA_RFAM_10560,bpRNA_TS0,unknown,FIRM,6,27,0.2222222222222222
bpRNA_RFAM_10560,bpRNA_TS0,unknown,SOFT,1,36,0.027777777777777776
bpRNA_RFAM_10560,bpRNA_TS0,unknown,FLOPPY,0,11,0.0
bpRNA_RFAM_10644,bpRNA_TS0,unknown,FIRM,5,6,0.8333333333333334
bpRNA_RFAM_10644,bpRNA_TS0,unknown,SOFT,0,8,0.0
bpRNA_RFAM_10644,bpRNA_TS0,unknown,FLOPPY,0,8,0.0
bpRNA_RFAM_1072,bpRNA_TS0,unknown,FIRM,28,49,0.5714285714285714
bpRNA_RFAM_1072,bpRNA_TS0,unknown,SOFT,1,10,0.1
bpRNA_RFAM_1072,bpRNA_TS0,unknown,FLOPPY,0,3,0.0
bpRNA_RFAM_11103,bpRNA_TS0,unknown,FIRM,18,27,0.6666666666666666
bpRNA_RFAM_11103,bpRNA_TS0,unknown,SOFT,0,1,0.0
bpRNA_RFAM_11103,bpRNA_TS0,unknown,FLOPPY,0,0,
bpRNA_RFAM_11176,bpRNA_TS0,unknown,FIRM,21,24,0.875
bpRNA_RFAM_11176,bpRNA_TS0,unknown,SOFT,3,7,0.42857142857142855
bpRNA_RFAM_11176,bpRNA_TS0,unknown,FLOPPY,0,0,
bpRNA_RFAM_11557,bpRNA_TS0,unknown,FIRM,0,0,
bpRNA_RFAM_11557,bpRNA_TS0,unknown,SOFT,0,4,0.0
bpRNA_RFAM_11557,bpRNA_TS0,unknown,FLOPPY,0,20,0.0
bpRNA_RFAM_1170,bpRNA_TS0,unknown,FIRM,6,21,0.2857142857142857
bpRNA_RFAM_1170,bpRNA_TS0,unknown,SOFT,4,6,0.6666666666666666
bpRNA_RFAM_1170,bpRNA_TS0,unknown,FLOPPY,0,0,
bpRNA_RFAM_11766,bpRNA_TS0,unknown,FIRM,2,13,0.15384615384615385
bpRNA_RFAM_11766,bpRNA_TS0,unknown,SOFT,0,17,0.0
bpRNA_RFAM_11766,bpRNA_TS0,unknown,FLOPPY,0,5,0.0
bpRNA_RFAM_1177,bpRNA_TS0,unknown,FIRM,5,15,0.3333333333333333
bpRNA_RFAM_1177,bpRNA_TS0,unknown,SOFT,6,9,0.6666666666666666
bpRNA_RFAM_1177,bpRNA_TS0,unknown,FLOPPY,0,2,0.0
bpRNA_RFAM_11843,bpRNA_TS0,unknown,FIRM,5,29,0.1724137931034483
bpRNA_RFAM_11843,bpRNA_TS0,unknown,SOFT,0,4,0.0
bpRNA_RFAM_11843,bpRNA_TS0,unknown,FLOPPY,0,3,0.0
bpRNA_RFAM_11948,bpRNA_TS0,unknown,FIRM,0,20,0.0
bpRNA_RFAM_11948,bpRNA_TS0,unknown,SOFT,0,15,0.0
bpRNA_RFAM_11948,bpRNA_TS0,unknown,FLOPPY,0,5,0.0
bpRNA_RFAM_12780,bpRNA_TS0,unknown,FIRM,6,20,0.3
bpRNA_RFAM_12780,bpRNA_TS0,unknown,SOFT,1,15,0.06666666666666667
bpRNA_RFAM_12780,bpRNA_TS0,unknown,FLOPPY,0,9,0.0
bpRNA_RFAM_12784,bpRNA_TS0,unknown,FIRM,4,5,0.8
bpRNA_RFAM_12784,bpRNA_TS0,unknown,SOFT,0,21,0.0
bpRNA_RFAM_12784,bpRNA_TS0,unknown,FLOPPY,0,8,0.0
bpRNA_RFAM_12995,bpRNA_TS0,unknown,FIRM,19,40,0.475
bpRNA_RFAM_12995,bpRNA_TS0,unknown,SOFT,2,13,0.15384615384615385
bpRNA_RFAM_12995,bpRNA_TS0,unknown,FLOPPY,1,4,0.25
bpRNA_RFAM_13033,bpRNA_TS0,unknown,FIRM,9,10,0.9
bpRNA_RFAM_13033,bpRNA_TS0,unknown,SOFT,18,33,0.5454545454545454
bpRNA_RFAM_13033,bpRNA_TS0,unknown,FLOPPY,0,3,0.0
bpRNA_RFAM_1349,bpRNA_TS0,unknown,FIRM,8,9,0.8888888888888888
bpRNA_RFAM_1349,bpRNA_TS0,unknown,SOFT,6,7,0.8571428571428571
bpRNA_RFAM_1349,bpRNA_TS0,unknown,FLOPPY,3,4,0.75
bpRNA_RFAM_1364,bpRNA_TS0,unknown,FIRM,2,2,1.0
bpRNA_RFAM_1364,bpRNA_TS0,unknown,SOFT,3,3,1.0
bpRNA_RFAM_1364,bpRNA_TS0,unknown,FLOPPY,4,13,0.3076923076923077
bpRNA_RFAM_13647,bpRNA_TS0,unknown,FIRM,13,23,0.5652173913043478
bpRNA_RFAM_13647,bpRNA_TS0,unknown,SOFT,0,12,0.0
bpRNA_RFAM_13647,bpRNA_TS0,unknown,FLOPPY,0,3,0.0
bpRNA_RFAM_13722,bpRNA_TS0,unknown,FIRM,6,19,0.3157894736842105
bpRNA_RFAM_13722,bpRNA_TS0,unknown,SOFT,1,9,0.1111111111111111
bpRNA_RFAM_13722,bpRNA_TS0,unknown,FLOPPY,0,11,0.0
bpRNA_RFAM_13841,bpRNA_TS0,unknown,FIRM,0,0,
bpRNA_RFAM_13841,bpRNA_TS0,unknown,SOFT,0,15,0.0
bpRNA_RFAM_13841,bpRNA_TS0,unknown,FLOPPY,0,26,0.0
bpRNA_RFAM_141,bpRNA_TS0,unknown,FIRM,8,8,1.0
bpRNA_RFAM_141,bpRNA_TS0,unknown,SOFT,0,19,0.0
bpRNA_RFAM_141,bpRNA_TS0,unknown,FLOPPY,0,14,0.0
bpRNA_RFAM_14208,bpRNA_TS0,unknown,FIRM,0,6,0.0
bpRNA_RFAM_14208,bpRNA_TS0,unknown,SOFT,0,14,0.0
bpRNA_RFAM_14208,bpRNA_TS0,unknown,FLOPPY,0,20,0.0
bpRNA_RFAM_14510,bpRNA_TS0,unknown,FIRM,14,25,0.56
bpRNA_RFAM_14510,bpRNA_TS0,unknown,SOFT,0,6,0.0
bpRNA_RFAM_14510,bpRNA_TS0,unknown,FLOPPY,0,1,0.0
bpRNA_RFAM_14719,bpRNA_TS0,unknown,FIRM,0,12,0.0
bpRNA_RFAM_14719,bpRNA_TS0,unknown,SOFT,0,6,0.0
bpRNA_RFAM_14719,bpRNA_TS0,unknown,FLOPPY,0,2,0.0
bpRNA_RFAM_15065,bpRNA_TS0,unknown,FIRM,0,1,0.0
bpRNA_RFAM_15065,bpRNA_TS0,unknown,SOFT,0,19,0.0
bpRNA_RFAM_15065,bpRNA_TS0,unknown,FLOPPY,3,9,0.3333333333333333
bpRNA_RFAM_15087,bpRNA_TS0,unknown,FIRM,17,40,0.425
bpRNA_RFAM_15087,bpRNA_TS0,unknown,SOFT,1,23,0.043478260869565216
bpRNA_RFAM_15087,bpRNA_TS0,unknown,FLOPPY,0,32,0.0
bpRNA_RFAM_15371,bpRNA_TS0,unknown,FIRM,0,17,0.0
bpRNA_RFAM_15371,bpRNA_TS0,unknown,SOFT,0,7,0.0
bpRNA_RFAM_15371,bpRNA_TS0,unknown,FLOPPY,0,9,0.0
bpRNA_RFAM_15706,bpRNA_TS0,unknown,FIRM,7,22,0.3181818181818182
bpRNA_RFAM_15706,bpRNA_TS0,unknown,SOFT,0,8,0.0
bpRNA_RFAM_15706,bpRNA_TS0,unknown,FLOPPY,0,0,
bpRNA_RFAM_15943,bpRNA_TS0,unknown,FIRM,0,0,
bpRNA_RFAM_15943,bpRNA_TS0,unknown,SOFT,0,0,
bpRNA_RFAM_15943,bpRNA_TS0,unknown,FLOPPY,0,19,0.0
bpRNA_RFAM_160,bpRNA_TS0,unknown,FIRM,0,12,0.0
bpRNA_RFAM_160,bpRNA_TS0,unknown,SOFT,4,26,0.15384615384615385
bpRNA_RFAM_160,bpRNA_TS0,unknown,FLOPPY,0,0,
bpRNA_RFAM_16197,bpRNA_TS0,unknown,FIRM,16,20,0.8
bpRNA_RFAM_16197,bpRNA_TS0,unknown,SOFT,6,39,0.15384615384615385
bpRNA_RFAM_16197,bpRNA_TS0,unknown,FLOPPY,0,7,0.0
bpRNA_RFAM_16599,bpRNA_TS0,unknown,FIRM,26,33,0.7878787878787878
bpRNA_RFAM_16599,bpRNA_TS0,unknown,SOFT,1,5,0.2
bpRNA_RFAM_16599,bpRNA_TS0,unknown,FLOPPY,0,4,0.0
bpRNA_RFAM_16889,bpRNA_TS0,unknown,FIRM,13,13,1.0
bpRNA_RFAM_16889,bpRNA_TS0,unknown,SOFT,0,0,
bpRNA_RFAM_16889,bpRNA_TS0,unknown,FLOPPY,0,0,
bpRNA_RFAM_16915,bpRNA_TS0,unknown,FIRM,0,26,0.0
bpRNA_RFAM_16915,bpRNA_TS0,unknown,SOFT,0,5,0.0
bpRNA_RFAM_16915,bpRNA_TS0,unknown,FLOPPY,0,6,0.0
bpRNA_RFAM_1706,bpRNA_TS0,unknown,FIRM,11,19,0.5789473684210527
bpRNA_RFAM_1706,bpRNA_TS0,unknown,SOFT,0,8,0.0
bpRNA_RFAM_1706,bpRNA_TS0,unknown,FLOPPY,0,0,
bpRNA_RFAM_18140,bpRNA_TS0,unknown,FIRM,21,26,0.8076923076923077
bpRNA_RFAM_18140,bpRNA_TS0,unknown,SOFT,8,23,0.34782608695652173
bpRNA_RFAM_18140,bpRNA_TS0,unknown,FLOPPY,0,2,0.0
bpRNA_RFAM_18409,bpRNA_TS0,unknown,FIRM,15,20,0.75
bpRNA_RFAM_18409,bpRNA_TS0,unknown,SOFT,0,4,0.0
bpRNA_RFAM_18409,bpRNA_TS0,unknown,FLOPPY,0,0,
bpRNA_RFAM_18515,bpRNA_TS0,unknown,FIRM,19,57,0.3333333333333333
bpRNA_RFAM_18515,bpRNA_TS0,unknown,SOFT,0,12,0.0
bpRNA_RFAM_18515,bpRNA_TS0,unknown,FLOPPY,0,8,0.0
bpRNA_RFAM_18619,bpRNA_TS0,unknown,FIRM,20,39,0.5128205128205128
bpRNA_RFAM_18619,bpRNA_TS0,unknown,SOFT,1,9,0.1111111111111111
bpRNA_RFAM_18619,bpRNA_TS0,unknown,FLOPPY,0,1,0.0
bpRNA_RFAM_1862,bpRNA_TS0,unknown,FIRM,5,5,1.0
bpRNA_RFAM_1862,bpRNA_TS0,unknown,SOFT,1,6,0.16666666666666666
bpRNA_RFAM_1862,bpRNA_TS0,unknown,FLOPPY,0,12,0.0
bpRNA_RFAM_18679,bpRNA_TS0,unknown,FIRM,18,23,0.782608695652174
bpRNA_RFAM_18679,bpRNA_TS0,unknown,SOFT,1,7,0.14285714285714285
bpRNA_RFAM_18679,bpRNA_TS0,unknown,FLOPPY,0,0,
bpRNA_RFAM_18693,bpRNA_TS0,unknown,FIRM,10,23,0.43478260869565216
bpRNA_RFAM_18693,bpRNA_TS0,unknown,SOFT,0,7,0.0
bpRNA_RFAM_18693,bpRNA_TS0,unknown,FLOPPY,0,0,
bpRNA_RFAM_18698,bpRNA_TS0,unknown,FIRM,0,10,0.0
bpRNA_RFAM_18698,bpRNA_TS0,unknown,SOFT,0,10,0.0
bpRNA_RFAM_18698,bpRNA_TS0,unknown,FLOPPY,0,0,
bpRNA_RFAM_18802,bpRNA_TS0,unknown,FIRM,17,22,0.7727272727272727
bpRNA_RFAM_18802,bpRNA_TS0,unknown,SOFT,1,5,0.2
bpRNA_RFAM_18802,bpRNA_TS0,unknown,FLOPPY,0,0,
bpRNA_RFAM_18946,bpRNA_TS0,unknown,FIRM,16,24,0.6666666666666666
bpRNA_RFAM_18946,bpRNA_TS0,unknown,SOFT,1,7,0.14285714285714285
bpRNA_RFAM_18946,bpRNA_TS0,unknown,FLOPPY,0,0,
bpRNA_RFAM_19252,bpRNA_TS0,unknown,FIRM,24,36,0.6666666666666666
bpRNA_RFAM_19252,bpRNA_TS0,unknown,SOFT,0,2,0.0
bpRNA_RFAM_19252,bpRNA_TS0,unknown,FLOPPY,0,0,
bpRNA_RFAM_20013,bpRNA_TS0,unknown,FIRM,10,17,0.5882352941176471
bpRNA_RFAM_20013,bpRNA_TS0,unknown,SOFT,1,2,0.5
bpRNA_RFAM_20013,bpRNA_TS0,unknown,FLOPPY,0,0,
bpRNA_RFAM_2008,bpRNA_TS0,unknown,FIRM,15,18,0.8333333333333334
bpRNA_RFAM_2008,bpRNA_TS0,unknown,SOFT,1,2,0.5
bpRNA_RFAM_2008,bpRNA_TS0,unknown,FLOPPY,0,0,
bpRNA_RFAM_20546,bpRNA_TS0,unknown,FIRM,9,23,0.391304347826087
bpRNA_RFAM_20546,bpRNA_TS0,unknown,SOFT,0,5,0.0
bpRNA_RFAM_20546,bpRNA_TS0,unknown,FLOPPY,0,4,0.0
bpRNA_RFAM_20621,bpRNA_TS0,unknown,FIRM,19,21,0.9047619047619048
bpRNA_RFAM_20621,bpRNA_TS0,unknown,SOFT,0,0,
bpRNA_RFAM_20621,bpRNA_TS0,unknown,FLOPPY,0,0,
bpRNA_RFAM_21157,bpRNA_TS0,unknown,FIRM,23,26,0.8846153846153846
bpRNA_RFAM_21157,bpRNA_TS0,unknown,SOFT,3,5,0.6
bpRNA_RFAM_21157,bpRNA_TS0,unknown,FLOPPY,0,1,0.0
bpRNA_RFAM_21216,bpRNA_TS0,unknown,FIRM,26,29,0.896551724137931
bpRNA_RFAM_21216,bpRNA_TS0,unknown,SOFT,1,7,0.14285714285714285
bpRNA_RFAM_21216,bpRNA_TS0,unknown,FLOPPY,0,0,
bpRNA_RFAM_21238,bpRNA_TS0,unknown,FIRM,27,28,0.9642857142857143
bpRNA_RFAM_21238,bpRNA_TS0,unknown,SOFT,3,8,0.375
bpRNA_RFAM_21238,bpRNA_TS0,unknown,FLOPPY,0,3,0.0
bpRNA_RFAM_21276,bpRNA_TS0,unknown,FIRM,19,20,0.95
bpRNA_RFAM_21276,bpRNA_TS0,unknown,SOFT,5,5,1.0
bpRNA_RFAM_21276,bpRNA_TS0,unknown,FLOPPY,0,4,0.0
bpRNA_RFAM_21323,bpRNA_TS0,unknown,FIRM,25,31,0.8064516129032258
bpRNA_RFAM_21323,bpRNA_TS0,unknown,SOFT,1,3,0.3333333333333333
bpRNA_RFAM_21323,bpRNA_TS0,unknown,FLOPPY,0,0,
bpRNA_RFAM_21383,bpRNA_TS0,unknown,FIRM,22,26,0.8461538461538461
bpRNA_RFAM_21383,bpRNA_TS0,unknown,SOFT,1,7,0.14285714285714285
bpRNA_RFAM_21383,bpRNA_TS0,unknown,FLOPPY,0,0,
bpRNA_RFAM_21540,bpRNA_TS0,unknown,FIRM,24,24,1.0
bpRNA_RFAM_21540,bpRNA_TS0,unknown,SOFT,2,4,0.5
bpRNA_RFAM_21540,bpRNA_TS0,unknown,FLOPPY,0,0,
bpRNA_RFAM_21554,bpRNA_TS0,unknown,FIRM,27,29,0.9310344827586207
bpRNA_RFAM_21554,bpRNA_TS0,unknown,SOFT,1,1,1.0
bpRNA_RFAM_21554,bpRNA_TS0,unknown,FLOPPY,0,4,0.0
bpRNA_RFAM_21587,bpRNA_TS0,unknown,FIRM,22,24,0.9166666666666666
bpRNA_RFAM_21587,bpRNA_TS0,unknown,SOFT,4,5,0.8
bpRNA_RFAM_21587,bpRNA_TS0,unknown,FLOPPY,0,0,
bpRNA_RFAM_21697,bpRNA_TS0,unknown,FIRM,71,71,1.0
bpRNA_RFAM_21697,bpRNA_TS0,unknown,SOFT,3,6,0.5
bpRNA_RFAM_21697,bpRNA_TS0,unknown,FLOPPY,1,1,1.0
bpRNA_RFAM_21832,bpRNA_TS0,unknown,FIRM,37,54,0.6851851851851852
bpRNA_RFAM_21832,bpRNA_TS0,unknown,SOFT,1,2,0.5
bpRNA_RFAM_21832,bpRNA_TS0,unknown,FLOPPY,0,0,
bpRNA_RFAM_22044,bpRNA_TS0,unknown,FIRM,26,29,0.896551724137931
bpRNA_RFAM_22044,bpRNA_TS0,unknown,SOFT,0,0,
bpRNA_RFAM_22044,bpRNA_TS0,unknown,FLOPPY,0,0,
bpRNA_RFAM_22136,bpRNA_TS0,unknown,FIRM,31,31,1.0
bpRNA_RFAM_22136,bpRNA_TS0,unknown,SOFT,2,5,0.4
bpRNA_RFAM_22136,bpRNA_TS0,unknown,FLOPPY,0,0,
bpRNA_RFAM_22188,bpRNA_TS0,unknown,FIRM,11,11,1.0
bpRNA_RFAM_22188,bpRNA_TS0,unknown,SOFT,7,9,0.7777777777777778
bpRNA_RFAM_22188,bpRNA_TS0,unknown,FLOPPY,0,0,
bpRNA_RFAM_2225,bpRNA_TS0,unknown,FIRM,12,14,0.8571428571428571
bpRNA_RFAM_2225,bpRNA_TS0,unknown,SOFT,2,2,1.0
bpRNA_RFAM_2225,bpRNA_TS0,unknown,FLOPPY,0,0,
bpRNA_RFAM_22343,bpRNA_TS0,unknown,FIRM,25,26,0.9615384615384616
bpRNA_RFAM_22343,bpRNA_TS0,unknown,SOFT,2,3,0.6666666666666666
bpRNA_RFAM_22343,bpRNA_TS0,unknown,FLOPPY,0,0,
bpRNA_RFAM_22684,bpRNA_TS0,unknown,FIRM,6,13,0.46153846153846156
bpRNA_RFAM_22684,bpRNA_TS0,unknown,SOFT,0,5,0.0
bpRNA_RFAM_22684,bpRNA_TS0,unknown,FLOPPY,0,0,
bpRNA_RFAM_22746,bpRNA_TS0,unknown,FIRM,6,11,0.5454545454545454
bpRNA_RFAM_22746,bpRNA_TS0,unknown,SOFT,2,13,0.15384615384615385
bpRNA_RFAM_22746,bpRNA_TS0,unknown,FLOPPY,0,11,0.0
bpRNA_RFAM_22913,bpRNA_TS0,unknown,FIRM,30,38,0.7894736842105263
bpRNA_RFAM_22913,bpRNA_TS0,unknown,SOFT,2,7,0.2857142857142857
bpRNA_RFAM_22913,bpRNA_TS0,unknown,FLOPPY,2,3,0.6666666666666666
bpRNA_RFAM_22967,bpRNA_TS0,unknown,FIRM,22,23,0.9565217391304348
bpRNA_RFAM_22967,bpRNA_TS0,unknown,SOFT,4,7,0.5714285714285714
bpRNA_RFAM_22967,bpRNA_TS0,unknown,FLOPPY,2,4,0.5
bpRNA_RFAM_2306,bpRNA_TS0,unknown,FIRM,13,16,0.8125
bpRNA_RFAM_2306,bpRNA_TS0,unknown,SOFT,7,34,0.20588235294117646
bpRNA_RFAM_2306,bpRNA_TS0,unknown,FLOPPY,1,39,0.02564102564102564
bpRNA_RFAM_23233,bpRNA_TS0,unknown,FIRM,7,8,0.875
bpRNA_RFAM_23233,bpRNA_TS0,unknown,SOFT,5,5,1.0
bpRNA_RFAM_23233,bpRNA_TS0,unknown,FLOPPY,0,0,
bpRNA_RFAM_23293,bpRNA_TS0,unknown,FIRM,16,20,0.8
bpRNA_RFAM_23293,bpRNA_TS0,unknown,SOFT,7,7,1.0
bpRNA_RFAM_23293,bpRNA_TS0,unknown,FLOPPY,0,1,0.0
bpRNA_RFAM_2400,bpRNA_TS0,unknown,FIRM,59,83,0.7108433734939759
bpRNA_RFAM_2400,bpRNA_TS0,unknown,SOFT,7,30,0.23333333333333334
bpRNA_RFAM_2400,bpRNA_TS0,unknown,FLOPPY,3,12,0.25
bpRNA_RFAM_24717,bpRNA_TS0,unknown,FIRM,34,40,0.85
bpRNA_RFAM_24717,bpRNA_TS0,unknown,SOFT,5,11,0.45454545454545453
bpRNA_RFAM_24717,bpRNA_TS0,unknown,FLOPPY,0,0,
bpRNA_RFAM_24722,bpRNA_TS0,unknown,FIRM,20,38,0.5263157894736842
bpRNA_RFAM_24722,bpRNA_TS0,unknown,SOFT,11,17,0.6470588235294118
bpRNA_RFAM_24722,bpRNA_TS0,unknown,FLOPPY,1,2,0.5
bpRNA_RFAM_24804,bpRNA_TS0,unknown,FIRM,66,68,0.9705882352941176
bpRNA_RFAM_24804,bpRNA_TS0,unknown,SOFT,29,32,0.90625
bpRNA_RFAM_24804,bpRNA_TS0,unknown,FLOPPY,29,29,1.0
bpRNA_RFAM_24906,bpRNA_TS0,unknown,FIRM,4,6,0.6666666666666666
bpRNA_RFAM_24906,bpRNA_TS0,unknown,SOFT,0,17,0.0
bpRNA_RFAM_24906,bpRNA_TS0,unknown,FLOPPY,0,0,
bpRNA_RFAM_24956,bpRNA_TS0,unknown,FIRM,0,13,0.0
bpRNA_RFAM_24956,bpRNA_TS0,unknown,SOFT,0,13,0.0
bpRNA_RFAM_24956,bpRNA_TS0,unknown,FLOPPY,0,1,0.0
bpRNA_RFAM_24976,bpRNA_TS0,unknown,FIRM,7,26,0.2692307692307692
bpRNA_RFAM_24976,bpRNA_TS0,unknown,SOFT,5,7,0.7142857142857143
bpRNA_RFAM_24976,bpRNA_TS0,unknown,FLOPPY,0,12,0.0
bpRNA_RFAM_25069,bpRNA_TS0,unknown,FIRM,22,70,0.3142857142857143
bpRNA_RFAM_25069,bpRNA_TS0,unknown,SOFT,2,30,0.06666666666666667
bpRNA_RFAM_25069,bpRNA_TS0,unknown,FLOPPY,0,5,0.0
bpRNA_RFAM_25434,bpRNA_TS0,unknown,FIRM,0,0,
bpRNA_RFAM_25434,bpRNA_TS0,unknown,SOFT,3,9,0.3333333333333333
bpRNA_RFAM_25434,bpRNA_TS0,unknown,FLOPPY,0,1,0.0
bpRNA_RFAM_25637,bpRNA_TS0,unknown,FIRM,14,14,1.0
bpRNA_RFAM_25637,bpRNA_TS0,unknown,SOFT,2,4,0.5
bpRNA_RFAM_25637,bpRNA_TS0,unknown,FLOPPY,0,5,0.0
bpRNA_RFAM_25658,bpRNA_TS0,unknown,FIRM,0,26,0.0
bpRNA_RFAM_25658,bpRNA_TS0,unknown,SOFT,0,12,0.0
bpRNA_RFAM_25658,bpRNA_TS0,unknown,FLOPPY,0,0,
bpRNA_RFAM_26243,bpRNA_TS0,unknown,FIRM,3,38,0.07894736842105263
bpRNA_RFAM_26243,bpRNA_TS0,unknown,SOFT,2,19,0.10526315789473684
bpRNA_RFAM_26243,bpRNA_TS0,unknown,FLOPPY,0,0,
bpRNA_RFAM_26330,bpRNA_TS0,unknown,FIRM,3,17,0.17647058823529413
bpRNA_RFAM_26330,bpRNA_TS0,unknown,SOFT,0,1,0.0
bpRNA_RFAM_26330,bpRNA_TS0,unknown,FLOPPY,0,7,0.0
bpRNA_RFAM_26347,bpRNA_TS0,unknown,FIRM,3,8,0.375
bpRNA_RFAM_26347,bpRNA_TS0,unknown,SOFT,0,2,0.0
bpRNA_RFAM_26347,bpRNA_TS0,unknown,FLOPPY,0,15,0.0
bpRNA_RFAM_26614,bpRNA_TS0,unknown,FIRM,15,25,0.6
bpRNA_RFAM_26614,bpRNA_TS0,unknown,SOFT,8,13,0.6153846153846154
bpRNA_RFAM_26614,bpRNA_TS0,unknown,FLOPPY,1,5,0.2
bpRNA_RFAM_26929,bpRNA_TS0,unknown,FIRM,3,6,0.5
bpRNA_RFAM_26929,bpRNA_TS0,unknown,SOFT,5,12,0.4166666666666667
bpRNA_RFAM_26929,bpRNA_TS0,unknown,FLOPPY,0,0,
bpRNA_RFAM_27096,bpRNA_TS0,unknown,FIRM,0,18,0.0
bpRNA_RFAM_27096,bpRNA_TS0,unknown,SOFT,0,0,
bpRNA_RFAM_27096,bpRNA_TS0,unknown,FLOPPY,0,7,0.0
bpRNA_RFAM_2720,bpRNA_TS0,unknown,FIRM,24,40,0.6
bpRNA_RFAM_2720,bpRNA_TS0,unknown,SOFT,8,28,0.2857142857142857
bpRNA_RFAM_2720,bpRNA_TS0,unknown,FLOPPY,2,30,0.06666666666666667
bpRNA_RFAM_2722,bpRNA_TS0,unknown,FIRM,45,68,0.6617647058823529
bpRNA_RFAM_2722,bpRNA_TS0,unknown,SOFT,9,47,0.19148936170212766
bpRNA_RFAM_2722,bpRNA_TS0,unknown,FLOPPY,0,12,0.0
bpRNA_RFAM_27887,bpRNA_TS0,unknown,FIRM,10,14,0.7142857142857143
bpRNA_RFAM_27887,bpRNA_TS0,unknown,SOFT,1,7,0.14285714285714285
bpRNA_RFAM_27887,bpRNA_TS0,unknown,FLOPPY,0,2,0.0
bpRNA_RFAM_27946,bpRNA_TS0,unknown,FIRM,5,12,0.4166666666666667
bpRNA_RFAM_27946,bpRNA_TS0,unknown,SOFT,5,5,1.0
bpRNA_RFAM_27946,bpRNA_TS0,unknown,FLOPPY,0,1,0.0
bpRNA_RFAM_28373,bpRNA_TS0,unknown,FIRM,26,29,0.896551724137931
bpRNA_RFAM_28373,bpRNA_TS0,unknown,SOFT,0,0,
bpRNA_RFAM_28373,bpRNA_TS0,unknown,FLOPPY,0,0,
bpRNA_RFAM_29020,bpRNA_TS0,unknown,FIRM,8,11,0.7272727272727273
bpRNA_RFAM_29020,bpRNA_TS0,unknown,SOFT,2,4,0.5
bpRNA_RFAM_29020,bpRNA_TS0,unknown,FLOPPY,0,0,
bpRNA_RFAM_29070,bpRNA_TS0,unknown,FIRM,11,16,0.6875
bpRNA_RFAM_29070,bpRNA_TS0,unknown,SOFT,1,1,1.0
bpRNA_RFAM_29070,bpRNA_TS0,unknown,FLOPPY,0,0,
bpRNA_RFAM_2954,bpRNA_TS0,unknown,FIRM,0,49,0.0
bpRNA_RFAM_2954,bpRNA_TS0,unknown,SOFT,9,26,0.34615384615384615
bpRNA_RFAM_2954,bpRNA_TS0,unknown,FLOPPY,0,0,
bpRNA_RFAM_2987,bpRNA_TS0,unknown,FIRM,38,50,0.76
bpRNA_RFAM_2987,bpRNA_TS0,unknown,SOFT,5,17,0.29411764705882354
bpRNA_RFAM_2987,bpRNA_TS0,unknown,FLOPPY,0,7,0.0
bpRNA_RFAM_30886,bpRNA_TS0,unknown,FIRM,23,31,0.7419354838709677
bpRNA_RFAM_30886,bpRNA_TS0,unknown,SOFT,0,0,
bpRNA_RFAM_30886,bpRNA_TS0,unknown,FLOPPY,0,0,
bpRNA_RFAM_3130,bpRNA_TS0,unknown,FIRM,0,32,0.0
bpRNA_RFAM_3130,bpRNA_TS0,unknown,SOFT,0,32,0.0
bpRNA_RFAM_3130,bpRNA_TS0,unknown,FLOPPY,0,1,0.0
bpRNA_RFAM_31470,bpRNA_TS0,unknown,FIRM,8,9,0.8888888888888888
bpRNA_RFAM_31470,bpRNA_TS0,unknown,SOFT,2,4,0.5
bpRNA_RFAM_31470,bpRNA_TS0,unknown,FLOPPY,0,0,
bpRNA_RFAM_31482,bpRNA_TS0,unknown,FIRM,10,11,0.9090909090909091
bpRNA_RFAM_31482,bpRNA_TS0,unknown,SOFT,0,1,0.0
bpRNA_RFAM_31482,bpRNA_TS0,unknown,FLOPPY,0,0,
bpRNA_RFAM_31524,bpRNA_TS0,unknown,FIRM,3,18,0.16666666666666666
bpRNA_RFAM_31524,bpRNA_TS0,unknown,SOFT,0,11,0.0
bpRNA_RFAM_31524,bpRNA_TS0,unknown,FLOPPY,0,25,0.0
bpRNA_RFAM_31580,bpRNA_TS0,unknown,FIRM,8,15,0.5333333333333333
bpRNA_RFAM_31580,bpRNA_TS0,unknown,SOFT,0,2,0.0
bpRNA_RFAM_31580,bpRNA_TS0,unknown,FLOPPY,0,7,0.0
bpRNA_RFAM_32073,bpRNA_TS0,unknown,FIRM,0,0,
bpRNA_RFAM_32073,bpRNA_TS0,unknown,SOFT,0,7,0.0
bpRNA_RFAM_32073,bpRNA_TS0,unknown,FLOPPY,0,7,0.0
bpRNA_RFAM_32679,bpRNA_TS0,unknown,FIRM,0,0,
bpRNA_RFAM_32679,bpRNA_TS0,unknown,SOFT,0,11,0.0
bpRNA_RFAM_32679,bpRNA_TS0,unknown,FLOPPY,0,8,0.0
bpRNA_RFAM_32711,bpRNA_TS0,unknown,FIRM,0,13,0.0
bpRNA_RFAM_32711,bpRNA_TS0,unknown,SOFT,0,7,0.0
bpRNA_RFAM_32711,bpRNA_TS0,unknown,FLOPPY,5,6,0.8333333333333334
bpRNA_RFAM_33533,bpRNA_TS0,unknown,FIRM,5,5,1.0
bpRNA_RFAM_33533,bpRNA_TS0,unknown,SOFT,1,8,0.125
bpRNA_RFAM_33533,bpRNA_TS0,unknown,FLOPPY,0,0,
bpRNA_RFAM_33611,bpRNA_TS0,unknown,FIRM,15,18,0.8333333333333334
bpRNA_RFAM_33611,bpRNA_TS0,unknown,SOFT,4,9,0.4444444444444444
bpRNA_RFAM_33611,bpRNA_TS0,unknown,FLOPPY,0,4,0.0
bpRNA_RFAM_33614,bpRNA_TS0,unknown,FIRM,20,20,1.0
bpRNA_RFAM_33614,bpRNA_TS0,unknown,SOFT,0,6,0.0
bpRNA_RFAM_33614,bpRNA_TS0,unknown,FLOPPY,0,3,0.0
bpRNA_RFAM_33698,bpRNA_TS0,unknown,FIRM,4,18,0.2222222222222222
bpRNA_RFAM_33698,bpRNA_TS0,unknown,SOFT,0,4,0.0
bpRNA_RFAM_33698,bpRNA_TS0,unknown,FLOPPY,0,0,
bpRNA_RFAM_33959,bpRNA_TS0,unknown,FIRM,14,17,0.8235294117647058
bpRNA_RFAM_33959,bpRNA_TS0,unknown,SOFT,1,3,0.3333333333333333
bpRNA_RFAM_33959,bpRNA_TS0,unknown,FLOPPY,0,0,
bpRNA_RFAM_34572,bpRNA_TS0,unknown,FIRM,8,15,0.5333333333333333
bpRNA_RFAM_34572,bpRNA_TS0,unknown,SOFT,2,13,0.15384615384615385
bpRNA_RFAM_34572,bpRNA_TS0,unknown,FLOPPY,1,5,0.2
bpRNA_RFAM_34740,bpRNA_TS0,unknown,FIRM,0,0,
bpRNA_RFAM_34740,bpRNA_TS0,unknown,SOFT,0,0,
bpRNA_RFAM_34740,bpRNA_TS0,unknown,FLOPPY,12,18,0.6666666666666666
bpRNA_RFAM_34934,bpRNA_TS0,unknown,FIRM,10,15,0.6666666666666666
bpRNA_RFAM_34934,bpRNA_TS0,unknown,SOFT,1,1,1.0
bpRNA_RFAM_34934,bpRNA_TS0,unknown,FLOPPY,0,0,
bpRNA_RFAM_35485,bpRNA_TS0,unknown,FIRM,0,0,
bpRNA_RFAM_35485,bpRNA_TS0,unknown,SOFT,0,4,0.0
bpRNA_RFAM_35485,bpRNA_TS0,unknown,FLOPPY,0,21,0.0
bpRNA_RFAM_36169,bpRNA_TS0,unknown,FIRM,0,15,0.0
bpRNA_RFAM_36169,bpRNA_TS0,unknown,SOFT,0,10,0.0
bpRNA_RFAM_36169,bpRNA_TS0,unknown,FLOPPY,0,1,0.0
bpRNA_RFAM_36422,bpRNA_TS0,unknown,FIRM,13,28,0.4642857142857143
bpRNA_RFAM_36422,bpRNA_TS0,unknown,SOFT,1,8,0.125
bpRNA_RFAM_36422,bpRNA_TS0,unknown,FLOPPY,0,1,0.0
bpRNA_RFAM_36465,bpRNA_TS0,unknown,FIRM,25,32,0.78125
bpRNA_RFAM_36465,bpRNA_TS0,unknown,SOFT,2,7,0.2857142857142857
bpRNA_RFAM_36465,bpRNA_TS0,unknown,FLOPPY,0,0,
bpRNA_RFAM_36483,bpRNA_TS0,unknown,FIRM,11,11,1.0
bpRNA_RFAM_36483,bpRNA_TS0,unknown,SOFT,0,2,0.0
bpRNA_RFAM_36483,bpRNA_TS0,unknown,FLOPPY,0,4,0.0
bpRNA_RFAM_3685,bpRNA_TS0,unknown,FIRM,21,25,0.84
bpRNA_RFAM_3685,bpRNA_TS0,unknown,SOFT,3,9,0.3333333333333333
bpRNA_RFAM_3685,bpRNA_TS0,unknown,FLOPPY,0,0,
bpRNA_RFAM_37473,bpRNA_TS0,unknown,FIRM,16,17,0.9411764705882353
bpRNA_RFAM_37473,bpRNA_TS0,unknown,SOFT,1,13,0.07692307692307693
bpRNA_RFAM_37473,bpRNA_TS0,unknown,FLOPPY,0,3,0.0
bpRNA_RFAM_37605,bpRNA_TS0,unknown,FIRM,31,37,0.8378378378378378
bpRNA_RFAM_37605,bpRNA_TS0,unknown,SOFT,1,3,0.3333333333333333
bpRNA_RFAM_37605,bpRNA_TS0,unknown,FLOPPY,2,4,0.5
bpRNA_RFAM_38158,bpRNA_TS0,unknown,FIRM,0,11,0.0
bpRNA_RFAM_38158,bpRNA_TS0,unknown,SOFT,5,30,0.16666666666666666
bpRNA_RFAM_38158,bpRNA_TS0,unknown,FLOPPY,0,5,0.0
bpRNA_RFAM_38307,bpRNA_TS0,unknown,FIRM,20,54,0.37037037037037035
bpRNA_RFAM_38307,bpRNA_TS0,unknown,SOFT,1,6,0.16666666666666666
bpRNA_RFAM_38307,bpRNA_TS0,unknown,FLOPPY,0,12,0.0
bpRNA_RFAM_38360,bpRNA_TS0,unknown,FIRM,29,35,0.8285714285714286
bpRNA_RFAM_38360,bpRNA_TS0,unknown,SOFT,12,21,0.5714285714285714
bpRNA_RFAM_38360,bpRNA_TS0,unknown,FLOPPY,0,14,0.0
bpRNA_RFAM_38370,bpRNA_TS0,unknown,FIRM,29,37,0.7837837837837838
bpRNA_RFAM_38370,bpRNA_TS0,unknown,SOFT,6,23,0.2608695652173913
bpRNA_RFAM_38370,bpRNA_TS0,unknown,FLOPPY,6,13,0.46153846153846156
bpRNA_RFAM_38602,bpRNA_TS0,unknown,FIRM,36,43,0.8372093023255814
bpRNA_RFAM_38602,bpRNA_TS0,unknown,SOFT,2,3,0.6666666666666666
bpRNA_RFAM_38602,bpRNA_TS0,unknown,FLOPPY,0,0,
bpRNA_RFAM_38634,bpRNA_TS0,unknown,FIRM,15,16,0.9375
bpRNA_RFAM_38634,bpRNA_TS0,unknown,SOFT,0,13,0.0
bpRNA_RFAM_38634,bpRNA_TS0,unknown,FLOPPY,0,3,0.0
bpRNA_RFAM_38847,bpRNA_TS0,unknown,FIRM,8,13,0.6153846153846154
bpRNA_RFAM_38847,bpRNA_TS0,unknown,SOFT,0,10,0.0
bpRNA_RFAM_38847,bpRNA_TS0,unknown,FLOPPY,0,1,0.0
bpRNA_RFAM_39694,bpRNA_TS0,unknown,FIRM,36,37,0.972972972972973
bpRNA_RFAM_39694,bpRNA_TS0,unknown,SOFT,2,2,1.0
bpRNA_RFAM_39694,bpRNA_TS0,unknown,FLOPPY,0,1,0.0
bpRNA_RFAM_40155,bpRNA_TS0,unknown,FIRM,0,5,0.0
bpRNA_RFAM_40155,bpRNA_TS0,unknown,SOFT,0,1,0.0
bpRNA_RFAM_40155,bpRNA_TS0,unknown,FLOPPY,4,35,0.11428571428571428
bpRNA_RFAM_40254,bpRNA_TS0,unknown,FIRM,8,10,0.8
bpRNA_RFAM_40254,bpRNA_TS0,unknown,SOFT,0,2,0.0
bpRNA_RFAM_40254,bpRNA_TS0,unknown,FLOPPY,4,11,0.36363636363636365
bpRNA_RFAM_41135,bpRNA_TS0,unknown,FIRM,18,25,0.72
bpRNA_RFAM_41135,bpRNA_TS0,unknown,SOFT,0,4,0.0
bpRNA_RFAM_41135,bpRNA_TS0,unknown,FLOPPY,0,3,0.0
bpRNA_RFAM_41242,bpRNA_TS0,unknown,FIRM,24,26,0.9230769230769231
bpRNA_RFAM_41242,bpRNA_TS0,unknown,SOFT,1,3,0.3333333333333333
bpRNA_RFAM_41242,bpRNA_TS0,unknown,FLOPPY,0,0,
bpRNA_RFAM_41348,bpRNA_TS0,unknown,FIRM,12,14,0.8571428571428571
bpRNA_RFAM_41348,bpRNA_TS0,unknown,SOFT,1,1,1.0
bpRNA_RFAM_41348,bpRNA_TS0,unknown,FLOPPY,0,13,0.0
bpRNA_RFAM_41689,bpRNA_TS0,unknown,FIRM,2,10,0.2
bpRNA_RFAM_41689,bpRNA_TS0,unknown,SOFT,3,3,1.0
bpRNA_RFAM_41689,bpRNA_TS0,unknown,FLOPPY,0,0,
bpRNA_RFAM_42169,bpRNA_TS0,unknown,FIRM,10,11,0.9090909090909091
bpRNA_RFAM_42169,bpRNA_TS0,unknown,SOFT,0,1,0.0
bpRNA_RFAM_42169,bpRNA_TS0,unknown,FLOPPY,0,3,0.0
bpRNA_RFAM_42225,bpRNA_TS0,unknown,FIRM,32,40,0.8
bpRNA_RFAM_42225,bpRNA_TS0,unknown,SOFT,6,12,0.5
bpRNA_RFAM_42225,bpRNA_TS0,unknown,FLOPPY,0,3,0.0
bpRNA_RFAM_42440,bpRNA_TS0,unknown,FIRM,23,25,0.92
bpRNA_RFAM_42440,bpRNA_TS0,unknown,SOFT,2,9,0.2222222222222222
bpRNA_RFAM_42440,bpRNA_TS0,unknown,FLOPPY,0,1,0.0
bpRNA_RFAM_42484,bpRNA_TS0,unknown,FIRM,24,24,1.0
bpRNA_RFAM_42484,bpRNA_TS0,unknown,SOFT,1,3,0.3333333333333333
bpRNA_RFAM_42484,bpRNA_TS0,unknown,FLOPPY,0,8,0.0
bpRNA_RFAM_42575,bpRNA_TS0,unknown,FIRM,0,12,0.0
bpRNA_RFAM_42575,bpRNA_TS0,unknown,SOFT,0,18,0.0
bpRNA_RFAM_42575,bpRNA_TS0,unknown,FLOPPY,0,0,
bpRNA_RFAM_4326,bpRNA_TS0,unknown,FIRM,19,41,0.4634146341463415
bpRNA_RFAM_4326,bpRNA_TS0,unknown,SOFT,5,68,0.07352941176470588
bpRNA_RFAM_4326,bpRNA_TS0,unknown,FLOPPY,0,19,0.0
bpRNA_RFAM_4490,bpRNA_TS0,unknown,FIRM,4,8,0.5
bpRNA_RFAM_4490,bpRNA_TS0,unknown,SOFT,0,17,0.0
bpRNA_RFAM_4490,bpRNA_TS0,unknown,FLOPPY,0,23,0.0
bpRNA_RFAM_5189,bpRNA_TS0,unknown,FIRM,20,43,0.46511627906976744
bpRNA_RFAM_5189,bpRNA_TS0,unknown,SOFT,1,18,0.05555555555555555
bpRNA_RFAM_5189,bpRNA_TS0,unknown,FLOPPY,0,13,0.0
bpRNA_RFAM_5352,bpRNA_TS0,unknown,FIRM,10,17,0.5882352941176471
bpRNA_RFAM_5352,bpRNA_TS0,unknown,SOFT,0,2,0.0
bpRNA_RFAM_5352,bpRNA_TS0,unknown,FLOPPY,0,0,
bpRNA_RFAM_5444,bpRNA_TS0,unknown,FIRM,19,26,0.7307692307692307
bpRNA_RFAM_5444,bpRNA_TS0,unknown,SOFT,1,8,0.125
bpRNA_RFAM_5444,bpRNA_TS0,unknown,FLOPPY,0,0,
bpRNA_RFAM_5512,bpRNA_TS0,unknown,FIRM,19,22,0.8636363636363636
bpRNA_RFAM_5512,bpRNA_TS0,unknown,SOFT,1,7,0.14285714285714285
bpRNA_RFAM_5512,bpRNA_TS0,unknown,FLOPPY,0,3,0.0
bpRNA_RFAM_5690,bpRNA_TS0,unknown,FIRM,2,11,0.18181818181818182
bpRNA_RFAM_5690,bpRNA_TS0,unknown,SOFT,0,12,0.0
bpRNA_RFAM_5690,bpRNA_TS0,unknown,FLOPPY,0,0,
bpRNA_RFAM_5782,bpRNA_TS0,unknown,FIRM,8,27,0.2962962962962963
bpRNA_RFAM_5782,bpRNA_TS0,unknown,SOFT,4,12,0.3333333333333333
bpRNA_RFAM_5782,bpRNA_TS0,unknown,FLOPPY,1,2,0.5
bpRNA_RFAM_5849,bpRNA_TS0,unknown,FIRM,8,14,0.5714285714285714
bpRNA_RFAM_5849,bpRNA_TS0,unknown,SOFT,0,9,0.0
bpRNA_RFAM_5849,bpRNA_TS0,unknown,FLOPPY,0,0,
bpRNA_RFAM_5974,bpRNA_TS0,unknown,FIRM,37,53,0.6981132075471698
bpRNA_RFAM_5974,bpRNA_TS0,unknown,SOFT,0,22,0.0
bpRNA_RFAM_5974,bpRNA_TS0,unknown,FLOPPY,0,8,0.0
bpRNA_RFAM_6040,bpRNA_TS0,unknown,FIRM,0,6,0.0
bpRNA_RFAM_6040,bpRNA_TS0,unknown,SOFT,0,29,0.0
bpRNA_RFAM_6040,bpRNA_TS0,unknown,FLOPPY,0,13,0.0
bpRNA_RFAM_6217,bpRNA_TS0,unknown,FIRM,15,47,0.3191489361702128
bpRNA_RFAM_6217,bpRNA_TS0,unknown,SOFT,0,5,0.0
bpRNA_RFAM_6217,bpRNA_TS0,unknown,FLOPPY,0,6,0.0
bpRNA_RFAM_6613,bpRNA_TS0,unknown,FIRM,0,19,0.0
bpRNA_RFAM_6613,bpRNA_TS0,unknown,SOFT,0,16,0.0
bpRNA_RFAM_6613,bpRNA_TS0,unknown,FLOPPY,0,7,0.0
bpRNA_RFAM_6799,bpRNA_TS0,unknown,FIRM,19,28,0.6785714285714286
bpRNA_RFAM_6799,bpRNA_TS0,unknown,SOFT,0,0,
bpRNA_RFAM_6799,bpRNA_TS0,unknown,FLOPPY,0,0,
bpRNA_RFAM_6874,bpRNA_TS0,unknown,FIRM,3,9,0.3333333333333333
bpRNA_RFAM_6874,bpRNA_TS0,unknown,SOFT,0,9,0.0
bpRNA_RFAM_6874,bpRNA_TS0,unknown,FLOPPY,0,1,0.0
bpRNA_RFAM_6898,bpRNA_TS0,unknown,FIRM,0,16,0.0
bpRNA_RFAM_6898,bpRNA_TS0,unknown,SOFT,0,6,0.0
bpRNA_RFAM_6898,bpRNA_TS0,unknown,FLOPPY,0,0,
bpRNA_RFAM_7155,bpRNA_TS0,unknown,FIRM,20,28,0.7142857142857143
bpRNA_RFAM_7155,bpRNA_TS0,unknown,SOFT,4,21,0.19047619047619047
bpRNA_RFAM_7155,bpRNA_TS0,unknown,FLOPPY,1,6,0.16666666666666666
bpRNA_RFAM_7485,bpRNA_TS0,unknown,FIRM,4,20,0.2
bpRNA_RFAM_7485,bpRNA_TS0,unknown,SOFT,0,10,0.0
bpRNA_RFAM_7485,bpRNA_TS0,unknown,FLOPPY,0,0,
bpRNA_RFAM_7940,bpRNA_TS0,unknown,FIRM,6,6,1.0
bpRNA_RFAM_7940,bpRNA_TS0,unknown,SOFT,6,6,1.0
bpRNA_RFAM_7940,bpRNA_TS0,unknown,FLOPPY,3,3,1.0
bpRNA_RFAM_8211,bpRNA_TS0,unknown,FIRM,7,8,0.875
bpRNA_RFAM_8211,bpRNA_TS0,unknown,SOFT,0,5,0.0
bpRNA_RFAM_8211,bpRNA_TS0,unknown,FLOPPY,4,19,0.21052631578947367
bpRNA_RFAM_848,bpRNA_TS0,unknown,FIRM,21,24,0.875
bpRNA_RFAM_848,bpRNA_TS0,unknown,SOFT,5,27,0.18518518518518517
bpRNA_RFAM_848,bpRNA_TS0,unknown,FLOPPY,0,3,0.0
bpRNA_RFAM_8538,bpRNA_TS0,unknown,FIRM,21,21,1.0
bpRNA_RFAM_8538,bpRNA_TS0,unknown,SOFT,1,1,1.0
bpRNA_RFAM_8538,bpRNA_TS0,unknown,FLOPPY,0,0,
bpRNA_RFAM_8993,bpRNA_TS0,unknown,FIRM,20,40,0.5
bpRNA_RFAM_8993,bpRNA_TS0,unknown,SOFT,0,14,0.0
bpRNA_RFAM_8993,bpRNA_TS0,unknown,FLOPPY,0,10,0.0
bpRNA_RFAM_9038,bpRNA_TS0,unknown,FIRM,5,5,1.0
bpRNA_RFAM_9038,bpRNA_TS0,unknown,SOFT,9,31,0.2903225806451613
bpRNA_RFAM_9038,bpRNA_TS0,unknown,FLOPPY,9,27,0.3333333333333333
bpRNA_RFAM_9130,bpRNA_TS0,unknown,FIRM,5,43,0.11627906976744186
bpRNA_RFAM_9130,bpRNA_TS0,unknown,SOFT,1,21,0.047619047619047616
bpRNA_RFAM_9130,bpRNA_TS0,unknown,FLOPPY,0,9,0.0
bpRNA_RFAM_9133,bpRNA_TS0,unknown,FIRM,0,16,0.0
bpRNA_RFAM_9133,bpRNA_TS0,unknown,SOFT,2,42,0.047619047619047616
bpRNA_RFAM_9133,bpRNA_TS0,unknown,FLOPPY,0,6,0.0
bpRNA_RFAM_9138,bpRNA_TS0,unknown,FIRM,9,25,0.36
bpRNA_RFAM_9138,bpRNA_TS0,unknown,SOFT,11,29,0.3793103448275862
bpRNA_RFAM_9138,bpRNA_TS0,unknown,FLOPPY,0,5,0.0
bpRNA_RFAM_9189,bpRNA_TS0,unknown,FIRM,17,47,0.3617021276595745
bpRNA_RFAM_9189,bpRNA_TS0,unknown,SOFT,1,3,0.3333333333333333
bpRNA_RFAM_9189,bpRNA_TS0,unknown,FLOPPY,3,28,0.10714285714285714
bpRNA_RFAM_9709,bpRNA_TS0,unknown,FIRM,11,18,0.6111111111111112
bpRNA_RFAM_9709,bpRNA_TS0,unknown,SOFT,4,15,0.26666666666666666
bpRNA_RFAM_9709,bpRNA_TS0,unknown,FLOPPY,0,0,
bpRNA_RFAM_9749,bpRNA_TS0,unknown,FIRM,9,19,0.47368421052631576
bpRNA_RFAM_9749,bpRNA_TS0,unknown,SOFT,1,13,0.07692307692307693
bpRNA_RFAM_9749,bpRNA_TS0,unknown,FLOPPY,0,1,0.0
bpRNA_RFAM_9931,bpRNA_TS0,unknown,FIRM,0,0,
bpRNA_RFAM_9931,bpRNA_TS0,unknown,SOFT,6,6,1.0
bpRNA_RFAM_9931,bpRNA_TS0,unknown,FLOPPY,0,4,0.0
bpRNA_RNP_182,bpRNA_TS0,unknown,FIRM,48,54,0.8888888888888888
bpRNA_RNP_182,bpRNA_TS0,unknown,SOFT,18,30,0.6
bpRNA_RNP_182,bpRNA_TS0,unknown,FLOPPY,4,7,0.5714285714285714
bpRNA_RNP_31,bpRNA_TS0,unknown,FIRM,13,13,1.0
bpRNA_RNP_31,bpRNA_TS0,unknown,SOFT,16,46,0.34782608695652173
bpRNA_RNP_31,bpRNA_TS0,unknown,FLOPPY,7,27,0.25925925925925924
bpRNA_RNP_414,bpRNA_TS0,unknown,FIRM,19,81,0.2345679012345679
bpRNA_RNP_414,bpRNA_TS0,unknown,SOFT,4,21,0.19047619047619047
bpRNA_RNP_414,bpRNA_TS0,unknown,FLOPPY,2,32,0.0625
bpRNA_SPR_111,bpRNA_TS0,unknown,FIRM,15,19,0.7894736842105263
bpRNA_SPR_111,bpRNA_TS0,unknown,SOFT,3,3,1.0
bpRNA_SPR_111,bpRNA_TS0,unknown,FLOPPY,0,5,0.0
bpRNA_SPR_563,bpRNA_TS0,unknown,FIRM,6,16,0.375
bpRNA_SPR_563,bpRNA_TS0,unknown,SOFT,1,8,0.125
bpRNA_SPR_563,bpRNA_TS0,unknown,FLOPPY,0,0,
bpRNA_SRP_861,bpRNA_TS0,unknown,FIRM,4,16,0.25
bpRNA_SRP_861,bpRNA_TS0,unknown,SOFT,7,15,0.4666666666666667
bpRNA_SRP_861,bpRNA_TS0,unknown,FLOPPY,0,2,0.0
bpRNA_tmRNA_168,bpRNA_TS0,unknown,FIRM,11,27,0.4074074074074074
bpRNA_tmRNA_168,bpRNA_TS0,unknown,SOFT,1,16,0.0625
bpRNA_tmRNA_168,bpRNA_TS0,unknown,FLOPPY,0,49,0.0
bpRNA_tmRNA_240,bpRNA_TS0,unknown,FIRM,17,60,0.2833333333333333
bpRNA_tmRNA_240,bpRNA_TS0,unknown,SOFT,3,25,0.12
bpRNA_tmRNA_240,bpRNA_TS0,unknown,FLOPPY,1,46,0.021739130434782608
bpRNA_tmRNA_340,bpRNA_TS0,unknown,FIRM,27,39,0.6923076923076923
bpRNA_tmRNA_340,bpRNA_TS0,unknown,SOFT,1,45,0.022222222222222223
bpRNA_tmRNA_340,bpRNA_TS0,unknown,FLOPPY,0,26,0.0
bpRNA_tmRNA_610,bpRNA_TS0,unknown,FIRM,65,91,0.7142857142857143
bpRNA_tmRNA_610,bpRNA_TS0,unknown,SOFT,7,15,0.4666666666666667
bpRNA_tmRNA_610,bpRNA_TS0,unknown,FLOPPY,0,1,0.0
bpRNA_tmRNA_643,bpRNA_TS0,unknown,FIRM,26,30,0.8666666666666667
bpRNA_tmRNA_643,bpRNA_TS0,unknown,SOFT,28,42,0.6666666666666666
bpRNA_tmRNA_643,bpRNA_TS0,unknown,FLOPPY,1,15,0.06666666666666667
AAEU02004214.1/433-498,Rfam_seed,RF00005,FIRM,5,6,0.8333333333333334
AAEU02004214.1/433-498,Rfam_seed,RF00005,SOFT,4,6,0.6666666666666666
AAEU02004214.1/433-498,Rfam_seed,RF00005,FLOPPY,0,10,0.0
AB001488.1/62222-62293,Rfam_seed,RF00005,FIRM,16,22,0.7272727272727273
AB001488.1/62222-62293,Rfam_seed,RF00005,SOFT,1,1,1.0
AB001488.1/62222-62293,Rfam_seed,RF00005,FLOPPY,0,0,
AB009835.1/1-71,Rfam_seed,RF00005,FIRM,7,7,1.0
AB009835.1/1-71,Rfam_seed,RF00005,SOFT,0,0,
AB009835.1/1-71,Rfam_seed,RF00005,FLOPPY,0,18,0.0
AB013373.1/3754-3825,Rfam_seed,RF00005,FIRM,20,21,0.9523809523809523
AB013373.1/3754-3825,Rfam_seed,RF00005,SOFT,1,2,0.5
AB013373.1/3754-3825,Rfam_seed,RF00005,FLOPPY,0,0,
AB031211.1/8065-8137,Rfam_seed,RF00005,FIRM,6,6,1.0
AB031211.1/8065-8137,Rfam_seed,RF00005,SOFT,6,12,0.5
AB031211.1/8065-8137,Rfam_seed,RF00005,FLOPPY,0,7,0.0
AB031214.1/4204-4277,Rfam_seed,RF00005,FIRM,7,7,1.0
AB031214.1/4204-4277,Rfam_seed,RF00005,SOFT,5,19,0.2631578947368421
AB031214.1/4204-4277,Rfam_seed,RF00005,FLOPPY,0,0,
AB031215.1/9125-9195,Rfam_seed,RF00005,FIRM,11,11,1.0
AB031215.1/9125-9195,Rfam_seed,RF00005,SOFT,6,6,1.0
AB031215.1/9125-9195,Rfam_seed,RF00005,FLOPPY,4,4,1.0
AB035923.1/6106-6178,Rfam_seed,RF00005,FIRM,15,16,0.9375
AB035923.1/6106-6178,Rfam_seed,RF00005,SOFT,6,7,0.8571428571428571
AB035923.1/6106-6178,Rfam_seed,RF00005,FLOPPY,0,0,
AB042240.3/15036-15107,Rfam_seed,RF00005,FIRM,11,11,1.0
AB042240.3/15036-15107,Rfam_seed,RF00005,SOFT,1,1,1.0
AB042240.3/15036-15107,Rfam_seed,RF00005,FLOPPY,9,9,1.0
AB042432.1/3845-3913,Rfam_seed,RF00005,FIRM,10,10,1.0
AB042432.1/3845-3913,Rfam_seed,RF00005,SOFT,1,11,0.09090909090909091
AB042432.1/3845-3913,Rfam_seed,RF00005,FLOPPY,0,0,
AB042432.1/6942-7011,Rfam_seed,RF00005,FIRM,18,20,0.9
AB042432.1/6942-7011,Rfam_seed,RF00005,SOFT,2,4,0.5
AB042432.1/6942-7011,Rfam_seed,RF00005,FLOPPY,0,0,
AB042524.1/5257-5192,Rfam_seed,RF00005,FIRM,15,17,0.8823529411764706
AB042524.1/5257-5192,Rfam_seed,RF00005,SOFT,6,7,0.8571428571428571
AB042524.1/5257-5192,Rfam_seed,RF00005,FLOPPY,0,0,
AB035926.1/5989-6104,Rfam_seed,RF00001,FIRM,7,7,1.0
AB035926.1/5989-6104,Rfam_seed,RF00001,SOFT,1,18,0.05555555555555555
AB035926.1/5989-6104,Rfam_seed,RF00001,FLOPPY,0,12,0.0
AB045287.1/5831-5948,Rfam_seed,RF00001,FIRM,10,25,0.4
AB045287.1/5831-5948,Rfam_seed,RF00001,SOFT,3,15,0.2
AB045287.1/5831-5948,Rfam_seed,RF00001,FLOPPY,0,0,
AF001265.1/6033-6149,Rfam_seed,RF00001,FIRM,14,21,0.6666666666666666
AF001265.1/6033-6149,Rfam_seed,RF00001,SOFT,8,10,0.8
AF001265.1/6033-6149,Rfam_seed,RF00001,FLOPPY,2,2,1.0
AF008220.1/5185-5300,Rfam_seed,RF00001,FIRM,18,20,0.9
AF008220.1/5185-5300,Rfam_seed,RF00001,SOFT,5,18,0.2777777777777778
AF008220.1/5185-5300,Rfam_seed,RF00001,FLOPPY,1,1,1.0
AF034619.1/5584-5700,Rfam_seed,RF00001,FIRM,13,29,0.4482758620689655
AF034619.1/5584-5700,Rfam_seed,RF00001,SOFT,2,4,0.5
AF034619.1/5584-5700,Rfam_seed,RF00001,FLOPPY,0,4,0.0
AF036708.1/19036-19140,Rfam_seed,RF00001,FIRM,18,20,0.9
AF036708.1/19036-19140,Rfam_seed,RF00001,SOFT,2,6,0.3333333333333333
AF036708.1/19036-19140,Rfam_seed,RF00001,FLOPPY,0,0,
AF083351.1/469-590,Rfam_seed,RF00001,FIRM,5,28,0.17857142857142858
AF083351.1/469-590,Rfam_seed,RF00001,SOFT,2,8,0.25
AF083351.1/469-590,Rfam_seed,RF00001,FLOPPY,1,1,1.0
AF096716.1/373-495,Rfam_seed,RF00001,FIRM,15,29,0.5172413793103449
AF096716.1/373-495,Rfam_seed,RF00001,SOFT,3,8,0.375
AF096716.1/373-495,Rfam_seed,RF00001,FLOPPY,0,2,0.0
AF096755.1/373-488,Rfam_seed,RF00001,FIRM,0,2,0.0
AF096755.1/373-488,Rfam_seed,RF00001,SOFT,0,22,0.0
AF096755.1/373-488,Rfam_seed,RF00001,FLOPPY,4,11,0.36363636363636365
AF114033.1/6078-6194,Rfam_seed,RF00001,FIRM,14,21,0.6666666666666666
AF114033.1/6078-6194,Rfam_seed,RF00001,SOFT,8,10,0.8
AF114033.1/6078-6194,Rfam_seed,RF00001,FLOPPY,4,6,0.6666666666666666
AF114034.1/6052-6168,Rfam_seed,RF00001,FIRM,8,14,0.5714285714285714
AF114034.1/6052-6168,Rfam_seed,RF00001,SOFT,3,14,0.21428571428571427
AF114034.1/6052-6168,Rfam_seed,RF00001,FLOPPY,2,10,0.2
AF114036.1/6058-6174,Rfam_seed,RF00001,FIRM,8,14,0.5714285714285714
AF114036.1/6058-6174,Rfam_seed,RF00001,SOFT,3,11,0.2727272727272727
AF114036.1/6058-6174,Rfam_seed,RF00001,FLOPPY,2,13,0.15384615384615385
AABS01000247.1/111722-112007,Rfam_seed,RF00017,FIRM,60,72,0.8333333333333334
AABS01000247.1/111722-112007,Rfam_seed,RF00017,SOFT,7,21,0.3333333333333333
AABS01000247.1/111722-112007,Rfam_seed,RF00017,FLOPPY,0,5,0.0
AABS01000318.1/14425-14147,Rfam_seed,RF00017,FIRM,64,79,0.810126582278481
AABS01000318.1/14425-14147,Rfam_seed,RF00017,SOFT,5,10,0.5
AABS01000318.1/14425-14147,Rfam_seed,RF00017,FLOPPY,0,8,0.0
AACN010616031.1/232-530,Rfam_seed,RF00017,FIRM,43,43,1.0
AACN010616031.1/232-530,Rfam_seed,RF00017,SOFT,21,55,0.38181818181818183
AACN010616031.1/232-530,Rfam_seed,RF00017,FLOPPY,2,6,0.3333333333333333
AACT01037627.1/49101-48816,Rfam_seed,RF00017,FIRM,49,68,0.7205882352941176
AACT01037627.1/49101-48816,Rfam_seed,RF00017,SOFT,5,29,0.1724137931034483
AACT01037627.1/49101-48816,Rfam_seed,RF00017,FLOPPY,0,7,0.0
AACT01038002.1/337-622,Rfam_seed,RF00017,FIRM,49,68,0.7205882352941176
AACT01038002.1/337-622,Rfam_seed,RF00017,SOFT,5,29,0.1724137931034483
AACT01038002.1/337-622,Rfam_seed,RF00017,FLOPPY,0,7,0.0
AACW02000088.1/106193-106487,Rfam_seed,RF00017,FIRM,28,45,0.6222222222222222
AACW02000088.1/106193-106487,Rfam_seed,RF00017,SOFT,27,46,0.5869565217391305
AACW02000088.1/106193-106487,Rfam_seed,RF00017,FLOPPY,1,9,0.1111111111111111
AADC01117175.1/34409-34130,Rfam_seed,RF00017,FIRM,11,52,0.21153846153846154
AADC01117175.1/34409-34130,Rfam_seed,RF00017,SOFT,4,32,0.125
AADC01117175.1/34409-34130,Rfam_seed,RF00017,FLOPPY,2,10,0.2
AADD01137907.1/9486-9773,Rfam_seed,RF00017,FIRM,0,0,
AADD01137907.1/9486-9773,Rfam_seed,RF00017,SOFT,22,54,0.4074074074074074
AADD01137907.1/9486-9773,Rfam_seed,RF00017,FLOPPY,19,42,0.4523809523809524
AADD01137944.1/11247-10949,Rfam_seed,RF00017,FIRM,13,36,0.3611111111111111
AADD01137944.1/11247-10949,Rfam_seed,RF00017,SOFT,2,41,0.04878048780487805
AADD01137944.1/11247-10949,Rfam_seed,RF00017,FLOPPY,0,27,0.0
AAGD02010404.1/8312-8015,Rfam_seed,RF00017,FIRM,74,83,0.891566265060241
AAGD02010404.1/8312-8015,Rfam_seed,RF00017,SOFT,4,8,0.5
AAGD02010404.1/8312-8015,Rfam_seed,RF00017,FLOPPY,1,14,0.07142857142857142
AAGE02003358.1/100111-100407,Rfam_seed,RF00017,FIRM,77,89,0.8651685393258427
AAGE02003358.1/100111-100407,Rfam_seed,RF00017,SOFT,7,10,0.7
AAGE02003358.1/100111-100407,Rfam_seed,RF00017,FLOPPY,1,3,0.3333333333333333
AAGE02003358.1/57464-57166,Rfam_seed,RF00017,FIRM,80,92,0.8695652173913043
AAGE02003358.1/57464-57166,Rfam_seed,RF00017,SOFT,4,7,0.5714285714285714
AAGE02003358.1/57464-57166,Rfam_seed,RF00017,FLOPPY,0,3,0.0
AE000512.1/1124728-1124612,Rfam_seed,RF01854,FIRM,12,34,0.35294117647058826
AE000512.1/1124728-1124612,Rfam_seed,RF01854,SOFT,0,5,0.0
AE000512.1/1124728-1124612,Rfam_seed,RF01854,FLOPPY,0,1,0.0
AE001437.1/136141-136243,Rfam_seed,RF01854,FIRM,29,31,0.9354838709677419
AE001437.1/136141-136243,Rfam_seed,RF01854,SOFT,2,3,0.6666666666666666
AE001437.1/136141-136243,Rfam_seed,RF01854,FLOPPY,0,0,
AE008691.1/46248-46514,Rfam_seed,RF01854,FIRM,43,63,0.6825396825396826
AE008691.1/46248-46514,Rfam_seed,RF01854,SOFT,7,28,0.25
AE008691.1/46248-46514,Rfam_seed,RF01854,FLOPPY,1,1,1.0
AE015927.1/24077-23975,Rfam_seed,RF01854,FIRM,28,31,0.9032258064516129
AE015927.1/24077-23975,Rfam_seed,RF01854,SOFT,2,3,0.6666666666666666
AE015927.1/24077-23975,Rfam_seed,RF01854,FLOPPY,0,0,
AE015929.1/2386853-2386584,Rfam_seed,RF01854,FIRM,38,45,0.8444444444444444
AE015929.1/2386853-2386584,Rfam_seed,RF01854,SOFT,26,35,0.7428571428571429
AE015929.1/2386853-2386584,Rfam_seed,RF01854,FLOPPY,7,12,0.5833333333333334
AE016879.1/25115-25379,Rfam_seed,RF01854,FIRM,49,55,0.8909090909090909
AE016879.1/25115-25379,Rfam_seed,RF01854,SOFT,9,32,0.28125
AE016879.1/25115-25379,Rfam_seed,RF01854,FLOPPY,1,8,0.125
AE017194.1/25229-25331,Rfam_seed,RF01854,FIRM,28,30,0.9333333333333333
AE017194.1/25229-25331,Rfam_seed,RF01854,SOFT,3,4,0.75
AE017194.1/25229-25331,Rfam_seed,RF01854,FLOPPY,0,0,
AE017333.1/30486-30751,Rfam_seed,RF01854,FIRM,50,56,0.8928571428571429
AE017333.1/30486-30751,Rfam_seed,RF01854,SOFT,8,36,0.2222222222222222
AE017333.1/30486-30751,Rfam_seed,RF01854,FLOPPY,1,3,0.3333333333333333
AJ938182.1/468421-468690,Rfam_seed,RF01854,FIRM,6,6,1.0
AJ938182.1/468421-468690,Rfam_seed,RF01854,SOFT,0,7,0.0
AJ938182.1/468421-468690,Rfam_seed,RF01854,FLOPPY,0,76,0.0
AP006716.1/2548377-2548277,Rfam_seed,RF01854,FIRM,16,18,0.8888888888888888
AP006716.1/2548377-2548277,Rfam_seed,RF01854,SOFT,7,8,0.875
AP006716.1/2548377-2548277,Rfam_seed,RF01854,FLOPPY,7,7,1.0
AAEW02000009.1/28314-28685,Rfam_seed,RF00010,FIRM,56,77,0.7272727272727273
AAEW02000009.1/28314-28685,Rfam_seed,RF00010,SOFT,19,37,0.5135135135135135
AAEW02000009.1/28314-28685,Rfam_seed,RF00010,FLOPPY,2,7,0.2857142857142857
AAMO01000002.1/442801-442402,Rfam_seed,RF00010,FIRM,46,63,0.7301587301587301
AAMO01000002.1/442801-442402,Rfam_seed,RF00010,SOFT,6,18,0.3333333333333333
AAMO01000002.1/442801-442402,Rfam_seed,RF00010,FLOPPY,0,43,0.0
AAMR01000081.1/12435-12061,Rfam_seed,RF00010,FIRM,16,48,0.3333333333333333
AAMR01000081.1/12435-12061,Rfam_seed,RF00010,SOFT,1,5,0.2
AAMR01000081.1/12435-12061,Rfam_seed,RF00010,FLOPPY,1,57,0.017543859649122806
AANE01000023.1/29684-29331,Rfam_seed,RF00010,FIRM,56,63,0.8888888888888888
AANE01000023.1/29684-29331,Rfam_seed,RF00010,SOFT,5,20,0.25
AANE01000023.1/29684-29331,Rfam_seed,RF00010,FLOPPY,5,27,0.18518518518518517
AAOB01000003.1/8301-7930,Rfam_seed,RF00010,FIRM,61,68,0.8970588235294118
AAOB01000003.1/8301-7930,Rfam_seed,RF00010,SOFT,7,16,0.4375
AAOB01000003.1/8301-7930,Rfam_seed,RF00010,FLOPPY,4,36,0.1111111111111111
AAOE01000014.1/15829-15485,Rfam_seed,RF00010,FIRM,51,57,0.8947368421052632
AAOE01000014.1/15829-15485,Rfam_seed,RF00010,SOFT,8,28,0.2857142857142857
AAOE01000014.1/15829-15485,Rfam_seed,RF00010,FLOPPY,7,26,0.2692307692307692
AAOH01000003.1/223452-223841,Rfam_seed,RF00010,FIRM,31,46,0.6739130434782609
AAOH01000003.1/223452-223841,Rfam_seed,RF00010,SOFT,18,51,0.35294117647058826
AAOH01000003.1/223452-223841,Rfam_seed,RF00010,FLOPPY,0,22,0.0
AAOU01000016.1/100989-100601,Rfam_seed,RF00010,FIRM,38,49,0.7755102040816326
AAOU01000016.1/100989-100601,Rfam_seed,RF00010,SOFT,5,49,0.10204081632653061
AAOU01000016.1/100989-100601,Rfam_seed,RF00010,FLOPPY,2,31,0.06451612903225806
AAOW01000035.1/17820-17459,Rfam_seed,RF00010,FIRM,36,69,0.5217391304347826
AAOW01000035.1/17820-17459,Rfam_seed,RF00010,SOFT,8,24,0.3333333333333333
AAOW01000035.1/17820-17459,Rfam_seed,RF00010,FLOPPY,0,28,0.0
AAPI01000003.1/215670-216054,Rfam_seed,RF00010,FIRM,54,78,0.6923076923076923
AAPI01000003.1/215670-216054,Rfam_seed,RF00010,SOFT,9,21,0.42857142857142855
AAPI01000003.1/215670-216054,Rfam_seed,RF00010,FLOPPY,4,27,0.14814814814814814
AAQH01000027.1/16807-16441,Rfam_seed,RF00010,FIRM,50,81,0.6172839506172839
AAQH01000027.1/16807-16441,Rfam_seed,RF00010,SOFT,12,24,0.5
AAQH01000027.1/16807-16441,Rfam_seed,RF00010,FLOPPY,1,14,0.07142857142857142
AAQJ02000001.1/918442-918085,Rfam_seed,RF00010,FIRM,53,68,0.7794117647058824
AAQJ02000001.1/918442-918085,Rfam_seed,RF00010,SOFT,14,20,0.7
AAQJ02000001.1/918442-918085,Rfam_seed,RF00010,FLOPPY,0,22,0.0
AJ243001.2/347-509,Rfam_seed,RF00003,FIRM,17,33,0.5151515151515151
AJ243001.2/347-509,Rfam_seed,RF00003,SOFT,6,16,0.375
AJ243001.2/347-509,Rfam_seed,RF00003,FLOPPY,0,0,
AY198211.1/1-163,Rfam_seed,RF00003,FIRM,14,15,0.9333333333333333
AY198211.1/1-163,Rfam_seed,RF00003,SOFT,11,30,0.36666666666666664
AY198211.1/1-163,Rfam_seed,RF00003,FLOPPY,0,4,0.0
AY198213.1/1-163,Rfam_seed,RF00003,FIRM,12,13,0.9230769230769231
AY198213.1/1-163,Rfam_seed,RF00003,SOFT,1,2,0.5
AY198213.1/1-163,Rfam_seed,RF00003,FLOPPY,14,39,0.358974358974359
J00318.1/433-596,Rfam_seed,RF00003,FIRM,17,20,0.85
J00318.1/433-596,Rfam_seed,RF00003,SOFT,1,8,0.125
J00318.1/433-596,Rfam_seed,RF00003,FLOPPY,1,26,0.038461538461538464
J00645.1/51-213,Rfam_seed,RF00003,FIRM,5,8,0.625
J00645.1/51-213,Rfam_seed,RF00003,SOFT,5,21,0.23809523809523808
J00645.1/51-213,Rfam_seed,RF00003,FLOPPY,6,25,0.24
J00914.1/146-309,Rfam_seed,RF00003,FIRM,2,6,0.3333333333333333
J00914.1/146-309,Rfam_seed,RF00003,SOFT,4,20,0.2
J00914.1/146-309,Rfam_seed,RF00003,FLOPPY,0,25,0.0
J01156.1/9-172,Rfam_seed,RF00003,FIRM,12,17,0.7058823529411765
J01156.1/9-172,Rfam_seed,RF00003,SOFT,30,34,0.8823529411764706
J01156.1/9-172,Rfam_seed,RF00003,FLOPPY,1,4,0.25
K00529.1/225-388,Rfam_seed,RF00003,FIRM,16,19,0.8421052631578947
K00529.1/225-388,Rfam_seed,RF00003,SOFT,24,28,0.8571428571428571
K00529.1/225-388,Rfam_seed,RF00003,FLOPPY,3,5,0.6
K00788.1/2-165,Rfam_seed,RF00003,FIRM,17,20,0.85
K00788.1/2-165,Rfam_seed,RF00003,SOFT,1,8,0.125
K00788.1/2-165,Rfam_seed,RF00003,FLOPPY,1,26,0.038461538461538464
K03128.1/241-77,Rfam_seed,RF00003,FIRM,16,19,0.8421052631578947
K03128.1/241-77,Rfam_seed,RF00003,SOFT,0,32,0.0
K03128.1/241-77,Rfam_seed,RF00003,FLOPPY,1,3,0.3333333333333333
L25915.1/1-159,Rfam_seed,RF00003,FIRM,11,17,0.6470588235294118
L25915.1/1-159,Rfam_seed,RF00003,SOFT,2,7,0.2857142857142857
L25915.1/1-159,Rfam_seed,RF00003,FLOPPY,0,31,0.0
AAAA02007579.1/14294-14490,Rfam_seed,RF00004,FIRM,35,52,0.6730769230769231
AAAA02007579.1/14294-14490,Rfam_seed,RF00004,SOFT,0,13,0.0
AAAA02007579.1/14294-14490,Rfam_seed,RF00004,FLOPPY,0,0,
AABL01000318.1/11806-12005,Rfam_seed,RF00004,FIRM,21,21,1.0
AABL01000318.1/11806-12005,Rfam_seed,RF00004,SOFT,2,2,1.0
AABL01000318.1/11806-12005,Rfam_seed,RF00004,FLOPPY,6,34,0.17647058823529413
AACA01000784.1/509-337,Rfam_seed,RF00004,FIRM,12,17,0.7058823529411765
AACA01000784.1/509-337,Rfam_seed,RF00004,SOFT,1,26,0.038461538461538464
AACA01000784.1/509-337,Rfam_seed,RF00004,FLOPPY,0,11,0.0
AACI02000565.1/65-236,Rfam_seed,RF00004,FIRM,9,16,0.5625
AACI02000565.1/65-236,Rfam_seed,RF00004,SOFT,11,19,0.5789473684210527
AACI02000565.1/65-236,Rfam_seed,RF00004,FLOPPY,0,15,0.0
AACP01000091.1/4899-4707,Rfam_seed,RF00004,FIRM,26,45,0.5777777777777777
AACP01000091.1/4899-4707,Rfam_seed,RF00004,SOFT,1,6,0.16666666666666666
AACP01000091.1/4899-4707,Rfam_seed,RF00004,FLOPPY,0,5,0.0
AACQ01000018.1/49571-49783,Rfam_seed,RF00004,FIRM,30,34,0.8823529411764706
AACQ01000018.1/49571-49783,Rfam_seed,RF00004,SOFT,7,19,0.3684210526315789
AACQ01000018.1/49571-49783,Rfam_seed,RF00004,FLOPPY,0,4,0.0
AADA01287270.1/15999-15809,Rfam_seed,RF00004,FIRM,30,40,0.75
AADA01287270.1/15999-15809,Rfam_seed,RF00004,SOFT,2,15,0.13333333333333333
AADA01287270.1/15999-15809,Rfam_seed,RF00004,FLOPPY,0,4,0.0
AADG06003467.1/1334-1527,Rfam_seed,RF00004,FIRM,34,35,0.9714285714285714
AADG06003467.1/1334-1527,Rfam_seed,RF00004,SOFT,3,6,0.5
AADG06003467.1/1334-1527,Rfam_seed,RF00004,FLOPPY,6,20,0.3
AAAB01008933.1/1598961-1598821,Rfam_seed,RF00015,FIRM,8,12,0.6666666666666666
AAAB01008933.1/1598961-1598821,Rfam_seed,RF00015,SOFT,12,24,0.5
AAAB01008933.1/1598961-1598821,Rfam_seed,RF00015,FLOPPY,0,6,0.0
AACD01000007.1/178412-178544,Rfam_seed,RF00015,FIRM,19,19,1.0
AACD01000007.1/178412-178544,Rfam_seed,RF00015,SOFT,2,7,0.2857142857142857
AACD01000007.1/178412-178544,Rfam_seed,RF00015,FLOPPY,0,15,0.0
AACF01000119.1/10356-10566,Rfam_seed,RF00015,FIRM,7,20,0.35
AACF01000119.1/10356-10566,Rfam_seed,RF00015,SOFT,10,34,0.29411764705882354
AACF01000119.1/10356-10566,Rfam_seed,RF00015,FLOPPY,4,9,0.4444444444444444
AACI02000576.1/2356-2546,Rfam_seed,RF00015,FIRM,7,14,0.5
AACI02000576.1/2356-2546,Rfam_seed,RF00015,SOFT,5,25,0.2
AACI02000576.1/2356-2546,Rfam_seed,RF00015,FLOPPY,6,15,0.4
AACM02000196.1/54942-55125,Rfam_seed,RF00015,FIRM,9,23,0.391304347826087
AACM02000196.1/54942-55125,Rfam_seed,RF00015,SOFT,1,17,0.058823529411764705
AACM02000196.1/54942-55125,Rfam_seed,RF00015,FLOPPY,9,21,0.42857142857142855
AACP01000036.1/91007-91135,Rfam_seed,RF00015,FIRM,14,14,1.0
AACP01000036.1/91007-91135,Rfam_seed,RF00015,SOFT,4,23,0.17391304347826086
AACP01000036.1/91007-91135,Rfam_seed,RF00015,FLOPPY,0,3,0.0
AACS02000001.1/566465-566333,Rfam_seed,RF00015,FIRM,7,16,0.4375
AACS02000001.1/566465-566333,Rfam_seed,RF00015,SOFT,0,21,0.0
AACS02000001.1/566465-566333,Rfam_seed,RF00015,FLOPPY,0,1,0.0
AACU03000146.1/753634-753781,Rfam_seed,RF00015,FIRM,9,12,0.75
AACU03000146.1/753634-753781,Rfam_seed,RF00015,SOFT,8,26,0.3076923076923077
AACU03000146.1/753634-753781,Rfam_seed,RF00015,FLOPPY,3,6,0.5
AACW02000210.1/206231-206366,Rfam_seed,RF00015,FIRM,15,15,1.0
AACW02000210.1/206231-206366,Rfam_seed,RF00015,SOFT,2,14,0.14285714285714285
AACW02000210.1/206231-206366,Rfam_seed,RF00015,FLOPPY,5,10,0.5
AACY020397167.1/942-809,Rfam_seed,RF00015,FIRM,16,24,0.6666666666666666
AACY020397167.1/942-809,Rfam_seed,RF00015,SOFT,4,12,0.3333333333333333
AACY020397167.1/942-809,Rfam_seed,RF00015,FLOPPY,0,6,0.0
AADK01043685.1/1410-1272,Rfam_seed,RF00015,FIRM,15,32,0.46875
AADK01043685.1/1410-1272,Rfam_seed,RF00015,SOFT,0,8,0.0
AADK01043685.1/1410-1272,Rfam_seed,RF00015,FLOPPY,2,4,0.5
AABL01000365.1/9537-9644,Rfam_seed,RF00026,FIRM,5,17,0.29411764705882354
AABL01000365.1/9537-9644,Rfam_seed,RF00026,SOFT,0,7,0.0
AABL01000365.1/9537-9644,Rfam_seed,RF00026,FLOPPY,0,3,0.0
AABU01002774.1/16804311-16804417,Rfam_seed,RF00026,FIRM,4,19,0.21052631578947367
AABU01002774.1/16804311-16804417,Rfam_seed,RF00026,SOFT,0,6,0.0
AABU01002774.1/16804311-16804417,Rfam_seed,RF00026,FLOPPY,1,5,0.2
AABX02000022.1/362974-363076,Rfam_seed,RF00026,FIRM,0,0,
AABX02000022.1/362974-363076,Rfam_seed,RF00026,SOFT,4,13,0.3076923076923077
AABX02000022.1/362974-363076,Rfam_seed,RF00026,FLOPPY,0,8,0.0
AACO02000104.1/123353-123240,Rfam_seed,RF00026,FIRM,5,11,0.45454545454545453
AACO02000104.1/123353-123240,Rfam_seed,RF00026,SOFT,0,9,0.0
AACO02000104.1/123353-123240,Rfam_seed,RF00026,FLOPPY,0,1,0.0
AACT01041609.1/35558-35664,Rfam_seed,RF00026,FIRM,4,17,0.23529411764705882
AACT01041609.1/35558-35664,Rfam_seed,RF00026,SOFT,0,6,0.0
AACT01041609.1/35558-35664,Rfam_seed,RF00026,FLOPPY,1,6,0.16666666666666666
AACW02000046.1/25302-25425,Rfam_seed,RF00026,FIRM,4,25,0.16
AACW02000046.1/25302-25425,Rfam_seed,RF00026,SOFT,0,1,0.0
AACW02000046.1/25302-25425,Rfam_seed,RF00026,FLOPPY,0,1,0.0
AADM01000279.1/397-288,Rfam_seed,RF00026,FIRM,0,10,0.0
AADM01000279.1/397-288,Rfam_seed,RF00026,SOFT,0,12,0.0
AADM01000279.1/397-288,Rfam_seed,RF00026,FLOPPY,0,13,0.0
AAKK02000001.1/258130-258269,Rfam_seed,RF00050,FIRM,15,26,0.5769230769230769
AAKK02000001.1/258130-258269,Rfam_seed,RF00050,SOFT,1,11,0.09090909090909091
AAKK02000001.1/258130-258269,Rfam_seed,RF00050,FLOPPY,4,6,0.6666666666666666
AANE01000019.1/87182-87037,Rfam_seed,RF00050,FIRM,13,25,0.52
AANE01000019.1/87182-87037,Rfam_seed,RF00050,SOFT,4,7,0.5714285714285714
AANE01000019.1/87182-87037,Rfam_seed,RF00050,FLOPPY,2,12,0.16666666666666666
AAOU01000004.1/94074-94215,Rfam_seed,RF00050,FIRM,5,15,0.3333333333333333
AAOU01000004.1/94074-94215,Rfam_seed,RF00050,SOFT,9,19,0.47368421052631576
AAOU01000004.1/94074-94215,Rfam_seed,RF00050,FLOPPY,5,9,0.5555555555555556
AAOX01000016.1/69993-70130,Rfam_seed,RF00050,FIRM,11,17,0.6470588235294118
AAOX01000016.1/69993-70130,Rfam_seed,RF00050,SOFT,4,10,0.4
AAOX01000016.1/69993-70130,Rfam_seed,RF00050,FLOPPY,8,15,0.5333333333333333
AAPG01000027.1/38942-39095,Rfam_seed,RF00050,FIRM,18,34,0.5294117647058824
AAPG01000027.1/38942-39095,Rfam_seed,RF00050,SOFT,1,3,0.3333333333333333
AAPG01000027.1/38942-39095,Rfam_seed,RF00050,FLOPPY,2,7,0.2857142857142857
AASE01000003.1/858-707,Rfam_seed,RF00050,FIRM,11,26,0.4230769230769231
AASE01000003.1/858-707,Rfam_seed,RF00050,SOFT,0,13,0.0
AASE01000003.1/858-707,Rfam_seed,RF00050,FLOPPY,0,5,0.0
AAXB02000021.1/33038-32924,Rfam_seed,RF00050,FIRM,15,19,0.7894736842105263
AAXB02000021.1/33038-32924,Rfam_seed,RF00050,SOFT,3,8,0.375
AAXB02000021.1/33038-32924,Rfam_seed,RF00050,FLOPPY,0,2,0.0
ABAH01000018.1/164932-164783,Rfam_seed,RF00050,FIRM,12,24,0.5
ABAH01000018.1/164932-164783,Rfam_seed,RF00050,SOFT,3,13,0.23076923076923078
ABAH01000018.1/164932-164783,Rfam_seed,RF00050,FLOPPY,0,6,0.0
AACY020322622.1/575-479,Rfam_seed,RF00162,FIRM,21,25,0.84
AACY020322622.1/575-479,Rfam_seed,RF00162,SOFT,2,3,0.6666666666666666
AACY020322622.1/575-479,Rfam_seed,RF00162,FLOPPY,0,0,
AAFX01122557.1/25-152,Rfam_seed,RF00162,FIRM,23,27,0.8518518518518519
AAFX01122557.1/25-152,Rfam_seed,RF00162,SOFT,0,11,0.0
AAFX01122557.1/25-152,Rfam_seed,RF00162,FLOPPY,1,4,0.25
AANA01000001.1/1389418-1389294,Rfam_seed,RF00162,FIRM,17,27,0.6296296296296297
AANA01000001.1/1389418-1389294,Rfam_seed,RF00162,SOFT,6,9,0.6666666666666666
AANA01000001.1/1389418-1389294,Rfam_seed,RF00162,FLOPPY,0,4,0.0
AANC01000003.1/237429-237533,Rfam_seed,RF00162,FIRM,25,27,0.9259259259259259
AANC01000003.1/237429-237533,Rfam_seed,RF00162,SOFT,3,3,1.0
AANC01000003.1/237429-237533,Rfam_seed,RF00162,FLOPPY,0,1,0.0
AAOX01000002.1/320062-320165,Rfam_seed,RF00162,FIRM,22,27,0.8148148148148148
AAOX01000002.1/320062-320165,Rfam_seed,RF00162,SOFT,1,6,0.16666666666666666
AAOX01000002.1/320062-320165,Rfam_seed,RF00162,FLOPPY,0,0,
AAOX01000002.1/320243-320340,Rfam_seed,RF00162,FIRM,26,27,0.9629629629629629
AAOX01000002.1/320243-320340,Rfam_seed,RF00162,SOFT,1,1,1.0
AAOX01000002.1/320243-320340,Rfam_seed,RF00162,FLOPPY,0,0,
AAOX01000002.1/340881-340984,Rfam_seed,RF00162,FIRM,25,27,0.9259259259259259
AAOX01000002.1/340881-340984,Rfam_seed,RF00162,SOFT,2,9,0.2222222222222222
AAOX01000002.1/340881-340984,Rfam_seed,RF00162,FLOPPY,0,1,0.0
AARG01000011.1/103271-103357,Rfam_seed,RF00162,FIRM,16,16,1.0
AARG01000011.1/103271-103357,Rfam_seed,RF00162,SOFT,0,3,0.0
AARG01000011.1/103271-103357,Rfam_seed,RF00162,FLOPPY,6,6,1.0
AARI02000249.1/265-361,Rfam_seed,RF00162,FIRM,6,20,0.3
AARI02000249.1/265-361,Rfam_seed,RF00162,SOFT,3,7,0.42857142857142855
AARI02000249.1/265-361,Rfam_seed,RF00162,FLOPPY,0,1,0.0
AARL02000014.1/678-559,Rfam_seed,RF00162,FIRM,22,37,0.5945945945945946
AARL02000014.1/678-559,Rfam_seed,RF00162,SOFT,0,1,0.0
AARL02000014.1/678-559,Rfam_seed,RF00162,FLOPPY,1,2,0.5
AARM02000086.1/6918-7038,Rfam_seed,RF00162,FIRM,18,31,0.5806451612903226
AARM02000086.1/6918-7038,Rfam_seed,RF00162,SOFT,1,4,0.25
AARM02000086.1/6918-7038,Rfam_seed,RF00162,FLOPPY,1,2,0.5
AASE01000018.1/36798-36683,Rfam_seed,RF00162,FIRM,23,25,0.92
AASE01000018.1/36798-36683,Rfam_seed,RF00162,SOFT,2,4,0.5
AASE01000018.1/36798-36683,Rfam_seed,RF00162,FLOPPY,2,7,0.2857142857142857
AACY020193176.1/1612-1511,Rfam_seed,RF00167,FIRM,15,15,1.0
AACY020193176.1/1612-1511,Rfam_seed,RF00167,SOFT,4,4,1.0
AACY020193176.1/1612-1511,Rfam_seed,RF00167,FLOPPY,0,0,
AAEK01000017.1/86437-86538,Rfam_seed,RF00167,FIRM,13,13,1.0
AAEK01000017.1/86437-86538,Rfam_seed,RF00167,SOFT,7,7,1.0
AAEK01000017.1/86437-86538,Rfam_seed,RF00167,FLOPPY,0,9,0.0
AAEQ01000019.1/51159-51260,Rfam_seed,RF00167,FIRM,11,11,1.0
AAEQ01000019.1/51159-51260,Rfam_seed,RF00167,SOFT,6,11,0.5454545454545454
AAEQ01000019.1/51159-51260,Rfam_seed,RF00167,FLOPPY,1,3,0.3333333333333333
AAMR01000003.1/106610-106709,Rfam_seed,RF00167,FIRM,0,0,
AAMR01000003.1/106610-106709,Rfam_seed,RF00167,SOFT,17,17,1.0
AAMR01000003.1/106610-106709,Rfam_seed,RF00167,FLOPPY,0,4,0.0
AANE01000012.1/49153-49054,Rfam_seed,RF00167,FIRM,8,10,0.8
AANE01000012.1/49153-49054,Rfam_seed,RF00167,SOFT,2,12,0.16666666666666666
AANE01000012.1/49153-49054,Rfam_seed,RF00167,FLOPPY,0,4,0.0
AAOX01000007.1/111657-111757,Rfam_seed,RF00167,FIRM,7,7,1.0
AAOX01000007.1/111657-111757,Rfam_seed,RF00167,SOFT,10,13,0.7692307692307693
AAOX01000007.1/111657-111757,Rfam_seed,RF00167,FLOPPY,0,0,
AAOX01000028.1/42464-42565,Rfam_seed,RF00167,FIRM,13,13,1.0
AAOX01000028.1/42464-42565,Rfam_seed,RF00167,SOFT,6,6,1.0
AAOX01000028.1/42464-42565,Rfam_seed,RF00167,FLOPPY,0,0,
AAPS01000004.1/87369-87468,Rfam_seed,RF00167,FIRM,11,16,0.6875
AAPS01000004.1/87369-87468,Rfam_seed,RF00167,SOFT,6,6,1.0
AAPS01000004.1/87369-87468,Rfam_seed,RF00167,FLOPPY,0,2,0.0
AAXV01000001.1/277776-277678,Rfam_seed,RF00167,FIRM,20,21,0.9523809523809523
AAXV01000001.1/277776-277678,Rfam_seed,RF00167,SOFT,0,2,0.0
AAXV01000001.1/277776-277678,Rfam_seed,RF00167,FLOPPY,0,0,
AAXV01000001.1/285704-285603,Rfam_seed,RF00167,FIRM,11,11,1.0
AAXV01000001.1/285704-285603,Rfam_seed,RF00167,SOFT,0,17,0.0
AAXV01000001.1/285704-285603,Rfam_seed,RF00167,FLOPPY,0,0,
AAXV01000026.1/31334-31233,Rfam_seed,RF00167,FIRM,19,19,1.0
AAXV01000026.1/31334-31233,Rfam_seed,RF00167,SOFT,1,2,0.5
AAXV01000026.1/31334-31233,Rfam_seed,RF00167,FLOPPY,0,0,
AB008757.1/115-16,Rfam_seed,RF00167,FIRM,22,28,0.7857142857142857
AB008757.1/115-16,Rfam_seed,RF00167,SOFT,0,0,
AB008757.1/115-16,Rfam_seed,RF00167,FLOPPY,0,0,
AAEK01000033.1/47712-47817,Rfam_seed,RF00059,FIRM,16,19,0.8421052631578947
AAEK01000033.1/47712-47817,Rfam_seed,RF00059,SOFT,6,10,0.6
AAEK01000033.1/47712-47817,Rfam_seed,RF00059,FLOPPY,1,1,1.0
AALV01000001.1/1015631-1015532,Rfam_seed,RF00059,FIRM,6,6,1.0
AALV01000001.1/1015631-1015532,Rfam_seed,RF00059,SOFT,1,19,0.05263157894736842
AALV01000001.1/1015631-1015532,Rfam_seed,RF00059,FLOPPY,0,1,0.0
AARF01000324.1/6363-6261,Rfam_seed,RF00059,FIRM,17,19,0.8947368421052632
AARF01000324.1/6363-6261,Rfam_seed,RF00059,SOFT,4,10,0.4
AARF01000324.1/6363-6261,Rfam_seed,RF00059,FLOPPY,0,2,0.0
AB087258.1/15478-15568,Rfam_seed,RF00059,FIRM,11,17,0.6470588235294118
AB087258.1/15478-15568,Rfam_seed,RF00059,SOFT,0,9,0.0
AB087258.1/15478-15568,Rfam_seed,RF00059,FLOPPY,0,2,0.0
AB118748.1/319-422,Rfam_seed,RF00059,FIRM,0,22,0.0
AB118748.1/319-422,Rfam_seed,RF00059,SOFT,0,9,0.0
AB118748.1/319-422,Rfam_seed,RF00059,FLOPPY,0,2,0.0
AC005496.3/78625-78498,Rfam_seed,RF00059,FIRM,4,15,0.26666666666666666
AC005496.3/78625-78498,Rfam_seed,RF00059,SOFT,6,8,0.75
AC005496.3/78625-78498,Rfam_seed,RF00059,FLOPPY,7,13,0.5384615384615384
AE004439.1/444121-444213,Rfam_seed,RF00059,FIRM,9,14,0.6428571428571429
AE004439.1/444121-444213,Rfam_seed,RF00059,SOFT,2,13,0.15384615384615385
AE004439.1/444121-444213,Rfam_seed,RF00059,FLOPPY,1,1,1.0
AE007317.1/646024-645926,Rfam_seed,RF00059,FIRM,0,5,0.0
AE007317.1/646024-645926,Rfam_seed,RF00059,SOFT,5,16,0.3125
AE007317.1/646024-645926,Rfam_seed,RF00059,FLOPPY,0,6,0.0
AE008691.1/1524796-1524694,Rfam_seed,RF00059,FIRM,3,8,0.375
AE008691.1/1524796-1524694,Rfam_seed,RF00059,SOFT,1,8,0.125
AE008691.1/1524796-1524694,Rfam_seed,RF00059,FLOPPY,0,14,0.0
AE008691.1/2140374-2140272,Rfam_seed,RF00059,FIRM,8,9,0.8888888888888888
AE008691.1/2140374-2140272,Rfam_seed,RF00059,SOFT,7,16,0.4375
AE008691.1/2140374-2140272,Rfam_seed,RF00059,FLOPPY,1,1,1.0
AE014074.1/464992-464896,Rfam_seed,RF00059,FIRM,10,17,0.5882352941176471
AE014074.1/464992-464896,Rfam_seed,RF00059,SOFT,1,2,0.5
AE014074.1/464992-464896,Rfam_seed,RF00059,FLOPPY,0,14,0.0
AAAP01002012.1/63-264,Rfam_seed,RF00174,FIRM,10,25,0.4
AAAP01002012.1/63-264,Rfam_seed,RF00174,SOFT,0,35,0.0
AAAP01002012.1/63-264,Rfam_seed,RF00174,FLOPPY,0,2,0.0
AAAP01003109.1/772-975,Rfam_seed,RF00174,FIRM,0,50,0.0
AAAP01003109.1/772-975,Rfam_seed,RF00174,SOFT,0,17,0.0
AAAP01003109.1/772-975,Rfam_seed,RF00174,FLOPPY,0,4,0.0
AAAP01003520.1/1076-876,Rfam_seed,RF00174,FIRM,15,38,0.39473684210526316
AAAP01003520.1/1076-876,Rfam_seed,RF00174,SOFT,1,21,0.047619047619047616
AAAP01003520.1/1076-876,Rfam_seed,RF00174,FLOPPY,3,6,0.5
AAEW02000019.1/41610-41804,Rfam_seed,RF00174,FIRM,16,25,0.64
AAEW02000019.1/41610-41804,Rfam_seed,RF00174,SOFT,3,21,0.14285714285714285
AAEW02000019.1/41610-41804,Rfam_seed,RF00174,FLOPPY,3,3,1.0
AAEW02000025.1/17075-16894,Rfam_seed,RF00174,FIRM,16,26,0.6153846153846154
AAEW02000025.1/17075-16894,Rfam_seed,RF00174,SOFT,7,20,0.35
AAEW02000025.1/17075-16894,Rfam_seed,RF00174,FLOPPY,6,10,0.6
AAKX01000098.1/49369-49177,Rfam_seed,RF00174,FIRM,12,18,0.6666666666666666
AAKX01000098.1/49369-49177,Rfam_seed,RF00174,SOFT,4,15,0.26666666666666666
AAKX01000098.1/49369-49177,Rfam_seed,RF00174,FLOPPY,3,27,0.1111111111111111
AALC02000021.1/24189-24005,Rfam_seed,RF00174,FIRM,8,20,0.4
AALC02000021.1/24189-24005,Rfam_seed,RF00174,SOFT,9,27,0.3333333333333333
AALC02000021.1/24189-24005,Rfam_seed,RF00174,FLOPPY,1,9,0.1111111111111111
AALE02000017.1/13768-13946,Rfam_seed,RF00174,FIRM,2,12,0.16666666666666666
AALE02000017.1/13768-13946,Rfam_seed,RF00174,SOFT,13,16,0.8125
AALE02000017.1/13768-13946,Rfam_seed,RF00174,FLOPPY,4,13,0.3076923076923077
AALY01000001.1/1587847-1587654,Rfam_seed,RF00174,FIRM,10,21,0.47619047619047616
AALY01000001.1/1587847-1587654,Rfam_seed,RF00174,SOFT,2,13,0.15384615384615385
AALY01000001.1/1587847-1587654,Rfam_seed,RF00174,FLOPPY,0,22,0.0
AALZ01000005.1/160175-160352,Rfam_seed,RF00174,FIRM,16,23,0.6956521739130435
AALZ01000005.1/160175-160352,Rfam_seed,RF00174,SOFT,4,15,0.26666666666666666
AALZ01000005.1/160175-160352,Rfam_seed,RF00174,FLOPPY,2,16,0.125
AAMD01000084.1/10237-10454,Rfam_seed,RF00174,FIRM,23,40,0.575
AAMD01000084.1/10237-10454,Rfam_seed,RF00174,SOFT,0,14,0.0
AAMD01000084.1/10237-10454,Rfam_seed,RF00174,FLOPPY,0,10,0.0
AE000516.2/79275-79185,Rfam_seed,RF00504,FIRM,0,0,
AE000516.2/79275-79185,Rfam_seed,RF00504,SOFT,13,19,0.6842105263157895
AE000516.2/79275-79185,Rfam_seed,RF00504,FLOPPY,4,5,0.8
AE004439.1/116056-116172,Rfam_seed,RF00504,FIRM,17,30,0.5666666666666667
AE004439.1/116056-116172,Rfam_seed,RF00504,SOFT,1,2,0.5
AE004439.1/116056-116172,Rfam_seed,RF00504,FLOPPY,0,0,
AE008691.1/1826306-1826220,Rfam_seed,RF00504,FIRM,10,18,0.5555555555555556
AE008691.1/1826306-1826220,Rfam_seed,RF00504,SOFT,4,6,0.6666666666666666
AE008691.1/1826306-1826220,Rfam_seed,RF00504,FLOPPY,1,1,1.0
AE008922.1/1299977-1299896,Rfam_seed,RF00504,FIRM,4,6,0.6666666666666666
AE008922.1/1299977-1299896,Rfam_seed,RF00504,SOFT,5,5,1.0
AE008922.1/1299977-1299896,Rfam_seed,RF00504,FLOPPY,7,9,0.7777777777777778
AE014292.2/713320-713218,Rfam_seed,RF00504,FIRM,2,8,0.25
AE014292.2/713320-713218,Rfam_seed,RF00504,SOFT,0,5,0.0
AE014292.2/713320-713218,Rfam_seed,RF00504,FLOPPY,0,16,0.0
AE017355.1/2242861-2242742,Rfam_seed,RF00504,FIRM,8,22,0.36363636363636365
AE017355.1/2242861-2242742,Rfam_seed,RF00504,SOFT,6,8,0.75
AE017355.1/2242861-2242742,Rfam_seed,RF00504,FLOPPY,0,5,0.0
AE017355.1/2242962-2242862,Rfam_seed,RF00504,FIRM,8,24,0.3333333333333333
AE017355.1/2242962-2242862,Rfam_seed,RF00504,SOFT,1,5,0.2
AE017355.1/2242962-2242862,Rfam_seed,RF00504,FLOPPY,2,2,1.0
AJ301559.2/6784-6876,Rfam_seed,RF00504,FIRM,0,18,0.0
AJ301559.2/6784-6876,Rfam_seed,RF00504,SOFT,0,10,0.0
AJ301559.2/6784-6876,Rfam_seed,RF00504,FLOPPY,0,0,
AL591978.1/212840-212931,Rfam_seed,RF00504,FIRM,16,18,0.8888888888888888
AL591978.1/212840-212931,Rfam_seed,RF00504,SOFT,1,7,0.14285714285714285
AL591978.1/212840-212931,Rfam_seed,RF00504,FLOPPY,2,2,1.0
AL939123.1/278145-278052,Rfam_seed,RF00504,FIRM,15,22,0.6818181818181818
AL939123.1/278145-278052,Rfam_seed,RF00504,SOFT,0,3,0.0
AL939123.1/278145-278052,Rfam_seed,RF00504,FLOPPY,2,4,0.5
AAAK03000021.1/12650-12476,Rfam_seed,RF00380,FIRM,14,19,0.7368421052631579
AAAK03000021.1/12650-12476,Rfam_seed,RF00380,SOFT,9,21,0.42857142857142855
AAAK03000021.1/12650-12476,Rfam_seed,RF00380,FLOPPY,1,8,0.125
AAFX01011285.1/689-521,Rfam_seed,RF00380,FIRM,28,32,0.875
AAFX01011285.1/689-521,Rfam_seed,RF00380,SOFT,7,13,0.5384615384615384
AAFX01011285.1/689-521,Rfam_seed,RF00380,FLOPPY,1,5,0.2
AAJM01000138.1/1999-1823,Rfam_seed,RF00380,FIRM,27,37,0.7297297297297297
AAJM01000138.1/1999-1823,Rfam_seed,RF00380,SOFT,11,19,0.5789473684210527
AAJM01000138.1/1999-1823,Rfam_seed,RF00380,FLOPPY,0,0,
AAJM01000138.1/2313-2480,Rfam_seed,RF00380,FIRM,38,45,0.8444444444444444
AAJM01000138.1/2313-2480,Rfam_seed,RF00380,SOFT,2,3,0.6666666666666666
AAJM01000138.1/2313-2480,Rfam_seed,RF00380,FLOPPY,0,0,
AAVL02000037.1/263157-262991,Rfam_seed,RF00380,FIRM,19,24,0.7916666666666666
AAVL02000037.1/263157-262991,Rfam_seed,RF00380,SOFT,10,30,0.3333333333333333
AAVL02000037.1/263157-262991,Rfam_seed,RF00380,FLOPPY,0,1,0.0
AAXV01000059.1/1758-1594,Rfam_seed,RF00380,FIRM,34,35,0.9714285714285714
AAXV01000059.1/1758-1594,Rfam_seed,RF00380,SOFT,5,11,0.45454545454545453
AAXV01000059.1/1758-1594,Rfam_seed,RF00380,FLOPPY,0,1,0.0
AB089921.1/2048-2202,Rfam_seed,RF00380,FIRM,22,30,0.7333333333333333
AB089921.1/2048-2202,Rfam_seed,RF00380,SOFT,2,14,0.14285714285714285
AB089921.1/2048-2202,Rfam_seed,RF00380,FLOPPY,0,4,0.0
AB385841.1/13217-13047,Rfam_seed,RF00380,FIRM,36,48,0.75
AB385841.1/13217-13047,Rfam_seed,RF00380,SOFT,2,8,0.25
AB385841.1/13217-13047,Rfam_seed,RF00380,FLOPPY,1,1,1.0
ABDQ01000001.1/467807-467647,Rfam_seed,RF00380,FIRM,28,38,0.7368421052631579
ABDQ01000001.1/467807-467647,Rfam_seed,RF00380,SOFT,5,9,0.5555555555555556
ABDQ01000001.1/467807-467647,Rfam_seed,RF00380,FLOPPY,2,2,1.0
ABDV01000005.1/84537-84695,Rfam_seed,RF00380,FIRM,6,11,0.5454545454545454
ABDV01000005.1/84537-84695,Rfam_seed,RF00380,SOFT,0,23,0.0
ABDV01000005.1/84537-84695,Rfam_seed,RF00380,FLOPPY,0,15,0.0
ABQP01000004.1/146576-146420,Rfam_seed,RF00380,FIRM,24,34,0.7058823529411765
ABQP01000004.1/146576-146420,Rfam_seed,RF00380,SOFT,8,12,0.6666666666666666
ABQP01000004.1/146576-146420,Rfam_seed,RF00380,FLOPPY,0,1,0.0
AAKK02000085.1/12844-12662,Rfam_seed,RF00168,FIRM,23,23,1.0
AAKK02000085.1/12844-12662,Rfam_seed,RF00168,SOFT,13,21,0.6190476190476191
AAKK02000085.1/12844-12662,Rfam_seed,RF00168,FLOPPY,8,17,0.47058823529411764
AAMR01000029.1/5147-5324,Rfam_seed,RF00168,FIRM,24,46,0.5217391304347826
AAMR01000029.1/5147-5324,Rfam_seed,RF00168,SOFT,1,6,0.16666666666666666
AAMR01000029.1/5147-5324,Rfam_seed,RF00168,FLOPPY,0,7,0.0
AAOX01000015.1/22460-22639,Rfam_seed,RF00168,FIRM,45,54,0.8333333333333334
AAOX01000015.1/22460-22639,Rfam_seed,RF00168,SOFT,4,6,0.6666666666666666
AAOX01000015.1/22460-22639,Rfam_seed,RF00168,FLOPPY,0,2,0.0
AAWP01000069.1/5541-5721,Rfam_seed,RF00168,FIRM,31,31,1.0
AAWP01000069.1/5541-5721,Rfam_seed,RF00168,SOFT,2,11,0.18181818181818182
AAWP01000069.1/5541-5721,Rfam_seed,RF00168,FLOPPY,1,14,0.07142857142857142
AE004439.1/1026545-1026371,Rfam_seed,RF00168,FIRM,29,29,1.0
AE004439.1/1026545-1026371,Rfam_seed,RF00168,SOFT,10,21,0.47619047619047616
AE004439.1/1026545-1026371,Rfam_seed,RF00168,FLOPPY,0,7,0.0
AE016827.1/1325416-1325239,Rfam_seed,RF00168,FIRM,37,39,0.9487179487179487
AE016827.1/1325416-1325239,Rfam_seed,RF00168,SOFT,7,12,0.5833333333333334
AE016827.1/1325416-1325239,Rfam_seed,RF00168,FLOPPY,0,3,0.0
AF269536.1/680-500,Rfam_seed,RF00168,FIRM,3,6,0.5
AF269536.1/680-500,Rfam_seed,RF00168,SOFT,12,38,0.3157894736842105
AF269536.1/680-500,Rfam_seed,RF00168,FLOPPY,0,7,0.0
AL009126.3/3421348-3421169,Rfam_seed,RF00168,FIRM,22,22,1.0
AL009126.3/3421348-3421169,Rfam_seed,RF00168,SOFT,3,13,0.23076923076923078
AL009126.3/3421348-3421169,Rfam_seed,RF00168,FLOPPY,8,20,0.4
BA000004.3/1819757-1819575,Rfam_seed,RF00168,FIRM,29,43,0.6744186046511628
BA000004.3/1819757-1819575,Rfam_seed,RF00168,SOFT,7,10,0.7
BA000004.3/1819757-1819575,Rfam_seed,RF00168,FLOPPY,3,4,0.75
AARQ02000011.1/391-585,Rfam_seed,RF00234,FIRM,25,37,0.6756756756756757
AARQ02000011.1/391-585,Rfam_seed,RF00234,SOFT,8,15,0.5333333333333333
AARQ02000011.1/391-585,Rfam_seed,RF00234,FLOPPY,2,7,0.2857142857142857
AB006424.1/2989-3156,Rfam_seed,RF00234,FIRM,24,24,1.0
AB006424.1/2989-3156,Rfam_seed,RF00234,SOFT,8,13,0.6153846153846154
AB006424.1/2989-3156,Rfam_seed,RF00234,FLOPPY,3,10,0.3
AE001437.1/179915-180075,Rfam_seed,RF00234,FIRM,17,41,0.4146341463414634
AE001437.1/179915-180075,Rfam_seed,RF00234,SOFT,2,3,0.6666666666666666
AE001437.1/179915-180075,Rfam_seed,RF00234,FLOPPY,2,3,0.6666666666666666
AE008691.1/2101605-2101448,Rfam_seed,RF00234,FIRM,28,38,0.7368421052631579
AE008691.1/2101605-2101448,Rfam_seed,RF00234,SOFT,1,6,0.16666666666666666
AE008691.1/2101605-2101448,Rfam_seed,RF00234,FLOPPY,0,1,0.0
AE016830.1/2055460-2055313,Rfam_seed,RF00234,FIRM,6,6,1.0
AE016830.1/2055460-2055313,Rfam_seed,RF00234,SOFT,16,16,1.0
AE016830.1/2055460-2055313,Rfam_seed,RF00234,FLOPPY,4,17,0.23529411764705882
AF270378.1/2268-2051,Rfam_seed,RF00234,FIRM,32,54,0.5925925925925926
AF270378.1/2268-2051,Rfam_seed,RF00234,SOFT,0,15,0.0
AF270378.1/2268-2051,Rfam_seed,RF00234,FLOPPY,0,1,0.0
AP006716.1/888948-889158,Rfam_seed,RF00234,FIRM,25,50,0.5
AP006716.1/888948-889158,Rfam_seed,RF00234,SOFT,0,13,0.0
AP006716.1/888948-889158,Rfam_seed,RF00234,FLOPPY,0,0,
CP000557.1/163698-163870,Rfam_seed,RF00234,FIRM,21,26,0.8076923076923077
CP000557.1/163698-163870,Rfam_seed,RF00234,SOFT,5,15,0.3333333333333333
CP000557.1/163698-163870,Rfam_seed,RF00234,FLOPPY,0,15,0.0
FJ935779.1/2022-2192,Rfam_seed,RF00234,FIRM,30,31,0.967741935483871
FJ935779.1/2022-2192,Rfam_seed,RF00234,SOFT,3,8,0.375
FJ935779.1/2022-2192,Rfam_seed,RF00234,FLOPPY,4,9,0.4444444444444444
AAAA02039738.1/1593-1956,Rfam_seed,RF00023,FIRM,31,38,0.8157894736842105
AAAA02039738.1/1593-1956,Rfam_seed,RF00023,SOFT,11,25,0.44
AAAA02039738.1/1593-1956,Rfam_seed,RF00023,FLOPPY,0,45,0.0
AACV01028831.1/1594-1241,Rfam_seed,RF00023,FIRM,17,17,1.0
AACV01028831.1/1594-1241,Rfam_seed,RF00023,SOFT,5,59,0.0847457627118644
AACV01028831.1/1594-1241,Rfam_seed,RF00023,FLOPPY,6,36,0.16666666666666666
AACY020396050.1/454-188,Rfam_seed,RF00023,FIRM,0,23,0.0
AACY020396050.1/454-188,Rfam_seed,RF00023,SOFT,0,53,0.0
AACY020396050.1/454-188,Rfam_seed,RF00023,FLOPPY,0,6,0.0
AACY020561232.1/2642-2986,Rfam_seed,RF00023,FIRM,20,53,0.37735849056603776
AACY020561232.1/2642-2986,Rfam_seed,RF00023,SOFT,11,35,0.3142857142857143
AACY020561232.1/2642-2986,Rfam_seed,RF00023,FLOPPY,0,6,0.0
AACY020561358.1/221-575,Rfam_seed,RF00023,FIRM,46,77,0.5974025974025974
AACY020561358.1/221-575,Rfam_seed,RF00023,SOFT,1,10,0.1
AACY020561358.1/221-575,Rfam_seed,RF00023,FLOPPY,1,21,0.047619047619047616
AACY020564764.1/1738-2092,Rfam_seed,RF00023,FIRM,30,62,0.4838709677419355
AACY020564764.1/1738-2092,Rfam_seed,RF00023,SOFT,8,28,0.2857142857142857
AACY020564764.1/1738-2092,Rfam_seed,RF00023,FLOPPY,0,12,0.0
AACY023318861.1/904-508,Rfam_seed,RF00023,FIRM,18,27,0.6666666666666666
AACY023318861.1/904-508,Rfam_seed,RF00023,SOFT,10,40,0.25
AACY023318861.1/904-508,Rfam_seed,RF00023,FLOPPY,0,42,0.0
AADL01000160.1/2071-2429,Rfam_seed,RF00023,FIRM,21,63,0.3333333333333333
AADL01000160.1/2071-2429,Rfam_seed,RF00023,SOFT,11,51,0.21568627450980393
AADL01000160.1/2071-2429,Rfam_seed,RF00023,FLOPPY,0,3,0.0
AAEW02000005.1/94749-94397,Rfam_seed,RF00023,FIRM,15,16,0.9375
AAEW02000005.1/94749-94397,Rfam_seed,RF00023,SOFT,5,29,0.1724137931034483
AAEW02000005.1/94749-94397,Rfam_seed,RF00023,FLOPPY,1,67,0.014925373134328358
AAFJ01000006.1/109216-108858,Rfam_seed,RF00023,FIRM,17,40,0.425
AAFJ01000006.1/109216-108858,Rfam_seed,RF00023,SOFT,4,59,0.06779661016949153
AAFJ01000006.1/109216-108858,Rfam_seed,RF00023,FLOPPY,1,18,0.05555555555555555
AAFX01004374.1/206-561,Rfam_seed,RF00023,FIRM,23,60,0.38333333333333336
AAFX01004374.1/206-561,Rfam_seed,RF00023,SOFT,1,29,0.034482758620689655
AAFX01004374.1/206-561,Rfam_seed,RF00023,FLOPPY,0,22,0.0
AAFX01031538.1/449-804,Rfam_seed,RF00023,FIRM,34,74,0.4594594594594595
AAFX01031538.1/449-804,Rfam_seed,RF00023,SOFT,7,32,0.21875
AAFX01031538.1/449-804,Rfam_seed,RF00023,FLOPPY,0,8,0.0
