name,dataset,family,tier,ppv,coverage,n_pairs,n_correct,n_ref_total
srp_Sola.tube._DR037645,ArchiveII,srp,FIRM,0.6101694915254238,0.4444444444444444,59,36,81
srp_Sola.tube._DR037645,ArchiveII,srp,SOFT,0.23529411764705882,0.04938271604938271,17,4,81
srp_Sola.tube._DR037645,ArchiveII,srp,FLOPPY,0.6666666666666666,0.024691358024691357,3,2,81
5s_Drosophila-yakuba-1,ArchiveII,5s,FIRM,0.8108108108108109,0.8333333333333334,37,30,36
5s_Drosophila-yakuba-1,ArchiveII,5s,SOFT,0.0,0.0,4,0,36
5s_Drosophila-yakuba-1,ArchiveII,5s,FLOPPY,,0.0,0,0,36
5s_Acremonium-persicinum-2,ArchiveII,5s,FIRM,1.0,0.3055555555555556,11,11,36
5s_Acremonium-persicinum-2,ArchiveII,5s,SOFT,0.875,0.5833333333333334,24,21,36
5s_Acremonium-persicinum-2,ArchiveII,5s,FLOPPY,0.3333333333333333,0.027777777777777776,3,1,36
tRNA_tdbR00000264-Caenorhabditis_elegans-6239-Leu-IAG,ArchiveII,tRNA,FIRM,0.7058823529411765,0.5714285714285714,17,12,21
tRNA_tdbR00000264-Caenorhabditis_elegans-6239-Leu-IAG,ArchiveII,tRNA,SOFT,0.0,0.0,9,0,21
tRNA_tdbR00000264-Caenorhabditis_elegans-6239-Leu-IAG,ArchiveII,tRNA,FLOPPY,,0.0,0,0,21
5s_Spirocodon-saltatrix-1,ArchiveII,5s,FIRM,0.9354838709677419,0.8055555555555556,31,29,36
5s_Spirocodon-saltatrix-1,ArchiveII,5s,SOFT,0.09090909090909091,0.027777777777777776,11,1,36
5s_Spirocodon-saltatrix-1,ArchiveII,5s,FLOPPY,,0.0,0,0,36
5s_Pseudonocardia-hydrocarbonoxydans-1,ArchiveII,5s,FIRM,0.9444444444444444,0.4722222222222222,18,17,36
5s_Pseudonocardia-hydrocarbonoxydans-1,ArchiveII,5s,SOFT,1.0,0.4722222222222222,17,17,36
5s_Pseudonocardia-hydrocarbonoxydans-1,ArchiveII,5s,FLOPPY,0.6666666666666666,0.05555555555555555,3,2,36
5s_Paracoccus-versutus-1,ArchiveII,5s,FIRM,1.0,0.36666666666666664,11,11,30
5s_Paracoccus-versutus-1,ArchiveII,5s,SOFT,0.09090909090909091,0.06666666666666667,22,2,30
5s_Paracoccus-versutus-1,ArchiveII,5s,FLOPPY,0.0,0.0,1,0,30
5s_Fusarium-lunulosporum-8,ArchiveII,5s,FIRM,1.0,0.3142857142857143,11,11,35
5s_Fusarium-lunulosporum-8,ArchiveII,5s,SOFT,0.3333333333333333,0.02857142857142857,3,1,35
5s_Fusarium-lunulosporum-8,ArchiveII,5s,FLOPPY,0.0,0.0,23,0,35
tRNA_tdbR00000232-Phaseolus_vulgaris-3885-Leu-NAA,ArchiveII,tRNA,FIRM,1.0,0.45,9,9,20
tRNA_tdbR00000232-Phaseolus_vulgaris-3885-Leu-NAA,ArchiveII,tRNA,SOFT,0.9090909090909091,0.5,11,10,20
tRNA_tdbR00000232-Phaseolus_vulgaris-3885-Leu-NAA,ArchiveII,tRNA,FLOPPY,1.0,0.05,1,1,20
5s_Cryptosporidium-parvum-2,ArchiveII,5s,FIRM,1.0,0.3055555555555556,11,11,36
5s_Cryptosporidium-parvum-2,ArchiveII,5s,SOFT,0.0,0.0,2,0,36
5s_Cryptosporidium-parvum-2,ArchiveII,5s,FLOPPY,0.0,0.0,23,0,36
srp_Xyle.fast._AE003849,ArchiveII,srp,FIRM,0.9354838709677419,0.8285714285714286,31,29,35
srp_Xyle.fast._AE003849,ArchiveII,srp,SOFT,1.0,0.14285714285714285,5,5,35
srp_Xyle.fast._AE003849,ArchiveII,srp,FLOPPY,,0.0,0,0,35
tRNA_tdbR00000255-Candida_cylindracea-44322-Leu-IAG,ArchiveII,tRNA,FIRM,1.0,0.42857142857142855,9,9,21
tRNA_tdbR00000255-Candida_cylindracea-44322-Leu-IAG,ArchiveII,tRNA,SOFT,0.4444444444444444,0.19047619047619047,9,4,21
tRNA_tdbR00000255-Candida_cylindracea-44322-Leu-IAG,ArchiveII,tRNA,FLOPPY,0.0,0.0,10,0,21
tmRNA_Nost.spec._BA000019_1-390,ArchiveII,tmRNA,FIRM,0.53125,0.2125,32,17,80
tmRNA_Nost.spec._BA000019_1-390,ArchiveII,tmRNA,SOFT,0.13157894736842105,0.0625,38,5,80
tmRNA_Nost.spec._BA000019_1-390,ArchiveII,tmRNA,FLOPPY,0.10638297872340426,0.0625,47,5,80
srp_Homo.sapi._AL139099,ArchiveII,srp,FIRM,1.0,0.10784313725490197,11,11,102
srp_Homo.sapi._AL139099,ArchiveII,srp,SOFT,0.0,0.0,10,0,102
srp_Homo.sapi._AL139099,ArchiveII,srp,FLOPPY,0.0,0.0,79,0,102
5s_Chlamydophila-pneumoniae-1,ArchiveII,5s,FIRM,0.6875,0.34375,16,11,32
5s_Chlamydophila-pneumoniae-1,ArchiveII,5s,SOFT,0.05263157894736842,0.03125,19,1,32
5s_Chlamydophila-pneumoniae-1,ArchiveII,5s,FLOPPY,0.0,0.0,1,0,32
srp_Myco.spec._CP000384,ArchiveII,srp,FIRM,0.0,0.0,14,0,10
srp_Myco.spec._CP000384,ArchiveII,srp,SOFT,0.0,0.0,6,0,10
srp_Myco.spec._CP000384,ArchiveII,srp,FLOPPY,0.0,0.0,7,0,10
RNaseP_SM-A1417,ArchiveII,RNaseP,FIRM,0.8225806451612904,0.6144578313253012,62,51,83
RNaseP_SM-A1417,ArchiveII,RNaseP,SOFT,0.42857142857142855,0.10843373493975904,21,9,83
RNaseP_SM-A1417,ArchiveII,RNaseP,FLOPPY,0.0,0.0,7,0,83
5s_Amycolatopsis-lactamdurans-1,ArchiveII,5s,FIRM,0.9333333333333333,0.4,15,14,35
5s_Amycolatopsis-lactamdurans-1,ArchiveII,5s,SOFT,0.14285714285714285,0.02857142857142857,7,1,35
5s_Amycolatopsis-lactamdurans-1,ArchiveII,5s,FLOPPY,0.0,0.0,12,0,35
5s_Akkesiphycus-lubricum-1,ArchiveII,5s,FIRM,0.8571428571428571,0.8333333333333334,35,30,36
5s_Akkesiphycus-lubricum-1,ArchiveII,5s,SOFT,1.0,0.08333333333333333,3,3,36
5s_Akkesiphycus-lubricum-1,ArchiveII,5s,FLOPPY,1.0,0.027777777777777776,1,1,36
5s_Colacogloea-peniophorae-1,ArchiveII,5s,FIRM,0.9615384615384616,0.6944444444444444,26,25,36
5s_Colacogloea-peniophorae-1,ArchiveII,5s,SOFT,0.5833333333333334,0.19444444444444445,12,7,36
5s_Colacogloea-peniophorae-1,ArchiveII,5s,FLOPPY,0.0,0.0,1,0,36
5s_Oceanobacillus-iheyensis-3,ArchiveII,5s,FIRM,0.3,0.1875,20,6,32
5s_Oceanobacillus-iheyensis-3,ArchiveII,5s,SOFT,0.0,0.0,1,0,32
5s_Oceanobacillus-iheyensis-3,ArchiveII,5s,FLOPPY,0.0,0.0,12,0,32
5s_Pinus-silvestris-1,ArchiveII,5s,FIRM,0.9310344827586207,0.7941176470588235,29,27,34
5s_Pinus-silvestris-1,ArchiveII,5s,SOFT,0.3333333333333333,0.08823529411764706,9,3,34
5s_Pinus-silvestris-1,ArchiveII,5s,FLOPPY,,0.0,0,0,34
srp_Cion.inte._BW223536,ArchiveII,srp,FIRM,0.8148148148148148,0.5,54,44,88
srp_Cion.inte._BW223536,ArchiveII,srp,SOFT,0.7058823529411765,0.13636363636363635,17,12,88
srp_Cion.inte._BW223536,ArchiveII,srp,FLOPPY,0.038461538461538464,0.011363636363636364,26,1,88
srp_Para.bras._CN241909,ArchiveII,srp,FIRM,0.24,0.2857142857142857,25,6,21
srp_Para.bras._CN241909,ArchiveII,srp,SOFT,0.1111111111111111,0.047619047619047616,9,1,21
srp_Para.bras._CN241909,ArchiveII,srp,FLOPPY,0.0,0.0,1,0,21
5s_Aeromonas-hydrophila-1,ArchiveII,5s,FIRM,0.7777777777777778,0.4,18,14,35
5s_Aeromonas-hydrophila-1,ArchiveII,5s,SOFT,0.7058823529411765,0.34285714285714286,17,12,35
5s_Aeromonas-hydrophila-1,ArchiveII,5s,FLOPPY,0.3333333333333333,0.02857142857142857,3,1,35
srp_Leis.braz._SDB-87235,ArchiveII,srp,FIRM,0.4745762711864407,0.3218390804597701,59,28,87
srp_Leis.braz._SDB-87235,ArchiveII,srp,SOFT,0.15151515151515152,0.05747126436781609,33,5,87
srp_Leis.braz._SDB-87235,ArchiveII,srp,FLOPPY,0.0,0.0,4,0,87
5s_Moniliella-acetoabutans-1,ArchiveII,5s,FIRM,0.9032258064516129,0.8,31,28,35
5s_Moniliella-acetoabutans-1,ArchiveII,5s,SOFT,0.5714285714285714,0.11428571428571428,7,4,35
5s_Moniliella-acetoabutans-1,ArchiveII,5s,FLOPPY,,0.0,0,0,35
tRNA_tdbR00000141-Salmonella_typhimurium-602-His-QUG,ArchiveII,tRNA,FIRM,0.9523809523809523,0.9523809523809523,21,20,21
tRNA_tdbR00000141-Salmonella_typhimurium-602-His-QUG,ArchiveII,tRNA,SOFT,1.0,0.047619047619047616,1,1,21
tRNA_tdbR00000141-Salmonella_typhimurium-602-His-QUG,ArchiveII,tRNA,FLOPPY,,0.0,0,0,21
srp_Stre.pyog._AE004092,ArchiveII,srp,FIRM,0.6923076923076923,0.45,13,9,20
srp_Stre.pyog._AE004092,ArchiveII,srp,SOFT,0.8888888888888888,0.4,9,8,20
srp_Stre.pyog._AE004092,ArchiveII,srp,FLOPPY,,0.0,0,0,20
tRNA_tdbR00000078-Ascaris_suum-6253-Phe-GAA,ArchiveII,tRNA,FIRM,,0.0,0,0,15
tRNA_tdbR00000078-Ascaris_suum-6253-Phe-GAA,ArchiveII,tRNA,SOFT,0.5555555555555556,0.3333333333333333,9,5,15
tRNA_tdbR00000078-Ascaris_suum-6253-Phe-GAA,ArchiveII,tRNA,FLOPPY,0.36363636363636365,0.26666666666666666,11,4,15
srp_Homo.sapi._AB061847,ArchiveII,srp,FIRM,1.0,0.10784313725490197,11,11,102
srp_Homo.sapi._AB061847,ArchiveII,srp,SOFT,0.0,0.0,10,0,102
srp_Homo.sapi._AB061847,ArchiveII,srp,FLOPPY,0.0,0.0,79,0,102
RNaseP_SM-A03,ArchiveII,RNaseP,FIRM,0.6904761904761905,0.3333333333333333,42,29,87
RNaseP_SM-A03,ArchiveII,RNaseP,SOFT,0.5,0.14942528735632185,26,13,87
RNaseP_SM-A03,ArchiveII,RNaseP,FLOPPY,0.0,0.0,29,0,87
5s_Oryctolagus-cuniculus-1,ArchiveII,5s,FIRM,0.9310344827586207,0.75,29,27,36
5s_Oryctolagus-cuniculus-1,ArchiveII,5s,SOFT,0.7,0.19444444444444445,10,7,36
5s_Oryctolagus-cuniculus-1,ArchiveII,5s,FLOPPY,,0.0,0,0,36
grp1_a.I1.e.C.saxonicum.C1.SSU.1506,ArchiveII,grp1,FIRM,0.6625,0.4649122807017544,80,53,114
grp1_a.I1.e.C.saxonicum.C1.SSU.1506,ArchiveII,grp1,SOFT,0.11627906976744186,0.043859649122807015,43,5,114
grp1_a.I1.e.C.saxonicum.C1.SSU.1506,ArchiveII,grp1,FLOPPY,0.05555555555555555,0.008771929824561403,18,1,114
srp_Myco.pneu._S76009,ArchiveII,srp,FIRM,0.9090909090909091,0.8333333333333334,22,20,24
srp_Myco.pneu._S76009,ArchiveII,srp,SOFT,0.3333333333333333,0.041666666666666664,3,1,24
srp_Myco.pneu._S76009,ArchiveII,srp,FLOPPY,,0.0,0,0,24
5s_Staphylococcus-epidermidis-1,ArchiveII,5s,FIRM,1.0,0.15625,5,5,32
5s_Staphylococcus-epidermidis-1,ArchiveII,5s,SOFT,0.1111111111111111,0.0625,18,2,32
5s_Staphylococcus-epidermidis-1,ArchiveII,5s,FLOPPY,0.0,0.0,12,0,32
tRNA_tdbR00000572-Leishmania_tarentolae-5689-Lys-1UU,ArchiveII,tRNA,FIRM,1.0,0.25,5,5,20
tRNA_tdbR00000572-Leishmania_tarentolae-5689-Lys-1UU,ArchiveII,tRNA,SOFT,0.8461538461538461,0.55,13,11,20
tRNA_tdbR00000572-Leishmania_tarentolae-5689-Lys-1UU,ArchiveII,tRNA,FLOPPY,0.0,0.0,5,0,20
tmRNA_Haem.infl._U32808_1-366,ArchiveII,tmRNA,FIRM,0.75,0.15584415584415584,16,12,77
tmRNA_Haem.infl._U32808_1-366,ArchiveII,tmRNA,SOFT,0.0,0.0,18,0,77
tmRNA_Haem.infl._U32808_1-366,ArchiveII,tmRNA,FLOPPY,0.10144927536231885,0.09090909090909091,69,7,77
16s_E.coli_domain2,ArchiveII,16s,FIRM,0.6290322580645161,0.40625,62,39,96
16s_E.coli_domain2,ArchiveII,16s,SOFT,0.1282051282051282,0.052083333333333336,39,5,96
16s_E.coli_domain2,ArchiveII,16s,FLOPPY,0.0,0.0,16,0,96
tRNA_tdbR00000343-Mus_musculus-10090-Gln-CUG,ArchiveII,tRNA,FIRM,1.0,0.3333333333333333,7,7,21
tRNA_tdbR00000343-Mus_musculus-10090-Gln-CUG,ArchiveII,tRNA,SOFT,0.8,0.19047619047619047,5,4,21
tRNA_tdbR00000343-Mus_musculus-10090-Gln-CUG,ArchiveII,tRNA,FLOPPY,1.0,0.47619047619047616,10,10,21
tRNA_tdbR00000551-Saccharomyces_cerevisiae-4932-Tyr-GUA,ArchiveII,tRNA,FIRM,0.6666666666666666,0.2727272727272727,9,6,22
tRNA_tdbR00000551-Saccharomyces_cerevisiae-4932-Tyr-GUA,ArchiveII,tRNA,SOFT,0.08333333333333333,0.045454545454545456,12,1,22
tRNA_tdbR00000551-Saccharomyces_cerevisiae-4932-Tyr-GUA,ArchiveII,tRNA,FLOPPY,,0.0,0,0,22
5s_Halorubrum-distributum-5,ArchiveII,5s,FIRM,1.0,0.5294117647058824,18,18,34
5s_Halorubrum-distributum-5,ArchiveII,5s,SOFT,0.75,0.35294117647058826,16,12,34
5s_Halorubrum-distributum-5,ArchiveII,5s,FLOPPY,0.6666666666666666,0.058823529411764705,3,2,34
tRNA_tdbR00000061-Mus_musculus-10090-Glu-CUC,ArchiveII,tRNA,FIRM,1.0,0.3333333333333333,7,7,21
tRNA_tdbR00000061-Mus_musculus-10090-Glu-CUC,ArchiveII,tRNA,SOFT,1.0,0.14285714285714285,3,3,21
tRNA_tdbR00000061-Mus_musculus-10090-Glu-CUC,ArchiveII,tRNA,FLOPPY,0.07692307692307693,0.047619047619047616,13,1,21
RNaseP_SM-A1726,ArchiveII,RNaseP,FIRM,0.8333333333333334,0.40816326530612246,48,40,98
RNaseP_SM-A1726,ArchiveII,RNaseP,SOFT,0.41935483870967744,0.1326530612244898,31,13,98
RNaseP_SM-A1726,ArchiveII,RNaseP,FLOPPY,0.39285714285714285,0.11224489795918367,28,11,98
RNaseP_B.pertussis,ArchiveII,RNaseP,FIRM,0.8461538461538461,0.5238095238095238,78,66,126
RNaseP_B.pertussis,ArchiveII,RNaseP,SOFT,0.5116279069767442,0.1746031746031746,43,22,126
RNaseP_B.pertussis,ArchiveII,RNaseP,FLOPPY,0.0,0.0,17,0,126
5s_Staphylococcus-aureus-3,ArchiveII,5s,FIRM,0.5416666666666666,0.40625,24,13,32
5s_Staphylococcus-aureus-3,ArchiveII,5s,SOFT,0.36363636363636365,0.125,11,4,32
5s_Staphylococcus-aureus-3,ArchiveII,5s,FLOPPY,,0.0,0,0,32
5s_Halobacterium-salinarum-1,ArchiveII,5s,FIRM,0.4444444444444444,0.5,36,16,32
5s_Halobacterium-salinarum-1,ArchiveII,5s,SOFT,0.0,0.0,3,0,32
5s_Halobacterium-salinarum-1,ArchiveII,5s,FLOPPY,,0.0,0,0,32
5s_Neurospora-crassa-9,ArchiveII,5s,FIRM,1.0,0.7142857142857143,25,25,35
5s_Neurospora-crassa-9,ArchiveII,5s,SOFT,0.875,0.2,8,7,35
5s_Neurospora-crassa-9,ArchiveII,5s,FLOPPY,0.3333333333333333,0.02857142857142857,3,1,35
tRNA_tdbR00000362-Saccharomyces_cerevisiae-4932-Arg-NCU,ArchiveII,tRNA,FIRM,1.0,0.5238095238095238,11,11,21
tRNA_tdbR00000362-Saccharomyces_cerevisiae-4932-Arg-NCU,ArchiveII,tRNA,SOFT,0.0,0.0,1,0,21
tRNA_tdbR00000362-Saccharomyces_cerevisiae-4932-Arg-NCU,ArchiveII,tRNA,FLOPPY,0.0,0.0,6,0,21
RNaseP_A.truei,ArchiveII,RNaseP,FIRM,0.11864406779661017,0.14893617021276595,59,7,47
RNaseP_A.truei,ArchiveII,RNaseP,SOFT,0.0,0.0,17,0,47
RNaseP_A.truei,ArchiveII,RNaseP,FLOPPY,0.25925925925925924,0.14893617021276595,27,7,47
5s_Cryptosporidium-parvum-1,ArchiveII,5s,FIRM,1.0,0.3055555555555556,11,11,36
5s_Cryptosporidium-parvum-1,ArchiveII,5s,SOFT,0.0,0.0,2,0,36
5s_Cryptosporidium-parvum-1,ArchiveII,5s,FLOPPY,0.0,0.0,23,0,36
5s_Clostridium-innocuum-1,ArchiveII,5s,FIRM,0.8888888888888888,0.5333333333333333,18,16,30
5s_Clostridium-innocuum-1,ArchiveII,5s,SOFT,0.23529411764705882,0.13333333333333333,17,4,30
5s_Clostridium-innocuum-1,ArchiveII,5s,FLOPPY,,0.0,0,0,30
RNaseP_M.phosphovorus-JCM9380,ArchiveII,RNaseP,FIRM,0.8703703703703703,0.5402298850574713,54,47,87
RNaseP_M.phosphovorus-JCM9380,ArchiveII,RNaseP,SOFT,0.5909090909090909,0.14942528735632185,22,13,87
RNaseP_M.phosphovorus-JCM9380,ArchiveII,RNaseP,FLOPPY,0.08695652173913043,0.022988505747126436,23,2,87
5s_Corynebacterium-diphtheriae-2,ArchiveII,5s,FIRM,0.7368421052631579,0.4,19,14,35
5s_Corynebacterium-diphtheriae-2,ArchiveII,5s,SOFT,0.2222222222222222,0.05714285714285714,9,2,35
5s_Corynebacterium-diphtheriae-2,ArchiveII,5s,FLOPPY,0.0,0.0,12,0,35
RNaseP_EM14b-11,ArchiveII,RNaseP,FIRM,0.76,0.2,25,19,95
RNaseP_EM14b-11,ArchiveII,RNaseP,SOFT,0.6170212765957447,0.30526315789473685,47,29,95
RNaseP_EM14b-11,ArchiveII,RNaseP,FLOPPY,0.0,0.0,29,0,95
tmRNA_Chla.trac._TRW-272561_1-420,ArchiveII,tmRNA,FIRM,0.5348837209302325,0.24731182795698925,43,23,93
tmRNA_Chla.trac._TRW-272561_1-420,ArchiveII,tmRNA,SOFT,0.5194805194805194,0.43010752688172044,77,40,93
tmRNA_Chla.trac._TRW-272561_1-420,ArchiveII,tmRNA,FLOPPY,0.0,0.0,5,0,93
RNaseP_C.limicola,ArchiveII,RNaseP,FIRM,0.7575757575757576,0.22321428571428573,33,25,112
RNaseP_C.limicola,ArchiveII,RNaseP,SOFT,0.7209302325581395,0.2767857142857143,43,31,112
RNaseP_C.limicola,ArchiveII,RNaseP,FLOPPY,0.4375,0.1875,48,21,112
srp_Pedi.pent._CP000422,ArchiveII,srp,FIRM,,0.0,0,0,11
srp_Pedi.pent._CP000422,ArchiveII,srp,SOFT,0.0,0.0,13,0,11
srp_Pedi.pent._CP000422,ArchiveII,srp,FLOPPY,0.0,0.0,4,0,11
5s_Salmonella-enterica-8,ArchiveII,5s,FIRM,0.3333333333333333,0.2222222222222222,24,8,36
5s_Salmonella-enterica-8,ArchiveII,5s,SOFT,0.2,0.05555555555555555,10,2,36
5s_Salmonella-enterica-8,ArchiveII,5s,FLOPPY,0.0,0.0,5,0,36
tRNA_tdbR00000558-Triticum_aestivum-4565-Tyr-QPA,ArchiveII,tRNA,FIRM,1.0,0.19047619047619047,4,4,21
tRNA_tdbR00000558-Triticum_aestivum-4565-Tyr-QPA,ArchiveII,tRNA,SOFT,,0.0,0,0,21
tRNA_tdbR00000558-Triticum_aestivum-4565-Tyr-QPA,ArchiveII,tRNA,FLOPPY,0.6666666666666666,0.5714285714285714,18,12,21
5s_Auricularia-auricula-judae-1,ArchiveII,5s,FIRM,0.8125,0.7647058823529411,32,26,34
5s_Auricularia-auricula-judae-1,ArchiveII,5s,SOFT,0.125,0.029411764705882353,8,1,34
5s_Auricularia-auricula-judae-1,ArchiveII,5s,FLOPPY,,0.0,0,0,34
tRNA_tdbR00000204-Loligo_bleekeri-6617-Lys-CUU,ArchiveII,tRNA,FIRM,0.9375,0.7142857142857143,16,15,21
tRNA_tdbR00000204-Loligo_bleekeri-6617-Lys-CUU,ArchiveII,tRNA,SOFT,0.0,0.0,8,0,21
tRNA_tdbR00000204-Loligo_bleekeri-6617-Lys-CUU,ArchiveII,tRNA,FLOPPY,,0.0,0,0,21
grp1_a.I1.m.S.pombe.B1.OX1,ArchiveII,grp1,FIRM,0.574468085106383,0.45,47,27,60
grp1_a.I1.m.S.pombe.B1.OX1,ArchiveII,grp1,SOFT,0.17857142857142858,0.16666666666666666,56,10,60
grp1_a.I1.m.S.pombe.B1.OX1,ArchiveII,grp1,FLOPPY,0.0,0.0,4,0,60
srp_Gibb.moni._GSP-334819,ArchiveII,srp,FIRM,0.6956521739130435,0.6075949367088608,69,48,79
srp_Gibb.moni._GSP-334819,ArchiveII,srp,SOFT,0.18181818181818182,0.05063291139240506,22,4,79
srp_Gibb.moni._GSP-334819,ArchiveII,srp,FLOPPY,0.0,0.0,9,0,79
5s_Euglena-gracilis-2,ArchiveII,5s,FIRM,0.9545454545454546,0.6,22,21,35
5s_Euglena-gracilis-2,ArchiveII,5s,SOFT,0.0,0.0,15,0,35
5s_Euglena-gracilis-2,ArchiveII,5s,FLOPPY,0.0,0.0,2,0,35
tmRNA_Syne.spec._TRW-1131_1-399,ArchiveII,tmRNA,FIRM,0.23404255319148937,0.14473684210526316,47,11,76
tmRNA_Syne.spec._TRW-1131_1-399,ArchiveII,tmRNA,SOFT,0.0,0.0,61,0,76
tmRNA_Syne.spec._TRW-1131_1-399,ArchiveII,tmRNA,FLOPPY,0.0,0.0,14,0,76
RNaseP_M.hyopneumoniae,ArchiveII,RNaseP,FIRM,0.6509433962264151,0.5702479338842975,106,69,121
RNaseP_M.hyopneumoniae,ArchiveII,RNaseP,SOFT,0.3157894736842105,0.049586776859504134,19,6,121
RNaseP_M.hyopneumoniae,ArchiveII,RNaseP,FLOPPY,0.0,0.0,9,0,121
5s_Candidatus-Pelagibacter-ubique-1,ArchiveII,5s,FIRM,1.0,0.24242424242424243,8,8,33
5s_Candidatus-Pelagibacter-ubique-1,ArchiveII,5s,SOFT,0.18181818181818182,0.12121212121212122,22,4,33
5s_Candidatus-Pelagibacter-ubique-1,ArchiveII,5s,FLOPPY,0.0,0.0,8,0,33
srp_Hypo.jeco._GSP-334564-2,ArchiveII,srp,FIRM,0.32098765432098764,0.38235294117647056,81,26,68
srp_Hypo.jeco._GSP-334564-2,ArchiveII,srp,SOFT,0.0,0.0,11,0,68
srp_Hypo.jeco._GSP-334564-2,ArchiveII,srp,FLOPPY,0.0,0.0,1,0,68
5s_Symbiobacterium-thermophilum-4,ArchiveII,5s,FIRM,0.5,0.2413793103448276,14,7,29
5s_Symbiobacterium-thermophilum-4,ArchiveII,5s,SOFT,0.0,0.0,7,0,29
5s_Symbiobacterium-thermophilum-4,ArchiveII,5s,FLOPPY,0.0,0.0,13,0,29
tmRNA_Acti.acti._TRW-272556_1-366,ArchiveII,tmRNA,FIRM,0.375,0.3157894736842105,64,24,76
tmRNA_Acti.acti._TRW-272556_1-366,ArchiveII,tmRNA,SOFT,0.029411764705882353,0.013157894736842105,34,1,76
tmRNA_Acti.acti._TRW-272556_1-366,ArchiveII,tmRNA,FLOPPY,0.0,0.0,9,0,76
srp_Rick.prow._AJ235273,ArchiveII,srp,FIRM,1.0,0.3142857142857143,11,11,35
srp_Rick.prow._AJ235273,ArchiveII,srp,SOFT,0.95,0.5428571428571428,20,19,35
srp_Rick.prow._AJ235273,ArchiveII,srp,FLOPPY,1.0,0.02857142857142857,1,1,35
srp_Pseu.puti._AE015451,ArchiveII,srp,FIRM,0.967741935483871,0.9375,31,30,32
srp_Pseu.puti._AE015451,ArchiveII,srp,SOFT,0.0,0.0,2,0,32
srp_Pseu.puti._AE015451,ArchiveII,srp,FLOPPY,1.0,0.03125,1,1,32
tmRNA_Myco.hyop._TRW-295358_1-424,ArchiveII,tmRNA,FIRM,0.19298245614035087,0.18333333333333332,57,11,60
tmRNA_Myco.hyop._TRW-295358_1-424,ArchiveII,tmRNA,SOFT,0.03125,0.016666666666666666,32,1,60
tmRNA_Myco.hyop._TRW-295358_1-424,ArchiveII,tmRNA,FLOPPY,0.0,0.0,25,0,60
tmRNA_Esch.coli._D12501_1-363,ArchiveII,tmRNA,FIRM,0.746031746031746,0.573170731707317,63,47,82
tmRNA_Esch.coli._D12501_1-363,ArchiveII,tmRNA,SOFT,0.0,0.0,25,0,82
tmRNA_Esch.coli._D12501_1-363,ArchiveII,tmRNA,FLOPPY,0.06666666666666667,0.012195121951219513,15,1,82
RNaseP_ESH210B,ArchiveII,RNaseP,FIRM,0.9215686274509803,0.5108695652173914,51,47,92
RNaseP_ESH210B,ArchiveII,RNaseP,SOFT,0.42857142857142855,0.09782608695652174,21,9,92
RNaseP_ESH210B,ArchiveII,RNaseP,FLOPPY,0.0,0.0,31,0,92
srp_Meth.acet._AE010299,ArchiveII,srp,FIRM,1.0,0.1958762886597938,19,19,97
srp_Meth.acet._AE010299,ArchiveII,srp,SOFT,0.2962962962962963,0.08247422680412371,27,8,97
srp_Meth.acet._AE010299,ArchiveII,srp,FLOPPY,0.9629629629629629,0.5360824742268041,54,52,97
5s_Methanospirillum-hungatei-1,ArchiveII,5s,FIRM,0.9583333333333334,0.6571428571428571,24,23,35
5s_Methanospirillum-hungatei-1,ArchiveII,5s,SOFT,0.0,0.0,5,0,35
5s_Methanospirillum-hungatei-1,ArchiveII,5s,FLOPPY,0.0,0.0,9,0,35
tRNA_tdbR00000092-Oryctolagus_cuniculus-9986-Phe-AA,ArchiveII,tRNA,FIRM,1.0,0.2857142857142857,6,6,21
tRNA_tdbR00000092-Oryctolagus_cuniculus-9986-Phe-AA,ArchiveII,tRNA,SOFT,0.125,0.047619047619047616,8,1,21
tRNA_tdbR00000092-Oryctolagus_cuniculus-9986-Phe-AA,ArchiveII,tRNA,FLOPPY,0.0,0.0,8,0,21
5s_Brucella-suis-2,ArchiveII,5s,FIRM,0.9545454545454546,0.6176470588235294,22,21,34
5s_Brucella-suis-2,ArchiveII,5s,SOFT,0.07142857142857142,0.029411764705882353,14,1,34
5s_Brucella-suis-2,ArchiveII,5s,FLOPPY,0.0,0.0,4,0,34
5s_Bacillus-anthracis-5,ArchiveII,5s,FIRM,0.9090909090909091,0.30303030303030304,11,10,33
5s_Bacillus-anthracis-5,ArchiveII,5s,SOFT,0.6666666666666666,0.06060606060606061,3,2,33
5s_Bacillus-anthracis-5,ArchiveII,5s,FLOPPY,0.0,0.0,24,0,33
srp_Ther.ther._AE017221,ArchiveII,srp,FIRM,0.9696969696969697,0.9142857142857143,33,32,35
srp_Ther.ther._AE017221,ArchiveII,srp,SOFT,0.6666666666666666,0.05714285714285714,3,2,35
srp_Ther.ther._AE017221,ArchiveII,srp,FLOPPY,,0.0,0,0,35
5s_Photobacterium-angustum-1,ArchiveII,5s,FIRM,0.6333333333333333,0.5277777777777778,30,19,36
5s_Photobacterium-angustum-1,ArchiveII,5s,SOFT,0.5,0.05555555555555555,4,2,36
5s_Photobacterium-angustum-1,ArchiveII,5s,FLOPPY,0.0,0.0,2,0,36
tRNA_tdbR00000406-Saccharomyces_cerevisiae-4932-Ser-NGA,ArchiveII,tRNA,FIRM,0.0,0.0,4,0,20
tRNA_tdbR00000406-Saccharomyces_cerevisiae-4932-Ser-NGA,ArchiveII,tRNA,SOFT,,0.0,0,0,20
tRNA_tdbR00000406-Saccharomyces_cerevisiae-4932-Ser-NGA,ArchiveII,tRNA,FLOPPY,0.25,0.3,24,6,20
5s_Streptomyces-purpureus-1,ArchiveII,5s,FIRM,0.7222222222222222,0.3939393939393939,18,13,33
5s_Streptomyces-purpureus-1,ArchiveII,5s,SOFT,0.2857142857142857,0.06060606060606061,7,2,33
5s_Streptomyces-purpureus-1,ArchiveII,5s,FLOPPY,0.07692307692307693,0.030303030303030304,13,1,33
5s_Candidatus-Tremblaya-princeps-2,ArchiveII,5s,FIRM,0.2727272727272727,0.2,22,6,30
5s_Candidatus-Tremblaya-princeps-2,ArchiveII,5s,SOFT,0.14285714285714285,0.03333333333333333,7,1,30
5s_Candidatus-Tremblaya-princeps-2,ArchiveII,5s,FLOPPY,0.0,0.0,6,0,30
tmRNA_Cyan.para._U30821_1-291,ArchiveII,tmRNA,FIRM,0.6086956521739131,0.7368421052631579,46,28,38
tmRNA_Cyan.para._U30821_1-291,ArchiveII,tmRNA,SOFT,0.125,0.05263157894736842,16,2,38
tmRNA_Cyan.para._U30821_1-291,ArchiveII,tmRNA,FLOPPY,0.0,0.0,18,0,38
5s_Pirellula-sp.-1,ArchiveII,5s,FIRM,0.8571428571428571,0.6,21,18,30
5s_Pirellula-sp.-1,ArchiveII,5s,SOFT,0.7272727272727273,0.26666666666666666,11,8,30
5s_Pirellula-sp.-1,ArchiveII,5s,FLOPPY,1.0,0.06666666666666667,2,2,30
tmRNA_Geob.stea._TRW-1422_1-352,ArchiveII,tmRNA,FIRM,0.9743589743589743,0.5066666666666667,39,38,75
tmRNA_Geob.stea._TRW-1422_1-352,ArchiveII,tmRNA,SOFT,0.0,0.0,13,0,75
tmRNA_Geob.stea._TRW-1422_1-352,ArchiveII,tmRNA,FLOPPY,0.19642857142857142,0.14666666666666667,56,11,75
5s_Cryptococcus-humicola-1,ArchiveII,5s,FIRM,0.967741935483871,0.8571428571428571,31,30,35
5s_Cryptococcus-humicola-1,ArchiveII,5s,SOFT,0.3333333333333333,0.02857142857142857,3,1,35
5s_Cryptococcus-humicola-1,ArchiveII,5s,FLOPPY,0.3333333333333333,0.02857142857142857,3,1,35
grp1_a.I1.e.P.carinii.Pc3.C1.LSU.1921,ArchiveII,grp1,FIRM,0.8433734939759037,0.6862745098039216,83,70,102
grp1_a.I1.e.P.carinii.Pc3.C1.LSU.1921,ArchiveII,grp1,SOFT,0.5,0.18627450980392157,38,19,102
grp1_a.I1.e.P.carinii.Pc3.C1.LSU.1921,ArchiveII,grp1,FLOPPY,0.14285714285714285,0.00980392156862745,7,1,102
srp_Shew.onei._AE014299,ArchiveII,srp,FIRM,0.5172413793103449,0.5357142857142857,29,15,28
srp_Shew.onei._AE014299,ArchiveII,srp,SOFT,0.0,0.0,2,0,28
srp_Shew.onei._AE014299,ArchiveII,srp,FLOPPY,0.0,0.0,4,0,28
tmRNA_Baci.cere._TRW-226900_1-355,ArchiveII,tmRNA,FIRM,0.6046511627906976,0.33766233766233766,43,26,77
tmRNA_Baci.cere._TRW-226900_1-355,ArchiveII,tmRNA,SOFT,0.0625,0.03896103896103896,48,3,77
tmRNA_Baci.cere._TRW-226900_1-355,ArchiveII,tmRNA,FLOPPY,0.0,0.0,13,0,77
RNaseP_G.gorilla,ArchiveII,RNaseP,FIRM,0.24615384615384617,0.3137254901960784,65,16,51
RNaseP_G.gorilla,ArchiveII,RNaseP,SOFT,0.058823529411764705,0.0196078431372549,17,1,51
RNaseP_G.gorilla,ArchiveII,RNaseP,FLOPPY,0.0,0.0,25,0,51
5s_Helix-pomatia-1,ArchiveII,5s,FIRM,0.8333333333333334,0.8333333333333334,36,30,36
5s_Helix-pomatia-1,ArchiveII,5s,SOFT,0.0,0.0,4,0,36
5s_Helix-pomatia-1,ArchiveII,5s,FLOPPY,0.0,0.0,2,0,36
RNaseP_L.borgpetersenii,ArchiveII,RNaseP,FIRM,1.0,0.4731182795698925,44,44,93
RNaseP_L.borgpetersenii,ArchiveII,RNaseP,SOFT,0.2,0.06451612903225806,30,6,93
RNaseP_L.borgpetersenii,ArchiveII,RNaseP,FLOPPY,0.0,0.0,29,0,93
RNaseP_DU1,ArchiveII,RNaseP,FIRM,0.8518518518518519,0.2839506172839506,27,23,81
RNaseP_DU1,ArchiveII,RNaseP,SOFT,0.6666666666666666,0.07407407407407407,9,6,81
RNaseP_DU1,ArchiveII,RNaseP,FLOPPY,0.19607843137254902,0.12345679012345678,51,10,81
5s_Nadsonia-fulvescens-1,ArchiveII,5s,FIRM,1.0,0.6666666666666666,24,24,36
5s_Nadsonia-fulvescens-1,ArchiveII,5s,SOFT,0.5833333333333334,0.19444444444444445,12,7,36
5s_Nadsonia-fulvescens-1,ArchiveII,5s,FLOPPY,1.0,0.027777777777777776,1,1,36
srp_Urea.parv._AE002112,ArchiveII,srp,FIRM,0.96875,0.9117647058823529,32,31,34
srp_Urea.parv._AE002112,ArchiveII,srp,SOFT,0.6666666666666666,0.058823529411764705,3,2,34
srp_Urea.parv._AE002112,ArchiveII,srp,FLOPPY,,0.0,0,0,34
5s_Saprolegnia-ferax-1,ArchiveII,5s,FIRM,0.9655172413793104,0.7567567567567568,29,28,37
5s_Saprolegnia-ferax-1,ArchiveII,5s,SOFT,0.8333333333333334,0.13513513513513514,6,5,37
5s_Saprolegnia-ferax-1,ArchiveII,5s,FLOPPY,0.5,0.02702702702702703,2,1,37
tRNA_tdbR00000080-Bos_taurus-9913-Phe-GAA,ArchiveII,tRNA,FIRM,1.0,0.6842105263157895,13,13,19
tRNA_tdbR00000080-Bos_taurus-9913-Phe-GAA,ArchiveII,tRNA,SOFT,1.0,0.3157894736842105,6,6,19
tRNA_tdbR00000080-Bos_taurus-9913-Phe-GAA,ArchiveII,tRNA,FLOPPY,,0.0,0,0,19
tmRNA_envi.sequ._TRW-300695-2_1-345,ArchiveII,tmRNA,FIRM,0.39622641509433965,0.3559322033898305,53,21,59
tmRNA_envi.sequ._TRW-300695-2_1-345,ArchiveII,tmRNA,SOFT,0.3142857142857143,0.1864406779661017,35,11,59
tmRNA_envi.sequ._TRW-300695-2_1-345,ArchiveII,tmRNA,FLOPPY,0.0,0.0,6,0,59
srp_Zymo.mobi._AE008692,ArchiveII,srp,FIRM,0.35,0.25,20,7,28
srp_Zymo.mobi._AE008692,ArchiveII,srp,SOFT,0.0,0.0,8,0,28
srp_Zymo.mobi._AE008692,ArchiveII,srp,FLOPPY,0.0,0.0,2,0,28
srp_Stre.muta._AE014133,ArchiveII,srp,FIRM,0.7,0.5833333333333334,20,14,24
srp_Stre.muta._AE014133,ArchiveII,srp,SOFT,0.6666666666666666,0.08333333333333333,3,2,24
srp_Stre.muta._AE014133,ArchiveII,srp,FLOPPY,0.3333333333333333,0.041666666666666664,3,1,24
5s_Burkholderia-caryophylli-1,ArchiveII,5s,FIRM,0.9333333333333333,0.45161290322580644,15,14,31
5s_Burkholderia-caryophylli-1,ArchiveII,5s,SOFT,1.0,0.12903225806451613,4,4,31
5s_Burkholderia-caryophylli-1,ArchiveII,5s,FLOPPY,0.0,0.0,13,0,31
srp_Plas.know._GSP-5851,ArchiveII,srp,FIRM,0.8833333333333333,0.5247524752475248,60,53,101
srp_Plas.know._GSP-5851,ArchiveII,srp,SOFT,0.4166666666666667,0.04950495049504951,12,5,101
srp_Plas.know._GSP-5851,ArchiveII,srp,FLOPPY,0.0,0.0,29,0,101
srp_Shew.balt._CP000753,ArchiveII,srp,FIRM,0.0,0.0,8,0,19
srp_Shew.balt._CP000753,ArchiveII,srp,SOFT,0.0,0.0,1,0,19
srp_Shew.balt._CP000753,ArchiveII,srp,FLOPPY,0.0,0.0,17,0,19
5s_Lactobacillus-acidophilus-1,ArchiveII,5s,FIRM,0.19047619047619047,0.13333333333333333,21,4,30
5s_Lactobacillus-acidophilus-1,ArchiveII,5s,SOFT,0.16666666666666666,0.03333333333333333,6,1,30
5s_Lactobacillus-acidophilus-1,ArchiveII,5s,FLOPPY,0.0,0.0,6,0,30
srp_Fuso.nucl._AE009951,ArchiveII,srp,FIRM,0.29411764705882354,0.625,34,10,16
srp_Fuso.nucl._AE009951,ArchiveII,srp,SOFT,,0.0,0,0,16
srp_Fuso.nucl._AE009951,ArchiveII,srp,FLOPPY,1.0,0.0625,1,1,16
tRNA_tdbR00000202-Drosophila_melanogaster-7227-Lys-UU,ArchiveII,tRNA,FIRM,0.4375,0.3333333333333333,16,7,21
tRNA_tdbR00000202-Drosophila_melanogaster-7227-Lys-UU,ArchiveII,tRNA,SOFT,0.7777777777777778,0.3333333333333333,9,7,21
tRNA_tdbR00000202-Drosophila_melanogaster-7227-Lys-UU,ArchiveII,tRNA,FLOPPY,,0.0,0,0,21
5s_Pseudonocardia-halophobica-1,ArchiveII,5s,FIRM,0.8888888888888888,0.22857142857142856,9,8,35
5s_Pseudonocardia-halophobica-1,ArchiveII,5s,SOFT,1.0,0.42857142857142855,15,15,35
5s_Pseudonocardia-halophobica-1,ArchiveII,5s,FLOPPY,0.9230769230769231,0.34285714285714286,13,12,35
5s_Herpetosiphon-aurantiacus-1,ArchiveII,5s,FIRM,0.9285714285714286,0.3939393939393939,14,13,33
5s_Herpetosiphon-aurantiacus-1,ArchiveII,5s,SOFT,0.75,0.36363636363636365,16,12,33
5s_Herpetosiphon-aurantiacus-1,ArchiveII,5s,FLOPPY,0.3333333333333333,0.06060606060606061,6,2,33
srp_Agro.tume._AE007951,ArchiveII,srp,FIRM,0.0,0.0,19,0,28
srp_Agro.tume._AE007951,ArchiveII,srp,SOFT,0.7,0.25,10,7,28
srp_Agro.tume._AE007951,ArchiveII,srp,FLOPPY,0.0,0.0,3,0,28
RNaseP_M.maripaludus,ArchiveII,RNaseP,FIRM,0.9210526315789473,0.6140350877192983,38,35,57
RNaseP_M.maripaludus,ArchiveII,RNaseP,SOFT,0.1111111111111111,0.05263157894736842,27,3,57
RNaseP_M.maripaludus,ArchiveII,RNaseP,FLOPPY,0.16666666666666666,0.017543859649122806,6,1,57
5s_Secale-cereale-2,ArchiveII,5s,FIRM,0.8666666666666667,0.7647058823529411,30,26,34
5s_Secale-cereale-2,ArchiveII,5s,SOFT,0.5,0.11764705882352941,8,4,34
5s_Secale-cereale-2,ArchiveII,5s,FLOPPY,0.0,0.0,1,0,34
tmRNA_Ther.teng._AE013063_1-351,ArchiveII,tmRNA,FIRM,0.6557377049180327,0.5128205128205128,61,40,78
tmRNA_Ther.teng._AE013063_1-351,ArchiveII,tmRNA,SOFT,0.35555555555555557,0.20512820512820512,45,16,78
tmRNA_Ther.teng._AE013063_1-351,ArchiveII,tmRNA,FLOPPY,0.14285714285714285,0.01282051282051282,7,1,78
srp_Sorg.bico._BE594178,ArchiveII,srp,FIRM,0.5972222222222222,0.48863636363636365,72,43,88
srp_Sorg.bico._BE594178,ArchiveII,srp,SOFT,0.05263157894736842,0.011363636363636364,19,1,88
srp_Sorg.bico._BE594178,ArchiveII,srp,FLOPPY,0.0,0.0,15,0,88
tRNA_tdbR00000019-Mycoplasma_capricolum-2095-Cys-GCA,ArchiveII,tRNA,FIRM,0.7777777777777778,0.7368421052631579,18,14,19
tRNA_tdbR00000019-Mycoplasma_capricolum-2095-Cys-GCA,ArchiveII,tRNA,SOFT,0.2857142857142857,0.10526315789473684,7,2,19
tRNA_tdbR00000019-Mycoplasma_capricolum-2095-Cys-GCA,ArchiveII,tRNA,FLOPPY,,0.0,0,0,19
srp_Lact.plan._AL935253,ArchiveII,srp,FIRM,0.8333333333333334,0.38461538461538464,12,10,26
srp_Lact.plan._AL935253,ArchiveII,srp,SOFT,0.9090909090909091,0.38461538461538464,11,10,26
srp_Lact.plan._AL935253,ArchiveII,srp,FLOPPY,0.16666666666666666,0.038461538461538464,6,1,26
5s_Oerskovia-turbata-1,ArchiveII,5s,FIRM,1.0,0.7428571428571429,26,26,35
5s_Oerskovia-turbata-1,ArchiveII,5s,SOFT,0.7777777777777778,0.2,9,7,35
5s_Oerskovia-turbata-1,ArchiveII,5s,FLOPPY,1.0,0.05714285714285714,2,2,35
tRNA_tdbR00000004-Haloferax_volcanii-2246-Ala-UGC,ArchiveII,tRNA,FIRM,0.9166666666666666,0.5238095238095238,12,11,21
tRNA_tdbR00000004-Haloferax_volcanii-2246-Ala-UGC,ArchiveII,tRNA,SOFT,0.9090909090909091,0.47619047619047616,11,10,21
tRNA_tdbR00000004-Haloferax_volcanii-2246-Ala-UGC,ArchiveII,tRNA,FLOPPY,,0.0,0,0,21
5s_Wolbachia-pipientis-1,ArchiveII,5s,FIRM,0.0,0.0,4,0,26
5s_Wolbachia-pipientis-1,ArchiveII,5s,SOFT,0.7142857142857143,0.38461538461538464,14,10,26
5s_Wolbachia-pipientis-1,ArchiveII,5s,FLOPPY,0.42857142857142855,0.23076923076923078,14,6,26
tmRNA_Burk.xeno._CP000270_1-370,ArchiveII,tmRNA,FIRM,0.6666666666666666,0.25,30,20,80
tmRNA_Burk.xeno._CP000270_1-370,ArchiveII,tmRNA,SOFT,0.16666666666666666,0.125,60,10,80
tmRNA_Burk.xeno._CP000270_1-370,ArchiveII,tmRNA,FLOPPY,0.6296296296296297,0.2125,27,17,80
tRNA_tdbR00000382-Haloferax_volcanii-2246-Ser-MGA,ArchiveII,tRNA,FIRM,0.7727272727272727,0.7727272727272727,22,17,22
tRNA_tdbR00000382-Haloferax_volcanii-2246-Ser-MGA,ArchiveII,tRNA,SOFT,0.625,0.22727272727272727,8,5,22
tRNA_tdbR00000382-Haloferax_volcanii-2246-Ser-MGA,ArchiveII,tRNA,FLOPPY,,0.0,0,0,22
tRNA_tdbR00000418-Nicotiana_rustica-4093-Ser-IGA,ArchiveII,tRNA,FIRM,0.5,0.5,22,11,22
tRNA_tdbR00000418-Nicotiana_rustica-4093-Ser-IGA,ArchiveII,tRNA,SOFT,1.0,0.13636363636363635,3,3,22
tRNA_tdbR00000418-Nicotiana_rustica-4093-Ser-IGA,ArchiveII,tRNA,FLOPPY,1.0,0.09090909090909091,2,2,22
5s_Bacillus-thuringiensis-2,ArchiveII,5s,FIRM,0.8888888888888888,0.25806451612903225,9,8,31
5s_Bacillus-thuringiensis-2,ArchiveII,5s,SOFT,0.75,0.0967741935483871,4,3,31
5s_Bacillus-thuringiensis-2,ArchiveII,5s,FLOPPY,0.0,0.0,24,0,31
5s_Photobacterium-profundum-2,ArchiveII,5s,FIRM,1.0,0.22857142857142856,8,8,35
5s_Photobacterium-profundum-2,ArchiveII,5s,SOFT,1.0,0.02857142857142857,1,1,35
5s_Photobacterium-profundum-2,ArchiveII,5s,FLOPPY,0.0,0.0,31,0,35
telomerase_AF221913.109-520,ArchiveII,telomerase,FIRM,0.625,0.3977272727272727,56,35,88
telomerase_AF221913.109-520,ArchiveII,telomerase,SOFT,0.16981132075471697,0.10227272727272728,53,9,88
telomerase_AF221913.109-520,ArchiveII,telomerase,FLOPPY,0.0,0.0,22,0,88
5s_Amycolatopsis-mediterranei-1,ArchiveII,5s,FIRM,0.9565217391304348,0.6285714285714286,23,22,35
5s_Amycolatopsis-mediterranei-1,ArchiveII,5s,SOFT,0.9,0.2571428571428571,10,9,35
5s_Amycolatopsis-mediterranei-1,ArchiveII,5s,FLOPPY,1.0,0.05714285714285714,2,2,35
tRNA_tdbR00000548-Scenedesmus_obliquus-3088-Tyr-GUA,ArchiveII,tRNA,FIRM,0.4583333333333333,0.5238095238095238,24,11,21
tRNA_tdbR00000548-Scenedesmus_obliquus-3088-Tyr-GUA,ArchiveII,tRNA,SOFT,0.25,0.09523809523809523,8,2,21
tRNA_tdbR00000548-Scenedesmus_obliquus-3088-Tyr-GUA,ArchiveII,tRNA,FLOPPY,,0.0,0,0,21
5s_Vibrio-fischeri-2,ArchiveII,5s,FIRM,0.6333333333333333,0.5428571428571428,30,19,35
5s_Vibrio-fischeri-2,ArchiveII,5s,SOFT,0.3333333333333333,0.02857142857142857,3,1,35
5s_Vibrio-fischeri-2,ArchiveII,5s,FLOPPY,0.0,0.0,2,0,35
RNaseP_Prochlorococcus-TAK9803-2,ArchiveII,RNaseP,FIRM,1.0,0.3855421686746988,32,32,83
RNaseP_Prochlorococcus-TAK9803-2,ArchiveII,RNaseP,SOFT,0.08163265306122448,0.04819277108433735,49,4,83
RNaseP_Prochlorococcus-TAK9803-2,ArchiveII,RNaseP,FLOPPY,0.05263157894736842,0.012048192771084338,19,1,83
5s_Scenedesmus-obliquus-1,ArchiveII,5s,FIRM,0.7368421052631579,0.45161290322580644,19,14,31
5s_Scenedesmus-obliquus-1,ArchiveII,5s,SOFT,0.058823529411764705,0.03225806451612903,17,1,31
5s_Scenedesmus-obliquus-1,ArchiveII,5s,FLOPPY,0.0,0.0,4,0,31
5s_Branchiostoma-belcheri-1,ArchiveII,5s,FIRM,0.95,0.5277777777777778,20,19,36
5s_Branchiostoma-belcheri-1,ArchiveII,5s,SOFT,0.2,0.05555555555555555,10,2,36
5s_Branchiostoma-belcheri-1,ArchiveII,5s,FLOPPY,0.0,0.0,6,0,36
5s_Natronomonas-pharaonis-1,ArchiveII,5s,FIRM,0.9615384615384616,0.7352941176470589,26,25,34
5s_Natronomonas-pharaonis-1,ArchiveII,5s,SOFT,0.6363636363636364,0.20588235294117646,11,7,34
5s_Natronomonas-pharaonis-1,ArchiveII,5s,FLOPPY,0.0,0.0,1,0,34
tmRNA_Stap.aure._BA000033_1-362,ArchiveII,tmRNA,FIRM,0.65,0.5131578947368421,60,39,76
tmRNA_Stap.aure._BA000033_1-362,ArchiveII,tmRNA,SOFT,0.03571428571428571,0.013157894736842105,28,1,76
tmRNA_Stap.aure._BA000033_1-362,ArchiveII,tmRNA,FLOPPY,0.0,0.0,19,0,76
srp_List.mono._U15684,ArchiveII,srp,FIRM,0.9295774647887324,0.7674418604651163,71,66,86
srp_List.mono._U15684,ArchiveII,srp,SOFT,0.3333333333333333,0.03488372093023256,9,3,86
srp_List.mono._U15684,ArchiveII,srp,FLOPPY,0.15,0.03488372093023256,20,3,86
tmRNA_Lept.inte._AE016823_1-350,ArchiveII,tmRNA,FIRM,0.9696969696969697,0.4155844155844156,33,32,77
tmRNA_Lept.inte._AE016823_1-350,ArchiveII,tmRNA,SOFT,0.46875,0.19480519480519481,32,15,77
tmRNA_Lept.inte._AE016823_1-350,ArchiveII,tmRNA,FLOPPY,0.28205128205128205,0.14285714285714285,39,11,77
tRNA_tdbR00000149-Homo_sapiens-9606-His-GUG,ArchiveII,tRNA,FIRM,1.0,0.47619047619047616,10,10,21
tRNA_tdbR00000149-Homo_sapiens-9606-His-GUG,ArchiveII,tRNA,SOFT,1.0,0.09523809523809523,2,2,21
tRNA_tdbR00000149-Homo_sapiens-9606-His-GUG,ArchiveII,tRNA,FLOPPY,0.0,0.0,9,0,21
5s_Vibrio-cincinnatiensis-1,ArchiveII,5s,FIRM,0.7307692307692307,0.5277777777777778,26,19,36
5s_Vibrio-cincinnatiensis-1,ArchiveII,5s,SOFT,0.5,0.16666666666666666,12,6,36
5s_Vibrio-cincinnatiensis-1,ArchiveII,5s,FLOPPY,,0.0,0,0,36
5s_Neurospora-africana-1,ArchiveII,5s,FIRM,1.0,0.23529411764705882,8,8,34
5s_Neurospora-africana-1,ArchiveII,5s,SOFT,1.0,0.029411764705882353,1,1,34
5s_Neurospora-africana-1,ArchiveII,5s,FLOPPY,0.3870967741935484,0.35294117647058826,31,12,34
srp_Symb.ther._AP006840,ArchiveII,srp,FIRM,0.7777777777777778,0.25,9,7,28
srp_Symb.ther._AP006840,ArchiveII,srp,SOFT,0.625,0.35714285714285715,16,10,28
srp_Symb.ther._AP006840,ArchiveII,srp,FLOPPY,0.14285714285714285,0.03571428571428571,7,1,28
srp_Caul.cres._AE005673,ArchiveII,srp,FIRM,0.0,0.0,4,0,21
srp_Caul.cres._AE005673,ArchiveII,srp,SOFT,0.0,0.0,22,0,21
srp_Caul.cres._AE005673,ArchiveII,srp,FLOPPY,0.0,0.0,2,0,21
RNaseP_P.strasburgensis,ArchiveII,RNaseP,FIRM,1.0,0.375,33,33,88
RNaseP_P.strasburgensis,ArchiveII,RNaseP,SOFT,0.22033898305084745,0.14772727272727273,59,13,88
RNaseP_P.strasburgensis,ArchiveII,RNaseP,FLOPPY,0.0,0.0,10,0,88
tmRNA_Myco.geni._TRW-243273_1-388,ArchiveII,tmRNA,FIRM,0.7073170731707317,0.37662337662337664,41,29,77
tmRNA_Myco.geni._TRW-243273_1-388,ArchiveII,tmRNA,SOFT,0.6538461538461539,0.22077922077922077,26,17,77
tmRNA_Myco.geni._TRW-243273_1-388,ArchiveII,tmRNA,FLOPPY,0.0,0.0,51,0,77
tmRNA_Stap.epid._TRW-1282-1_1-361,ArchiveII,tmRNA,FIRM,0.4583333333333333,0.4342105263157895,72,33,76
tmRNA_Stap.epid._TRW-1282-1_1-361,ArchiveII,tmRNA,SOFT,0.4166666666666667,0.13157894736842105,24,10,76
tmRNA_Stap.epid._TRW-1282-1_1-361,ArchiveII,tmRNA,FLOPPY,0.0,0.0,5,0,76
srp_Stap.aure._CP000046,ArchiveII,srp,FIRM,0.8888888888888888,0.48484848484848486,18,16,33
srp_Stap.aure._CP000046,ArchiveII,srp,SOFT,0.75,0.09090909090909091,4,3,33
srp_Stap.aure._CP000046,ArchiveII,srp,FLOPPY,1.0,0.3333333333333333,11,11,33
grp1_a.I1.m.M.grisea.B2.ND1,ArchiveII,grp1,FIRM,0.7619047619047619,0.2711864406779661,21,16,59
grp1_a.I1.m.M.grisea.B2.ND1,ArchiveII,grp1,SOFT,0.2708333333333333,0.22033898305084745,48,13,59
grp1_a.I1.m.M.grisea.B2.ND1,ArchiveII,grp1,FLOPPY,0.0,0.0,12,0,59
5s_Fusarium-sporotrichioides-5,ArchiveII,5s,FIRM,1.0,0.3142857142857143,11,11,35
5s_Fusarium-sporotrichioides-5,ArchiveII,5s,SOFT,1.0,0.37142857142857144,13,13,35
5s_Fusarium-sporotrichioides-5,ArchiveII,5s,FLOPPY,0.6666666666666666,0.22857142857142856,12,8,35
5s_Salmonella-typhi-1,ArchiveII,5s,FIRM,,0.0,0,0,32
5s_Salmonella-typhi-1,ArchiveII,5s,SOFT,0.15,0.09375,20,3,32
5s_Salmonella-typhi-1,ArchiveII,5s,FLOPPY,0.2,0.09375,15,3,32
5s_Pyrococcus-abyssi-1,ArchiveII,5s,FIRM,0.5357142857142857,0.5,28,15,30
5s_Pyrococcus-abyssi-1,ArchiveII,5s,SOFT,0.4444444444444444,0.13333333333333333,9,4,30
5s_Pyrococcus-abyssi-1,ArchiveII,5s,FLOPPY,,0.0,0,0,30
tRNA_tdbR00000280-Saccharomyces_cerevisiae-4932-Met-CAU,ArchiveII,tRNA,FIRM,0.4375,0.3333333333333333,16,7,21
tRNA_tdbR00000280-Saccharomyces_cerevisiae-4932-Met-CAU,ArchiveII,tRNA,SOFT,0.0,0.0,4,0,21
tRNA_tdbR00000280-Saccharomyces_cerevisiae-4932-Met-CAU,ArchiveII,tRNA,FLOPPY,,0.0,0,0,21
srp_Leis.dono._AY722733,ArchiveII,srp,FIRM,0.17647058823529413,0.42857142857142855,34,6,14
srp_Leis.dono._AY722733,ArchiveII,srp,SOFT,0.0,0.0,6,0,14
srp_Leis.dono._AY722733,ArchiveII,srp,FLOPPY,0.0,0.0,3,0,14
srp_Haem.infl._CP000057,ArchiveII,srp,FIRM,0.9714285714285714,0.8717948717948718,35,34,39
srp_Haem.infl._CP000057,ArchiveII,srp,SOFT,0.5,0.05128205128205128,4,2,39
srp_Haem.infl._CP000057,ArchiveII,srp,FLOPPY,,0.0,0,0,39
5s_Saccoglossus-kowalevskii-1,ArchiveII,5s,FIRM,0.9411764705882353,0.8888888888888888,34,32,36
5s_Saccoglossus-kowalevskii-1,ArchiveII,5s,SOFT,0.4,0.05555555555555555,5,2,36
5s_Saccoglossus-kowalevskii-1,ArchiveII,5s,FLOPPY,,0.0,0,0,36
tRNA_tdbR00000288-Mus_musculus-10090-Met-BAU,ArchiveII,tRNA,FIRM,1.0,0.55,11,11,20
tRNA_tdbR00000288-Mus_musculus-10090-Met-BAU,ArchiveII,tRNA,SOFT,1.0,0.2,4,4,20
tRNA_tdbR00000288-Mus_musculus-10090-Met-BAU,ArchiveII,tRNA,FLOPPY,1.0,0.25,5,5,20
srp_Myco.capr._CP000123,ArchiveII,srp,FIRM,0.7083333333333334,0.6071428571428571,24,17,28
srp_Myco.capr._CP000123,ArchiveII,srp,SOFT,0.3333333333333333,0.03571428571428571,3,1,28
srp_Myco.capr._CP000123,ArchiveII,srp,FLOPPY,0.0,0.0,1,0,28
RNaseP_SM-A5584,ArchiveII,RNaseP,FIRM,0.8611111111111112,0.6326530612244898,72,62,98
RNaseP_SM-A5584,ArchiveII,RNaseP,SOFT,0.16129032258064516,0.05102040816326531,31,5,98
RNaseP_SM-A5584,ArchiveII,RNaseP,FLOPPY,0.25,0.01020408163265306,4,1,98
tmRNA_Prop.acne._TRW-1747-3_1-353,ArchiveII,tmRNA,FIRM,0.6428571428571429,0.14285714285714285,14,9,63
tmRNA_Prop.acne._TRW-1747-3_1-353,ArchiveII,tmRNA,SOFT,0.0,0.0,23,0,63
tmRNA_Prop.acne._TRW-1747-3_1-353,ArchiveII,tmRNA,FLOPPY,0.0,0.0,79,0,63
srp_Myco.aviu._AE016958,ArchiveII,srp,FIRM,0.0,0.0,11,0,10
srp_Myco.aviu._AE016958,ArchiveII,srp,SOFT,0.0,0.0,4,0,10
srp_Myco.aviu._AE016958,ArchiveII,srp,FLOPPY,0.0,0.0,12,0,10
RNaseP_PS4,ArchiveII,RNaseP,FIRM,0.9696969696969697,0.4,33,32,80
RNaseP_PS4,ArchiveII,RNaseP,SOFT,0.15384615384615385,0.075,39,6,80
RNaseP_PS4,ArchiveII,RNaseP,FLOPPY,0.4666666666666667,0.0875,15,7,80
RNaseP_ESH212C,ArchiveII,RNaseP,FIRM,0.9482758620689655,0.5392156862745098,58,55,102
RNaseP_ESH212C,ArchiveII,RNaseP,SOFT,0.43478260869565216,0.19607843137254902,46,20,102
RNaseP_ESH212C,ArchiveII,RNaseP,FLOPPY,0.0,0.0,3,0,102
5s_Oenococcus-oeni-1,ArchiveII,5s,FIRM,1.0,0.18181818181818182,6,6,33
5s_Oenococcus-oeni-1,ArchiveII,5s,SOFT,0.043478260869565216,0.030303030303030304,23,1,33
5s_Oenococcus-oeni-1,ArchiveII,5s,FLOPPY,0.0,0.0,4,0,33
5s_Fusarium-lunulosporum-3,ArchiveII,5s,FIRM,0.9166666666666666,0.3235294117647059,12,11,34
5s_Fusarium-lunulosporum-3,ArchiveII,5s,SOFT,0.3333333333333333,0.029411764705882353,3,1,34
5s_Fusarium-lunulosporum-3,ArchiveII,5s,FLOPPY,0.0,0.0,19,0,34
srp_Clos.perf._BA000016,ArchiveII,srp,FIRM,0.967741935483871,0.6666666666666666,62,60,90
srp_Clos.perf._BA000016,ArchiveII,srp,SOFT,0.6470588235294118,0.12222222222222222,17,11,90
srp_Clos.perf._BA000016,ArchiveII,srp,FLOPPY,0.4444444444444444,0.044444444444444446,9,4,90
srp_Burk.pseu._CP000572,ArchiveII,srp,FIRM,,0.0,0,0,22
srp_Burk.pseu._CP000572,ArchiveII,srp,SOFT,0.0,0.0,22,0,22
srp_Burk.pseu._CP000572,ArchiveII,srp,FLOPPY,0.0,0.0,4,0,22
5s_Clostridium-acetobutylicum-2,ArchiveII,5s,FIRM,1.0,0.5454545454545454,18,18,33
5s_Clostridium-acetobutylicum-2,ArchiveII,5s,SOFT,0.11764705882352941,0.06060606060606061,17,2,33
5s_Clostridium-acetobutylicum-2,ArchiveII,5s,FLOPPY,0.0,0.0,2,0,33
tRNA_tdbR00000330-Haloferax_volcanii-2246-Gln-MUG,ArchiveII,tRNA,FIRM,0.65,0.6190476190476191,20,13,21
tRNA_tdbR00000330-Haloferax_volcanii-2246-Gln-MUG,ArchiveII,tRNA,SOFT,0.0,0.0,4,0,21
tRNA_tdbR00000330-Haloferax_volcanii-2246-Gln-MUG,ArchiveII,tRNA,FLOPPY,0.0,0.0,1,0,21
5s_Bacillus-cereus-1,ArchiveII,5s,FIRM,0.9,0.2727272727272727,10,9,33
5s_Bacillus-cereus-1,ArchiveII,5s,SOFT,0.75,0.09090909090909091,4,3,33
5s_Bacillus-cereus-1,ArchiveII,5s,FLOPPY,0.0,0.0,24,0,33
tmRNA_Esch.coli._CP000247_1-363,ArchiveII,tmRNA,FIRM,0.746031746031746,0.573170731707317,63,47,82
tmRNA_Esch.coli._CP000247_1-363,ArchiveII,tmRNA,SOFT,0.0,0.0,25,0,82
tmRNA_Esch.coli._CP000247_1-363,ArchiveII,tmRNA,FLOPPY,0.06666666666666667,0.012195121951219513,15,1,82
5s_Drosophila-mauritiana-1,ArchiveII,5s,FIRM,0.8108108108108109,0.8333333333333334,37,30,36
5s_Drosophila-mauritiana-1,ArchiveII,5s,SOFT,0.0,0.0,4,0,36
5s_Drosophila-mauritiana-1,ArchiveII,5s,FLOPPY,,0.0,0,0,36
5s_Haemophilus-aegyptius-1,ArchiveII,5s,FIRM,0.8333333333333334,0.7352941176470589,30,25,34
5s_Haemophilus-aegyptius-1,ArchiveII,5s,SOFT,0.3333333333333333,0.029411764705882353,3,1,34
5s_Haemophilus-aegyptius-1,ArchiveII,5s,FLOPPY,0.0,0.0,1,0,34
srp_Rhod.spha._CP000577,ArchiveII,srp,FIRM,,0.0,0,0,10
srp_Rhod.spha._CP000577,ArchiveII,srp,SOFT,0.0,0.0,8,0,10
srp_Rhod.spha._CP000577,ArchiveII,srp,FLOPPY,,0.0,0,0,10
5s_Halorubrum-distributum-7,ArchiveII,5s,FIRM,0.8125,0.40625,16,13,32
5s_Halorubrum-distributum-7,ArchiveII,5s,SOFT,0.5555555555555556,0.15625,9,5,32
5s_Halorubrum-distributum-7,ArchiveII,5s,FLOPPY,0.75,0.28125,12,9,32
tRNA_tdbR00000490-Saccharomyces_cerevisiae-4932-Trp-CA,ArchiveII,tRNA,FIRM,0.9,0.42857142857142855,10,9,21
tRNA_tdbR00000490-Saccharomyces_cerevisiae-4932-Trp-CA,ArchiveII,tRNA,SOFT,0.875,0.3333333333333333,8,7,21
tRNA_tdbR00000490-Saccharomyces_cerevisiae-4932-Trp-CA,ArchiveII,tRNA,FLOPPY,1.0,0.23809523809523808,5,5,21
srp_Yers.pest._CP000668,ArchiveII,srp,FIRM,0.7297297297297297,0.6923076923076923,37,27,39
srp_Yers.pest._CP000668,ArchiveII,srp,SOFT,0.3333333333333333,0.02564102564102564,3,1,39
srp_Yers.pest._CP000668,ArchiveII,srp,FLOPPY,,0.0,0,0,39
RNaseP_SM-A1519,ArchiveII,RNaseP,FIRM,0.7567567567567568,0.34146341463414637,37,28,82
RNaseP_SM-A1519,ArchiveII,RNaseP,SOFT,0.7916666666666666,0.23170731707317074,24,19,82
RNaseP_SM-A1519,ArchiveII,RNaseP,FLOPPY,0.4074074074074074,0.13414634146341464,27,11,82
srp_Nitr.wino._CP000115,ArchiveII,srp,FIRM,1.0,0.5555555555555556,5,5,9
srp_Nitr.wino._CP000115,ArchiveII,srp,SOFT,1.0,0.2222222222222222,2,2,9
srp_Nitr.wino._CP000115,ArchiveII,srp,FLOPPY,,0.0,0,0,9
5s_Bombyx-mori-1,ArchiveII,5s,FIRM,0.9375,0.8333333333333334,32,30,36
5s_Bombyx-mori-1,ArchiveII,5s,SOFT,0.0,0.0,10,0,36
5s_Bombyx-mori-1,ArchiveII,5s,FLOPPY,,0.0,0,0,36
RNaseP_N.jensenii,ArchiveII,RNaseP,FIRM,1.0,0.18888888888888888,17,17,90
RNaseP_N.jensenii,ArchiveII,RNaseP,SOFT,0.7380952380952381,0.34444444444444444,42,31,90
RNaseP_N.jensenii,ArchiveII,RNaseP,FLOPPY,0.02564102564102564,0.011111111111111112,39,1,90
RNaseP_M.thermolithotrophicus,ArchiveII,RNaseP,FIRM,0.7837837837837838,0.5272727272727272,37,29,55
RNaseP_M.thermolithotrophicus,ArchiveII,RNaseP,SOFT,0.3181818181818182,0.12727272727272726,22,7,55
RNaseP_M.thermolithotrophicus,ArchiveII,RNaseP,FLOPPY,0.0,0.0,9,0,55
srp_Nitr.hamb._CP000319,ArchiveII,srp,FIRM,1.0,0.3,9,9,30
srp_Nitr.hamb._CP000319,ArchiveII,srp,SOFT,0.0,0.0,12,0,30
srp_Nitr.hamb._CP000319,ArchiveII,srp,FLOPPY,0.0,0.0,15,0,30
srp_Arch.fulg._AE000782,ArchiveII,srp,FIRM,0.8681318681318682,0.7452830188679245,91,79,106
srp_Arch.fulg._AE000782,ArchiveII,srp,SOFT,0.21428571428571427,0.02830188679245283,14,3,106
srp_Arch.fulg._AE000782,ArchiveII,srp,FLOPPY,0.0,0.0,6,0,106
srp_Esch.coli._AP009048,ArchiveII,srp,FIRM,0.7297297297297297,0.6923076923076923,37,27,39
srp_Esch.coli._AP009048,ArchiveII,srp,SOFT,0.3333333333333333,0.02564102564102564,3,1,39
srp_Esch.coli._AP009048,ArchiveII,srp,FLOPPY,,0.0,0,0,39
5s_Rhcoc_fas1B,ArchiveII,5s,FIRM,1.0,0.8181818181818182,27,27,33
5s_Rhcoc_fas1B,ArchiveII,5s,SOFT,0.0,0.0,2,0,33
5s_Rhcoc_fas1B,ArchiveII,5s,FLOPPY,0.0,0.0,6,0,33
srp_Kluy.walt._AADM01000319,ArchiveII,srp,FIRM,0.7575757575757576,0.3875968992248062,66,50,129
srp_Kluy.walt._AADM01000319,ArchiveII,srp,SOFT,0.3333333333333333,0.08527131782945736,33,11,129
srp_Kluy.walt._AADM01000319,ArchiveII,srp,FLOPPY,0.3125,0.07751937984496124,32,10,129
tmRNA_Esch.coli._BA000007_1-363,ArchiveII,tmRNA,FIRM,0.734375,0.5802469135802469,64,47,81
tmRNA_Esch.coli._BA000007_1-363,ArchiveII,tmRNA,SOFT,0.0,0.0,23,0,81
tmRNA_Esch.coli._BA000007_1-363,ArchiveII,tmRNA,FLOPPY,0.0625,0.012345679012345678,16,1,81
16s_P.occultum_domain2,ArchiveII,16s,FIRM,0.5921052631578947,0.45918367346938777,76,45,98
16s_P.occultum_domain2,ArchiveII,16s,SOFT,0.5,0.15306122448979592,30,15,98
16s_P.occultum_domain2,ArchiveII,16s,FLOPPY,0.0,0.0,13,0,98
srp_Yers.pest._CP000308,ArchiveII,srp,FIRM,0.7297297297297297,0.6923076923076923,37,27,39
srp_Yers.pest._CP000308,ArchiveII,srp,SOFT,0.3333333333333333,0.02564102564102564,3,1,39
srp_Yers.pest._CP000308,ArchiveII,srp,FLOPPY,,0.0,0,0,39
tRNA_tdbR00000162-Spinacia_oleracea-3562-Ile-GAU,ArchiveII,tRNA,FIRM,1.0,0.6666666666666666,14,14,21
tRNA_tdbR00000162-Spinacia_oleracea-3562-Ile-GAU,ArchiveII,tRNA,SOFT,0.8571428571428571,0.2857142857142857,7,6,21
tRNA_tdbR00000162-Spinacia_oleracea-3562-Ile-GAU,ArchiveII,tRNA,FLOPPY,,0.0,0,0,21
5s_Emericella-nidulans-1,ArchiveII,5s,FIRM,0.24242424242424243,0.2222222222222222,33,8,36
5s_Emericella-nidulans-1,ArchiveII,5s,SOFT,0.125,0.027777777777777776,8,1,36
5s_Emericella-nidulans-1,ArchiveII,5s,FLOPPY,,0.0,0,0,36
srp_Zea.mays._CF602412,ArchiveII,srp,FIRM,0.8,0.4536082474226804,55,44,97
srp_Zea.mays._CF602412,ArchiveII,srp,SOFT,0.25,0.010309278350515464,4,1,97
srp_Zea.mays._CF602412,ArchiveII,srp,FLOPPY,0.0,0.0,46,0,97
tmRNA_Myco.geni._U39713_1-385,ArchiveII,tmRNA,FIRM,0.5686274509803921,0.37662337662337664,51,29,77
tmRNA_Myco.geni._U39713_1-385,ArchiveII,tmRNA,SOFT,0.6818181818181818,0.19480519480519481,22,15,77
tmRNA_Myco.geni._U39713_1-385,ArchiveII,tmRNA,FLOPPY,0.25,0.14285714285714285,44,11,77
srp_Gluc.oxyd._CP000009,ArchiveII,srp,FIRM,0.0,0.0,9,0,23
srp_Gluc.oxyd._CP000009,ArchiveII,srp,SOFT,0.0,0.0,12,0,23
srp_Gluc.oxyd._CP000009,ArchiveII,srp,FLOPPY,0.0,0.0,2,0,23
tRNA_tdbR00000309-Enterobacteria_phage_T4-10665-Pro-NGG,ArchiveII,tRNA,FIRM,0.9411764705882353,0.7619047619047619,17,16,21
tRNA_tdbR00000309-Enterobacteria_phage_T4-10665-Pro-NGG,ArchiveII,tRNA,SOFT,0.8333333333333334,0.23809523809523808,6,5,21
tRNA_tdbR00000309-Enterobacteria_phage_T4-10665-Pro-NGG,ArchiveII,tRNA,FLOPPY,,0.0,0,0,21
5s_Sandaracinobacter-sibiricus-1,ArchiveII,5s,FIRM,0.4666666666666667,0.23333333333333334,15,7,30
5s_Sandaracinobacter-sibiricus-1,ArchiveII,5s,SOFT,0.1111111111111111,0.03333333333333333,9,1,30
5s_Sandaracinobacter-sibiricus-1,ArchiveII,5s,FLOPPY,0.0,0.0,14,0,30
tRNA_tdbR00000383-Haloferax_volcanii-2246-Ser-GGA,ArchiveII,tRNA,FIRM,0.8,0.5714285714285714,15,12,21
tRNA_tdbR00000383-Haloferax_volcanii-2246-Ser-GGA,ArchiveII,tRNA,SOFT,0.9,0.42857142857142855,10,9,21
tRNA_tdbR00000383-Haloferax_volcanii-2246-Ser-GGA,ArchiveII,tRNA,FLOPPY,,0.0,0,0,21
srp_Stap.aure._AC025951,ArchiveII,srp,FIRM,0.8888888888888888,0.48484848484848486,18,16,33
srp_Stap.aure._AC025951,ArchiveII,srp,SOFT,0.75,0.09090909090909091,4,3,33
srp_Stap.aure._AC025951,ArchiveII,srp,FLOPPY,1.0,0.3333333333333333,11,11,33
5s_Taphrina-deformans-1,ArchiveII,5s,FIRM,0.35294117647058826,0.17142857142857143,17,6,35
5s_Taphrina-deformans-1,ArchiveII,5s,SOFT,0.1,0.02857142857142857,10,1,35
5s_Taphrina-deformans-1,ArchiveII,5s,FLOPPY,0.0,0.0,10,0,35
RNaseP_T.delbrueckii,ArchiveII,RNaseP,FIRM,0.4675324675324675,0.5714285714285714,77,36,63
RNaseP_T.delbrueckii,ArchiveII,RNaseP,SOFT,0.06666666666666667,0.015873015873015872,15,1,63
RNaseP_T.delbrueckii,ArchiveII,RNaseP,FLOPPY,0.0,0.0,4,0,63
bpRNA_RFAM_18515,bpRNA_TS0,unknown,FIRM,0.3333333333333333,0.9047619047619048,57,19,21
bpRNA_RFAM_18515,bpRNA_TS0,unknown,SOFT,0.0,0.0,12,0,21
bpRNA_RFAM_18515,bpRNA_TS0,unknown,FLOPPY,0.0,0.0,8,0,21
bpRNA_RFAM_38370,bpRNA_TS0,unknown,FIRM,0.7837837837837838,0.5471698113207547,37,29,53
bpRNA_RFAM_38370,bpRNA_TS0,unknown,SOFT,0.2608695652173913,0.11320754716981132,23,6,53
bpRNA_RFAM_38370,bpRNA_TS0,unknown,FLOPPY,0.46153846153846156,0.11320754716981132,13,6,53
bpRNA_CRW_16282,bpRNA_TS0,unknown,FIRM,0.9375,0.4411764705882353,16,15,34
bpRNA_CRW_16282,bpRNA_TS0,unknown,SOFT,0.7368421052631579,0.4117647058823529,19,14,34
bpRNA_CRW_16282,bpRNA_TS0,unknown,FLOPPY,0.5,0.058823529411764705,4,2,34
bpRNA_RFAM_24722,bpRNA_TS0,unknown,FIRM,0.5263157894736842,0.4444444444444444,38,20,45
bpRNA_RFAM_24722,bpRNA_TS0,unknown,SOFT,0.6470588235294118,0.24444444444444444,17,11,45
bpRNA_RFAM_24722,bpRNA_TS0,unknown,FLOPPY,0.5,0.022222222222222223,2,1,45
bpRNA_RFAM_42225,bpRNA_TS0,unknown,FIRM,0.8,0.6274509803921569,40,32,51
bpRNA_RFAM_42225,bpRNA_TS0,unknown,SOFT,0.5,0.11764705882352941,12,6,51
bpRNA_RFAM_42225,bpRNA_TS0,unknown,FLOPPY,0.0,0.0,3,0,51
bpRNA_RFAM_19252,bpRNA_TS0,unknown,FIRM,0.6666666666666666,1.0,36,24,24
bpRNA_RFAM_19252,bpRNA_TS0,unknown,SOFT,0.0,0.0,2,0,24
bpRNA_RFAM_19252,bpRNA_TS0,unknown,FLOPPY,,0.0,0,0,24
bpRNA_RFAM_42484,bpRNA_TS0,unknown,FIRM,1.0,0.8,24,24,30
bpRNA_RFAM_42484,bpRNA_TS0,unknown,SOFT,0.3333333333333333,0.03333333333333333,3,1,30
bpRNA_RFAM_42484,bpRNA_TS0,unknown,FLOPPY,0.0,0.0,8,0,30
bpRNA_RFAM_14510,bpRNA_TS0,unknown,FIRM,0.56,0.7777777777777778,25,14,18
bpRNA_RFAM_14510,bpRNA_TS0,unknown,SOFT,0.0,0.0,6,0,18
bpRNA_RFAM_14510,bpRNA_TS0,unknown,FLOPPY,0.0,0.0,1,0,18
bpRNA_SRP_861,bpRNA_TS0,unknown,FIRM,0.25,0.21052631578947367,16,4,19
bpRNA_SRP_861,bpRNA_TS0,unknown,SOFT,0.4666666666666667,0.3684210526315789,15,7,19
bpRNA_SRP_861,bpRNA_TS0,unknown,FLOPPY,0.0,0.0,2,0,19
bpRNA_RFAM_26614,bpRNA_TS0,unknown,FIRM,0.6,0.5555555555555556,25,15,27
bpRNA_RFAM_26614,bpRNA_TS0,unknown,SOFT,0.6153846153846154,0.2962962962962963,13,8,27
bpRNA_RFAM_26614,bpRNA_TS0,unknown,FLOPPY,0.2,0.037037037037037035,5,1,27
bpRNA_SPR_111,bpRNA_TS0,unknown,FIRM,0.7894736842105263,0.7142857142857143,19,15,21
bpRNA_SPR_111,bpRNA_TS0,unknown,SOFT,1.0,0.14285714285714285,3,3,21
bpRNA_SPR_111,bpRNA_TS0,unknown,FLOPPY,0.0,0.0,5,0,21
bpRNA_RFAM_20546,bpRNA_TS0,unknown,FIRM,0.391304347826087,0.391304347826087,23,9,23
bpRNA_RFAM_20546,bpRNA_TS0,unknown,SOFT,0.0,0.0,5,0,23
bpRNA_RFAM_20546,bpRNA_TS0,unknown,FLOPPY,0.0,0.0,4,0,23
bpRNA_RFAM_18140,bpRNA_TS0,unknown,FIRM,0.8076923076923077,0.7,26,21,30
bpRNA_RFAM_18140,bpRNA_TS0,unknown,SOFT,0.34782608695652173,0.26666666666666666,23,8,30
bpRNA_RFAM_18140,bpRNA_TS0,unknown,FLOPPY,0.0,0.0,2,0,30
bpRNA_RFAM_32711,bpRNA_TS0,unknown,FIRM,0.0,0.0,13,0,11
bpRNA_RFAM_32711,bpRNA_TS0,unknown,SOFT,0.0,0.0,7,0,11
bpRNA_RFAM_32711,bpRNA_TS0,unknown,FLOPPY,0.8333333333333334,0.45454545454545453,6,5,11
bpRNA_RFAM_18679,bpRNA_TS0,unknown,FIRM,0.782608695652174,0.8571428571428571,23,18,21
bpRNA_RFAM_18679,bpRNA_TS0,unknown,SOFT,0.14285714285714285,0.047619047619047616,7,1,21
bpRNA_RFAM_18679,bpRNA_TS0,unknown,FLOPPY,,0.0,0,0,21
bpRNA_RFAM_6040,bpRNA_TS0,unknown,FIRM,0.0,0.0,6,0,3
bpRNA_RFAM_6040,bpRNA_TS0,unknown,SOFT,0.0,0.0,29,0,3
bpRNA_RFAM_6040,bpRNA_TS0,unknown,FLOPPY,0.0,0.0,13,0,3
bpRNA_RFAM_5444,bpRNA_TS0,unknown,FIRM,0.7307692307692307,0.8260869565217391,26,19,23
bpRNA_RFAM_5444,bpRNA_TS0,unknown,SOFT,0.125,0.043478260869565216,8,1,23
bpRNA_RFAM_5444,bpRNA_TS0,unknown,FLOPPY,,0.0,0,0,23
bpRNA_CRW_15828,bpRNA_TS0,unknown,FIRM,0.2962962962962963,0.25806451612903225,27,8,31
bpRNA_CRW_15828,bpRNA_TS0,unknown,SOFT,0.0,0.0,6,0,31
bpRNA_CRW_15828,bpRNA_TS0,unknown,FLOPPY,0.0,0.0,1,0,31
bpRNA_RFAM_9931,bpRNA_TS0,unknown,FIRM,,0.0,0,0,11
bpRNA_RFAM_9931,bpRNA_TS0,unknown,SOFT,1.0,0.5454545454545454,6,6,11
bpRNA_RFAM_9931,bpRNA_TS0,unknown,FLOPPY,0.0,0.0,4,0,11
bpRNA_RFAM_27887,bpRNA_TS0,unknown,FIRM,0.7142857142857143,0.7142857142857143,14,10,14
bpRNA_RFAM_27887,bpRNA_TS0,unknown,SOFT,0.14285714285714285,0.07142857142857142,7,1,14
bpRNA_RFAM_27887,bpRNA_TS0,unknown,FLOPPY,0.0,0.0,2,0,14
bpRNA_RFAM_41348,bpRNA_TS0,unknown,FIRM,0.8571428571428571,0.5454545454545454,14,12,22
bpRNA_RFAM_41348,bpRNA_TS0,unknown,SOFT,1.0,0.045454545454545456,1,1,22
bpRNA_RFAM_41348,bpRNA_TS0,unknown,FLOPPY,0.0,0.0,13,0,22
bpRNA_CRW_29631,bpRNA_TS0,unknown,FIRM,0.9375,0.75,16,15,20
bpRNA_CRW_29631,bpRNA_TS0,unknown,SOFT,0.0,0.0,5,0,20
bpRNA_CRW_29631,bpRNA_TS0,unknown,FLOPPY,,0.0,0,0,20
bpRNA_RFAM_15087,bpRNA_TS0,unknown,FIRM,0.425,0.4146341463414634,40,17,41
bpRNA_RFAM_15087,bpRNA_TS0,unknown,SOFT,0.043478260869565216,0.024390243902439025,23,1,41
bpRNA_RFAM_15087,bpRNA_TS0,unknown,FLOPPY,0.0,0.0,32,0,41
bpRNA_RFAM_31524,bpRNA_TS0,unknown,FIRM,0.16666666666666666,0.13636363636363635,18,3,22
bpRNA_RFAM_31524,bpRNA_TS0,unknown,SOFT,0.0,0.0,11,0,22
bpRNA_RFAM_31524,bpRNA_TS0,unknown,FLOPPY,0.0,0.0,25,0,22
bpRNA_RFAM_26929,bpRNA_TS0,unknown,FIRM,0.5,0.21428571428571427,6,3,14
bpRNA_RFAM_26929,bpRNA_TS0,unknown,SOFT,0.4166666666666667,0.35714285714285715,12,5,14
bpRNA_RFAM_26929,bpRNA_TS0,unknown,FLOPPY,,0.0,0,0,14
bpRNA_RFAM_22746,bpRNA_TS0,unknown,FIRM,0.5454545454545454,0.3,11,6,20
bpRNA_RFAM_22746,bpRNA_TS0,unknown,SOFT,0.15384615384615385,0.1,13,2,20
bpRNA_RFAM_22746,bpRNA_TS0,unknown,FLOPPY,0.0,0.0,11,0,20
bpRNA_RFAM_10644,bpRNA_TS0,unknown,FIRM,0.8333333333333334,0.2777777777777778,6,5,18
bpRNA_RFAM_10644,bpRNA_TS0,unknown,SOFT,0.0,0.0,8,0,18
bpRNA_RFAM_10644,bpRNA_TS0,unknown,FLOPPY,0.0,0.0,8,0,18
bpRNA_RFAM_22913,bpRNA_TS0,unknown,FIRM,0.7894736842105263,0.7692307692307693,38,30,39
bpRNA_RFAM_22913,bpRNA_TS0,unknown,SOFT,0.2857142857142857,0.05128205128205128,7,2,39
bpRNA_RFAM_22913,bpRNA_TS0,unknown,FLOPPY,0.6666666666666666,0.05128205128205128,3,2,39
bpRNA_RFAM_7940,bpRNA_TS0,unknown,FIRM,1.0,0.35294117647058826,6,6,17
bpRNA_RFAM_7940,bpRNA_TS0,unknown,SOFT,1.0,0.35294117647058826,6,6,17
bpRNA_RFAM_7940,bpRNA_TS0,unknown,FLOPPY,1.0,0.17647058823529413,3,3,17
bpRNA_RFAM_12780,bpRNA_TS0,unknown,FIRM,0.3,0.24,20,6,25
bpRNA_RFAM_12780,bpRNA_TS0,unknown,SOFT,0.06666666666666667,0.04,15,1,25
bpRNA_RFAM_12780,bpRNA_TS0,unknown,FLOPPY,0.0,0.0,9,0,25
bpRNA_RFAM_12995,bpRNA_TS0,unknown,FIRM,0.475,0.5135135135135135,40,19,37
bpRNA_RFAM_12995,bpRNA_TS0,unknown,SOFT,0.15384615384615385,0.05405405405405406,13,2,37
bpRNA_RFAM_12995,bpRNA_TS0,unknown,FLOPPY,0.25,0.02702702702702703,4,1,37
bpRNA_RFAM_41242,bpRNA_TS0,unknown,FIRM,0.9230769230769231,0.8571428571428571,26,24,28
bpRNA_RFAM_41242,bpRNA_TS0,unknown,SOFT,0.3333333333333333,0.03571428571428571,3,1,28
bpRNA_RFAM_41242,bpRNA_TS0,unknown,FLOPPY,,0.0,0,0,28
bpRNA_RFAM_11766,bpRNA_TS0,unknown,FIRM,0.15384615384615385,1.0,13,2,2
bpRNA_RFAM_11766,bpRNA_TS0,unknown,SOFT,0.0,0.0,17,0,2
bpRNA_RFAM_11766,bpRNA_TS0,unknown,FLOPPY,0.0,0.0,5,0,2
bpRNA_RFAM_5512,bpRNA_TS0,unknown,FIRM,0.8636363636363636,0.8260869565217391,22,19,23
bpRNA_RFAM_5512,bpRNA_TS0,unknown,SOFT,0.14285714285714285,0.043478260869565216,7,1,23
bpRNA_RFAM_5512,bpRNA_TS0,unknown,FLOPPY,0.0,0.0,3,0,23
bpRNA_RFAM_160,bpRNA_TS0,unknown,FIRM,0.0,0.0,12,0,27
bpRNA_RFAM_160,bpRNA_TS0,unknown,SOFT,0.15384615384615385,0.14814814814814814,26,4,27
bpRNA_RFAM_160,bpRNA_TS0,unknown,FLOPPY,,0.0,0,0,27
bpRNA_RFAM_16197,bpRNA_TS0,unknown,FIRM,0.8,0.43243243243243246,20,16,37
bpRNA_RFAM_16197,bpRNA_TS0,unknown,SOFT,0.15384615384615385,0.16216216216216217,39,6,37
bpRNA_RFAM_16197,bpRNA_TS0,unknown,FLOPPY,0.0,0.0,7,0,37
bpRNA_RFAM_40254,bpRNA_TS0,unknown,FIRM,0.8,0.5714285714285714,10,8,14
bpRNA_RFAM_40254,bpRNA_TS0,unknown,SOFT,0.0,0.0,2,0,14
bpRNA_RFAM_40254,bpRNA_TS0,unknown,FLOPPY,0.36363636363636365,0.2857142857142857,11,4,14
bpRNA_RFAM_6613,bpRNA_TS0,unknown,FIRM,0.0,0.0,19,0,3
bpRNA_RFAM_6613,bpRNA_TS0,unknown,SOFT,0.0,0.0,16,0,3
bpRNA_RFAM_6613,bpRNA_TS0,unknown,FLOPPY,0.0,0.0,7,0,3
bpRNA_RFAM_18802,bpRNA_TS0,unknown,FIRM,0.7727272727272727,0.9444444444444444,22,17,18
bpRNA_RFAM_18802,bpRNA_TS0,unknown,SOFT,0.2,0.05555555555555555,5,1,18
bpRNA_RFAM_18802,bpRNA_TS0,unknown,FLOPPY,,0.0,0,0,18
bpRNA_RFAM_24906,bpRNA_TS0,unknown,FIRM,0.6666666666666666,1.0,6,4,4
bpRNA_RFAM_24906,bpRNA_TS0,unknown,SOFT,0.0,0.0,17,0,4
bpRNA_RFAM_24906,bpRNA_TS0,unknown,FLOPPY,,0.0,0,0,4
bpRNA_RFAM_5189,bpRNA_TS0,unknown,FIRM,0.46511627906976744,0.425531914893617,43,20,47
bpRNA_RFAM_5189,bpRNA_TS0,unknown,SOFT,0.05555555555555555,0.02127659574468085,18,1,47
bpRNA_RFAM_5189,bpRNA_TS0,unknown,FLOPPY,0.0,0.0,13,0,47
bpRNA_RNP_414,bpRNA_TS0,unknown,FIRM,0.2345679012345679,0.3392857142857143,81,19,56
bpRNA_RNP_414,bpRNA_TS0,unknown,SOFT,0.19047619047619047,0.07142857142857142,21,4,56
bpRNA_RNP_414,bpRNA_TS0,unknown,FLOPPY,0.0625,0.03571428571428571,32,2,56
bpRNA_RFAM_36483,bpRNA_TS0,unknown,FIRM,1.0,1.0,11,11,11
bpRNA_RFAM_36483,bpRNA_TS0,unknown,SOFT,0.0,0.0,2,0,11
bpRNA_RFAM_36483,bpRNA_TS0,unknown,FLOPPY,0.0,0.0,4,0,11
bpRNA_RFAM_21238,bpRNA_TS0,unknown,FIRM,0.9642857142857143,0.9,28,27,30
bpRNA_RFAM_21238,bpRNA_TS0,unknown,SOFT,0.375,0.1,8,3,30
bpRNA_RFAM_21238,bpRNA_TS0,unknown,FLOPPY,0.0,0.0,3,0,30
bpRNA_RFAM_20621,bpRNA_TS0,unknown,FIRM,0.9047619047619048,1.0,21,19,19
bpRNA_RFAM_20621,bpRNA_TS0,unknown,SOFT,,0.0,0,0,19
bpRNA_RFAM_20621,bpRNA_TS0,unknown,FLOPPY,,0.0,0,0,19
bpRNA_RFAM_27096,bpRNA_TS0,unknown,FIRM,0.0,0.0,18,0,2
bpRNA_RFAM_27096,bpRNA_TS0,unknown,SOFT,,0.0,0,0,2
bpRNA_RFAM_27096,bpRNA_TS0,unknown,FLOPPY,0.0,0.0,7,0,2
bpRNA_RFAM_34740,bpRNA_TS0,unknown,FIRM,,0.0,0,0,14
bpRNA_RFAM_34740,bpRNA_TS0,unknown,SOFT,,0.0,0,0,14
bpRNA_RFAM_34740,bpRNA_TS0,unknown,FLOPPY,0.6666666666666666,0.8571428571428571,18,12,14
bpRNA_RFAM_32679,bpRNA_TS0,unknown,FIRM,,0.0,0,0,13
bpRNA_RFAM_32679,bpRNA_TS0,unknown,SOFT,0.0,0.0,11,0,13
bpRNA_RFAM_32679,bpRNA_TS0,unknown,FLOPPY,0.0,0.0,8,0,13
bpRNA_RFAM_37605,bpRNA_TS0,unknown,FIRM,0.8378378378378378,0.8611111111111112,37,31,36
bpRNA_RFAM_37605,bpRNA_TS0,unknown,SOFT,0.3333333333333333,0.027777777777777776,3,1,36
bpRNA_RFAM_37605,bpRNA_TS0,unknown,FLOPPY,0.5,0.05555555555555555,4,2,36
bpRNA_RFAM_4490,bpRNA_TS0,unknown,FIRM,0.5,1.0,8,4,4
bpRNA_RFAM_4490,bpRNA_TS0,unknown,SOFT,0.0,0.0,17,0,4
bpRNA_RFAM_4490,bpRNA_TS0,unknown,FLOPPY,0.0,0.0,23,0,4
bpRNA_RFAM_38307,bpRNA_TS0,unknown,FIRM,0.37037037037037035,0.4,54,20,50
bpRNA_RFAM_38307,bpRNA_TS0,unknown,SOFT,0.16666666666666666,0.02,6,1,50
bpRNA_RFAM_38307,bpRNA_TS0,unknown,FLOPPY,0.0,0.0,12,0,50
bpRNA_RFAM_15706,bpRNA_TS0,unknown,FIRM,0.3181818181818182,0.3888888888888889,22,7,18
bpRNA_RFAM_15706,bpRNA_TS0,unknown,SOFT,0.0,0.0,8,0,18
bpRNA_RFAM_15706,bpRNA_TS0,unknown,FLOPPY,,0.0,0,0,18
bpRNA_RFAM_23293,bpRNA_TS0,unknown,FIRM,0.8,0.6153846153846154,20,16,26
bpRNA_RFAM_23293,bpRNA_TS0,unknown,SOFT,1.0,0.2692307692307692,7,7,26
bpRNA_RFAM_23293,bpRNA_TS0,unknown,FLOPPY,0.0,0.0,1,0,26
bpRNA_RFAM_21832,bpRNA_TS0,unknown,FIRM,0.6851851851851852,0.9736842105263158,54,37,38
bpRNA_RFAM_21832,bpRNA_TS0,unknown,SOFT,0.5,0.02631578947368421,2,1,38
bpRNA_RFAM_21832,bpRNA_TS0,unknown,FLOPPY,,0.0,0,0,38
bpRNA_RFAM_11176,bpRNA_TS0,unknown,FIRM,0.875,0.84,24,21,25
bpRNA_RFAM_11176,bpRNA_TS0,unknown,SOFT,0.42857142857142855,0.12,7,3,25
bpRNA_RFAM_11176,bpRNA_TS0,unknown,FLOPPY,,0.0,0,0,25
bpRNA_RFAM_29070,bpRNA_TS0,unknown,FIRM,0.6875,0.9166666666666666,16,11,12
bpRNA_RFAM_29070,bpRNA_TS0,unknown,SOFT,1.0,0.08333333333333333,1,1,12
bpRNA_RFAM_29070,bpRNA_TS0,unknown,FLOPPY,,0.0,0,0,12
bpRNA_CRW_30722,bpRNA_TS0,unknown,FIRM,0.8333333333333334,0.5,12,10,20
bpRNA_CRW_30722,bpRNA_TS0,unknown,SOFT,0.6363636363636364,0.35,11,7,20
bpRNA_CRW_30722,bpRNA_TS0,unknown,FLOPPY,,0.0,0,0,20
bpRNA_RFAM_9130,bpRNA_TS0,unknown,FIRM,0.11627906976744186,0.19230769230769232,43,5,26
bpRNA_RFAM_9130,bpRNA_TS0,unknown,SOFT,0.047619047619047616,0.038461538461538464,21,1,26
bpRNA_RFAM_9130,bpRNA_TS0,unknown,FLOPPY,0.0,0.0,9,0,26
bpRNA_RFAM_6898,bpRNA_TS0,unknown,FIRM,0.0,0.0,16,0,11
bpRNA_RFAM_6898,bpRNA_TS0,unknown,SOFT,0.0,0.0,6,0,11
bpRNA_RFAM_6898,bpRNA_TS0,unknown,FLOPPY,,0.0,0,0,11
bpRNA_RFAM_2225,bpRNA_TS0,unknown,FIRM,0.8571428571428571,0.8571428571428571,14,12,14
bpRNA_RFAM_2225,bpRNA_TS0,unknown,SOFT,1.0,0.14285714285714285,2,2,14
bpRNA_RFAM_2225,bpRNA_TS0,unknown,FLOPPY,,0.0,0,0,14
bpRNA_RFAM_9133,bpRNA_TS0,unknown,FIRM,0.0,0.0,16,0,31
bpRNA_RFAM_9133,bpRNA_TS0,unknown,SOFT,0.047619047619047616,0.06451612903225806,42,2,31
bpRNA_RFAM_9133,bpRNA_TS0,unknown,FLOPPY,0.0,0.0,6,0,31
bpRNA_RFAM_21587,bpRNA_TS0,unknown,FIRM,0.9166666666666666,0.8461538461538461,24,22,26
bpRNA_RFAM_21587,bpRNA_TS0,unknown,SOFT,0.8,0.15384615384615385,5,4,26
bpRNA_RFAM_21587,bpRNA_TS0,unknown,FLOPPY,,0.0,0,0,26
bpRNA_CRW_20581,bpRNA_TS0,unknown,FIRM,0.5454545454545454,0.5217391304347826,66,36,69
bpRNA_CRW_20581,bpRNA_TS0,unknown,SOFT,0.16666666666666666,0.07246376811594203,30,5,69
bpRNA_CRW_20581,bpRNA_TS0,unknown,FLOPPY,0.0,0.0,19,0,69
bpRNA_RFAM_11843,bpRNA_TS0,unknown,FIRM,0.1724137931034483,1.0,29,5,5
bpRNA_RFAM_11843,bpRNA_TS0,unknown,SOFT,0.0,0.0,4,0,5
bpRNA_RFAM_11843,bpRNA_TS0,unknown,FLOPPY,0.0,0.0,3,0,5
bpRNA_tmRNA_340,bpRNA_TS0,unknown,FIRM,0.6923076923076923,0.3698630136986301,39,27,73
bpRNA_tmRNA_340,bpRNA_TS0,unknown,SOFT,0.022222222222222223,0.0136986301369863,45,1,73
bpRNA_tmRNA_340,bpRNA_TS0,unknown,FLOPPY,0.0,0.0,26,0,73
bpRNA_RFAM_1072,bpRNA_TS0,unknown,FIRM,0.5714285714285714,0.6666666666666666,49,28,42
bpRNA_RFAM_1072,bpRNA_TS0,unknown,SOFT,0.1,0.023809523809523808,10,1,42
bpRNA_RFAM_1072,bpRNA_TS0,unknown,FLOPPY,0.0,0.0,3,0,42
bpRNA_RFAM_22136,bpRNA_TS0,unknown,FIRM,1.0,0.8857142857142857,31,31,35
bpRNA_RFAM_22136,bpRNA_TS0,unknown,SOFT,0.4,0.05714285714285714,5,2,35
bpRNA_RFAM_22136,bpRNA_TS0,unknown,FLOPPY,,0.0,0,0,35
bpRNA_RFAM_1170,bpRNA_TS0,unknown,FIRM,0.2857142857142857,0.3157894736842105,21,6,19
bpRNA_RFAM_1170,bpRNA_TS0,unknown,SOFT,0.6666666666666666,0.21052631578947367,6,4,19
bpRNA_RFAM_1170,bpRNA_TS0,unknown,FLOPPY,,0.0,0,0,19
bpRNA_CRW_42293,bpRNA_TS0,unknown,FIRM,1.0,0.7619047619047619,16,16,21
bpRNA_CRW_42293,bpRNA_TS0,unknown,SOFT,1.0,0.14285714285714285,3,3,21
bpRNA_CRW_42293,bpRNA_TS0,unknown,FLOPPY,1.0,0.09523809523809523,2,2,21
bpRNA_RFAM_28373,bpRNA_TS0,unknown,FIRM,0.896551724137931,0.9629629629629629,29,26,27
bpRNA_RFAM_28373,bpRNA_TS0,unknown,SOFT,,0.0,0,0,27
bpRNA_RFAM_28373,bpRNA_TS0,unknown,FLOPPY,,0.0,0,0,27
bpRNA_RFAM_4326,bpRNA_TS0,unknown,FIRM,0.4634146341463415,0.3114754098360656,41,19,61
bpRNA_RFAM_4326,bpRNA_TS0,unknown,SOFT,0.07352941176470588,0.08196721311475409,68,5,61
bpRNA_RFAM_4326,bpRNA_TS0,unknown,FLOPPY,0.0,0.0,19,0,61
bpRNA_RFAM_22684,bpRNA_TS0,unknown,FIRM,0.46153846153846156,0.42857142857142855,13,6,14
bpRNA_RFAM_22684,bpRNA_TS0,unknown,SOFT,0.0,0.0,5,0,14
bpRNA_RFAM_22684,bpRNA_TS0,unknown,FLOPPY,,0.0,0,0,14
bpRNA_RFAM_25658,bpRNA_TS0,unknown,FIRM,0.0,0.0,26,0,21
bpRNA_RFAM_25658,bpRNA_TS0,unknown,SOFT,0.0,0.0,12,0,21
bpRNA_RFAM_25658,bpRNA_TS0,unknown,FLOPPY,,0.0,0,0,21
bpRNA_RFAM_41135,bpRNA_TS0,unknown,FIRM,0.72,0.8181818181818182,25,18,22
bpRNA_RFAM_41135,bpRNA_TS0,unknown,SOFT,0.0,0.0,4,0,22
bpRNA_RFAM_41135,bpRNA_TS0,unknown,FLOPPY,0.0,0.0,3,0,22
bpRNA_RFAM_21323,bpRNA_TS0,unknown,FIRM,0.8064516129032258,0.9259259259259259,31,25,27
bpRNA_RFAM_21323,bpRNA_TS0,unknown,SOFT,0.3333333333333333,0.037037037037037035,3,1,27
bpRNA_RFAM_21323,bpRNA_TS0,unknown,FLOPPY,,0.0,0,0,27
bpRNA_RFAM_16599,bpRNA_TS0,unknown,FIRM,0.7878787878787878,0.7222222222222222,33,26,36
bpRNA_RFAM_16599,bpRNA_TS0,unknown,SOFT,0.2,0.027777777777777776,5,1,36
bpRNA_RFAM_16599,bpRNA_TS0,unknown,FLOPPY,0.0,0.0,4,0,36
bpRNA_RFAM_8211,bpRNA_TS0,unknown,FIRM,0.875,0.2916666666666667,8,7,24
bpRNA_RFAM_8211,bpRNA_TS0,unknown,SOFT,0.0,0.0,5,0,24
bpRNA_RFAM_8211,bpRNA_TS0,unknown,FLOPPY,0.21052631578947367,0.16666666666666666,19,4,24
bpRNA_RFAM_848,bpRNA_TS0,unknown,FIRM,0.875,0.5526315789473685,24,21,38
bpRNA_RFAM_848,bpRNA_TS0,unknown,SOFT,0.18518518518518517,0.13157894736842105,27,5,38
bpRNA_RFAM_848,bpRNA_TS0,unknown,FLOPPY,0.0,0.0,3,0,38
bpRNA_RFAM_40155,bpRNA_TS0,unknown,FIRM,0.0,0.0,5,0,14
bpRNA_RFAM_40155,bpRNA_TS0,unknown,SOFT,0.0,0.0,1,0,14
bpRNA_RFAM_40155,bpRNA_TS0,unknown,FLOPPY,0.11428571428571428,0.2857142857142857,35,4,14
bpRNA_RFAM_22967,bpRNA_TS0,unknown,FIRM,0.9565217391304348,0.7857142857142857,23,22,28
bpRNA_RFAM_22967,bpRNA_TS0,unknown,SOFT,0.5714285714285714,0.14285714285714285,7,4,28
bpRNA_RFAM_22967,bpRNA_TS0,unknown,FLOPPY,0.5,0.07142857142857142,4,2,28
bpRNA_RFAM_35485,bpRNA_TS0,unknown,FIRM,,0.0,0,0,14
bpRNA_RFAM_35485,bpRNA_TS0,unknown,SOFT,0.0,0.0,4,0,14
bpRNA_RFAM_35485,bpRNA_TS0,unknown,FLOPPY,0.0,0.0,21,0,14
bpRNA_RFAM_20013,bpRNA_TS0,unknown,FIRM,0.5882352941176471,0.7142857142857143,17,10,14
bpRNA_RFAM_20013,bpRNA_TS0,unknown,SOFT,0.5,0.07142857142857142,2,1,14
bpRNA_RFAM_20013,bpRNA_TS0,unknown,FLOPPY,,0.0,0,0,14
bpRNA_RFAM_13722,bpRNA_TS0,unknown,FIRM,0.3157894736842105,0.3157894736842105,19,6,19
bpRNA_RFAM_13722,bpRNA_TS0,unknown,SOFT,0.1111111111111111,0.05263157894736842,9,1,19
bpRNA_RFAM_13722,bpRNA_TS0,unknown,FLOPPY,0.0,0.0,11,0,19
bpRNA_RFAM_13841,bpRNA_TS0,unknown,FIRM,,0.0,0,0,34
bpRNA_RFAM_13841,bpRNA_TS0,unknown,SOFT,0.0,0.0,15,0,34
bpRNA_RFAM_13841,bpRNA_TS0,unknown,FLOPPY,0.0,0.0,26,0,34
bpRNA_RFAM_37225,bpRNA_TS0,unknown,FIRM,1.0,0.8333333333333334,25,25,30
bpRNA_RFAM_37225,bpRNA_TS0,unknown,SOFT,0.6666666666666666,0.06666666666666667,3,2,30
bpRNA_RFAM_37225,bpRNA_TS0,unknown,FLOPPY,,0.0,0,0,30
bpRNA_RFAM_30812,bpRNA_TS0,unknown,FIRM,0.2727272727272727,0.24,22,6,25
bpRNA_RFAM_30812,bpRNA_TS0,unknown,SOFT,0.058823529411764705,0.04,17,1,25
bpRNA_RFAM_30812,bpRNA_TS0,unknown,FLOPPY,0.0,0.0,3,0,25
bpRNA_RFAM_36485,bpRNA_TS0,unknown,FIRM,0.5789473684210527,1.0,19,11,11
bpRNA_RFAM_36485,bpRNA_TS0,unknown,SOFT,0.0,0.0,2,0,11
bpRNA_RFAM_36485,bpRNA_TS0,unknown,FLOPPY,0.0,0.0,3,0,11
bpRNA_RFAM_35615,bpRNA_TS0,unknown,FIRM,0.9,1.0,10,9,9
bpRNA_RFAM_35615,bpRNA_TS0,unknown,SOFT,0.0,0.0,1,0,9
bpRNA_RFAM_35615,bpRNA_TS0,unknown,FLOPPY,,0.0,0,0,9
bpRNA_RFAM_39085,bpRNA_TS0,unknown,FIRM,0.7777777777777778,0.45161290322580644,18,14,31
bpRNA_RFAM_39085,bpRNA_TS0,unknown,SOFT,0.0,0.0,4,0,31
bpRNA_RFAM_39085,bpRNA_TS0,unknown,FLOPPY,0.0,0.0,35,0,31
bpRNA_RFAM_10508,bpRNA_TS0,unknown,FIRM,0.3157894736842105,0.12,19,6,50
bpRNA_RFAM_10508,bpRNA_TS0,unknown,SOFT,0.2894736842105263,0.22,38,11,50
bpRNA_RFAM_10508,bpRNA_TS0,unknown,FLOPPY,0.09090909090909091,0.02,11,1,50
bpRNA_RFAM_13954,bpRNA_TS0,unknown,FIRM,0.2903225806451613,0.391304347826087,31,9,23
bpRNA_RFAM_13954,bpRNA_TS0,unknown,SOFT,0.0,0.0,3,0,23
bpRNA_RFAM_13954,bpRNA_TS0,unknown,FLOPPY,0.0,0.0,3,0,23
bpRNA_RFAM_10779,bpRNA_TS0,unknown,FIRM,0.7619047619047619,0.7272727272727273,21,16,22
bpRNA_RFAM_10779,bpRNA_TS0,unknown,SOFT,0.375,0.13636363636363635,8,3,22
bpRNA_RFAM_10779,bpRNA_TS0,unknown,FLOPPY,1.0,0.09090909090909091,2,2,22
bpRNA_RFAM_35168,bpRNA_TS0,unknown,FIRM,0.9375,0.75,16,15,20
bpRNA_RFAM_35168,bpRNA_TS0,unknown,SOFT,1.0,0.15,3,3,20
bpRNA_RFAM_35168,bpRNA_TS0,unknown,FLOPPY,,0.0,0,0,20
bpRNA_RFAM_29085,bpRNA_TS0,unknown,FIRM,0.4489795918367347,0.5641025641025641,49,22,39
bpRNA_RFAM_29085,bpRNA_TS0,unknown,SOFT,0.35714285714285715,0.1282051282051282,14,5,39
bpRNA_RFAM_29085,bpRNA_TS0,unknown,FLOPPY,0.0,0.0,8,0,39
bpRNA_RFAM_14714,bpRNA_TS0,unknown,FIRM,1.0,0.35714285714285715,5,5,14
bpRNA_RFAM_14714,bpRNA_TS0,unknown,SOFT,0.0,0.0,15,0,14
bpRNA_RFAM_14714,bpRNA_TS0,unknown,FLOPPY,0.0,0.0,1,0,14
bpRNA_RFAM_23450,bpRNA_TS0,unknown,FIRM,0.7272727272727273,0.8888888888888888,11,8,9
bpRNA_RFAM_23450,bpRNA_TS0,unknown,SOFT,0.0,0.0,7,0,9
bpRNA_RFAM_23450,bpRNA_TS0,unknown,FLOPPY,,0.0,0,0,9
bpRNA_RFAM_20079,bpRNA_TS0,unknown,FIRM,0.625,1.0,32,20,20
bpRNA_RFAM_20079,bpRNA_TS0,unknown,SOFT,0.0,0.0,2,0,20
bpRNA_RFAM_20079,bpRNA_TS0,unknown,FLOPPY,0.0,0.0,5,0,20
bpRNA_RFAM_5782,bpRNA_TS0,unknown,FIRM,0.2962962962962963,0.4,27,8,20
bpRNA_RFAM_5782,bpRNA_TS0,unknown,SOFT,0.3333333333333333,0.2,12,4,20
bpRNA_RFAM_5782,bpRNA_TS0,unknown,FLOPPY,0.5,0.05,2,1,20
bpRNA_RFAM_38141,bpRNA_TS0,unknown,FIRM,0.7647058823529411,0.5,17,13,26
bpRNA_RFAM_38141,bpRNA_TS0,unknown,SOFT,0.3157894736842105,0.23076923076923078,19,6,26
bpRNA_RFAM_38141,bpRNA_TS0,unknown,FLOPPY,0.0,0.0,7,0,26
bpRNA_RFAM_16976,bpRNA_TS0,unknown,FIRM,0.48,0.6666666666666666,25,12,18
bpRNA_RFAM_16976,bpRNA_TS0,unknown,SOFT,0.625,0.2777777777777778,8,5,18
bpRNA_RFAM_16976,bpRNA_TS0,unknown,FLOPPY,0.0,0.0,1,0,18
bpRNA_RFAM_36422,bpRNA_TS0,unknown,FIRM,0.4642857142857143,0.48148148148148145,28,13,27
bpRNA_RFAM_36422,bpRNA_TS0,unknown,SOFT,0.125,0.037037037037037035,8,1,27
bpRNA_RFAM_36422,bpRNA_TS0,unknown,FLOPPY,0.0,0.0,1,0,27
bpRNA_RFAM_19667,bpRNA_TS0,unknown,FIRM,0.64,0.7272727272727273,25,16,22
bpRNA_RFAM_19667,bpRNA_TS0,unknown,SOFT,0.1111111111111111,0.045454545454545456,9,1,22
bpRNA_RFAM_19667,bpRNA_TS0,unknown,FLOPPY,0.0,0.0,1,0,22
bpRNA_RFAM_38849,bpRNA_TS0,unknown,FIRM,0.6666666666666666,0.5,12,8,16
bpRNA_RFAM_38849,bpRNA_TS0,unknown,SOFT,0.0,0.0,9,0,16
bpRNA_RFAM_38849,bpRNA_TS0,unknown,FLOPPY,,0.0,0,0,16
bpRNA_RFAM_23518,bpRNA_TS0,unknown,FIRM,0.0,0.0,5,0,4
bpRNA_RFAM_23518,bpRNA_TS0,unknown,SOFT,0.0,0.0,1,0,4
bpRNA_RFAM_23518,bpRNA_TS0,unknown,FLOPPY,,0.0,0,0,4
bpRNA_RFAM_12177,bpRNA_TS0,unknown,FIRM,0.9285714285714286,0.8666666666666667,14,13,15
bpRNA_RFAM_12177,bpRNA_TS0,unknown,SOFT,0.2,0.06666666666666667,5,1,15
bpRNA_RFAM_12177,bpRNA_TS0,unknown,FLOPPY,0.0,0.0,1,0,15
bpRNA_RFAM_37817,bpRNA_TS0,unknown,FIRM,,0.0,0,0,34
bpRNA_RFAM_37817,bpRNA_TS0,unknown,SOFT,0.45161290322580644,0.4117647058823529,31,14,34
bpRNA_RFAM_37817,bpRNA_TS0,unknown,FLOPPY,0.07142857142857142,0.029411764705882353,14,1,34
bpRNA_RFAM_6704,bpRNA_TS0,unknown,FIRM,0.6410256410256411,0.6097560975609756,39,25,41
bpRNA_RFAM_6704,bpRNA_TS0,unknown,SOFT,0.2,0.024390243902439025,5,1,41
bpRNA_RFAM_6704,bpRNA_TS0,unknown,FLOPPY,0.23076923076923078,0.07317073170731707,13,3,41
bpRNA_RFAM_13925,bpRNA_TS0,unknown,FIRM,0.5862068965517241,0.6538461538461539,29,17,26
bpRNA_RFAM_13925,bpRNA_TS0,unknown,SOFT,0.4,0.15384615384615385,10,4,26
bpRNA_RFAM_13925,bpRNA_TS0,unknown,FLOPPY,1.0,0.038461538461538464,1,1,26
bpRNA_RFAM_10243,bpRNA_TS0,unknown,FIRM,0.5048543689320388,0.5048543689320388,103,52,103
bpRNA_RFAM_10243,bpRNA_TS0,unknown,SOFT,0.13333333333333333,0.05825242718446602,45,6,103
bpRNA_RFAM_10243,bpRNA_TS0,unknown,FLOPPY,0.0,0.0,12,0,103
bpRNA_RFAM_6088,bpRNA_TS0,unknown,FIRM,0.0,0.0,3,0,3
bpRNA_RFAM_6088,bpRNA_TS0,unknown,SOFT,0.0,0.0,14,0,3
bpRNA_RFAM_6088,bpRNA_TS0,unknown,FLOPPY,0.0,0.0,2,0,3
bpRNA_CRW_28422,bpRNA_TS0,unknown,FIRM,1.0,0.8095238095238095,17,17,21
bpRNA_CRW_28422,bpRNA_TS0,unknown,SOFT,1.0,0.19047619047619047,4,4,21
bpRNA_CRW_28422,bpRNA_TS0,unknown,FLOPPY,,0.0,0,0,21
bpRNA_RFAM_13647,bpRNA_TS0,unknown,FIRM,0.5652173913043478,0.7647058823529411,23,13,17
bpRNA_RFAM_13647,bpRNA_TS0,unknown,SOFT,0.0,0.0,12,0,17
bpRNA_RFAM_13647,bpRNA_TS0,unknown,FLOPPY,0.0,0.0,3,0,17
bpRNA_RFAM_22534,bpRNA_TS0,unknown,FIRM,0.7741935483870968,0.9230769230769231,31,24,26
bpRNA_RFAM_22534,bpRNA_TS0,unknown,SOFT,0.5,0.038461538461538464,2,1,26
bpRNA_RFAM_22534,bpRNA_TS0,unknown,FLOPPY,,0.0,0,0,26
bpRNA_RFAM_18822,bpRNA_TS0,unknown,FIRM,0.6206896551724138,1.0,29,18,18
bpRNA_RFAM_18822,bpRNA_TS0,unknown,SOFT,0.0,0.0,12,0,18
bpRNA_RFAM_18822,bpRNA_TS0,unknown,FLOPPY,,0.0,0,0,18
bpRNA_RFAM_35475,bpRNA_TS0,unknown,FIRM,0.5757575757575758,0.7037037037037037,33,19,27
bpRNA_RFAM_35475,bpRNA_TS0,unknown,SOFT,0.5,0.18518518518518517,10,5,27
bpRNA_RFAM_35475,bpRNA_TS0,unknown,FLOPPY,0.0,0.0,2,0,27
bpRNA_RFAM_40808,bpRNA_TS0,unknown,FIRM,0.47058823529411764,0.7272727272727273,17,8,11
bpRNA_RFAM_40808,bpRNA_TS0,unknown,SOFT,0.0,0.0,2,0,11
bpRNA_RFAM_40808,bpRNA_TS0,unknown,FLOPPY,,0.0,0,0,11
bpRNA_RFAM_21294,bpRNA_TS0,unknown,FIRM,0.65,0.5909090909090909,20,13,22
bpRNA_RFAM_21294,bpRNA_TS0,unknown,SOFT,0.2,0.045454545454545456,5,1,22
bpRNA_RFAM_21294,bpRNA_TS0,unknown,FLOPPY,,0.0,0,0,22
bpRNA_RFAM_34934,bpRNA_TS0,unknown,FIRM,0.6666666666666666,0.9090909090909091,15,10,11
bpRNA_RFAM_34934,bpRNA_TS0,unknown,SOFT,1.0,0.09090909090909091,1,1,11
bpRNA_RFAM_34934,bpRNA_TS0,unknown,FLOPPY,,0.0,0,0,11
bpRNA_RFAM_1876,bpRNA_TS0,unknown,FIRM,0.9,0.47368421052631576,10,9,19
bpRNA_RFAM_1876,bpRNA_TS0,unknown,SOFT,1.0,0.5263157894736842,10,10,19
bpRNA_RFAM_1876,bpRNA_TS0,unknown,FLOPPY,,0.0,0,0,19
bpRNA_RFAM_33588,bpRNA_TS0,unknown,FIRM,0.9444444444444444,0.85,18,17,20
bpRNA_RFAM_33588,bpRNA_TS0,unknown,SOFT,0.0,0.0,4,0,20
bpRNA_RFAM_33588,bpRNA_TS0,unknown,FLOPPY,0.0,0.0,7,0,20
bpRNA_CRW_15923,bpRNA_TS0,unknown,FIRM,0.4406779661016949,0.7027027027027027,59,26,37
bpRNA_CRW_15923,bpRNA_TS0,unknown,SOFT,0.058823529411764705,0.02702702702702703,17,1,37
bpRNA_CRW_15923,bpRNA_TS0,unknown,FLOPPY,0.16666666666666666,0.02702702702702703,6,1,37
bpRNA_RFAM_34320,bpRNA_TS0,unknown,FIRM,0.9166666666666666,0.6470588235294118,12,11,17
bpRNA_RFAM_34320,bpRNA_TS0,unknown,SOFT,0.5,0.29411764705882354,10,5,17
bpRNA_RFAM_34320,bpRNA_TS0,unknown,FLOPPY,0.0,0.0,3,0,17
bpRNA_RFAM_24926,bpRNA_TS0,unknown,FIRM,0.0,0.0,3,0,3
bpRNA_RFAM_24926,bpRNA_TS0,unknown,SOFT,0.0,0.0,13,0,3
bpRNA_RFAM_24926,bpRNA_TS0,unknown,FLOPPY,0.0,0.0,1,0,3
bpRNA_RFAM_38402,bpRNA_TS0,unknown,FIRM,0.9545454545454546,0.40384615384615385,22,21,52
bpRNA_RFAM_38402,bpRNA_TS0,unknown,SOFT,0.3333333333333333,0.11538461538461539,18,6,52
bpRNA_RFAM_38402,bpRNA_TS0,unknown,FLOPPY,0.0,0.0,21,0,52
bpRNA_RFAM_25969,bpRNA_TS0,unknown,FIRM,1.0,0.46875,15,15,32
bpRNA_RFAM_25969,bpRNA_TS0,unknown,SOFT,0.14285714285714285,0.03125,7,1,32
bpRNA_RFAM_25969,bpRNA_TS0,unknown,FLOPPY,0.0,0.0,13,0,32
bpRNA_RFAM_7123,bpRNA_TS0,unknown,FIRM,0.5,0.6363636363636364,14,7,11
bpRNA_RFAM_7123,bpRNA_TS0,unknown,SOFT,0.25,0.09090909090909091,4,1,11
bpRNA_RFAM_7123,bpRNA_TS0,unknown,FLOPPY,0.0,0.0,2,0,11
bpRNA_RFAM_41254,bpRNA_TS0,unknown,FIRM,0.8636363636363636,1.0,22,19,19
bpRNA_RFAM_41254,bpRNA_TS0,unknown,SOFT,0.0,0.0,4,0,19
bpRNA_RFAM_41254,bpRNA_TS0,unknown,FLOPPY,0.0,0.0,1,0,19
bpRNA_RFAM_1839,bpRNA_TS0,unknown,FIRM,0.4,0.23529411764705882,10,4,17
bpRNA_RFAM_1839,bpRNA_TS0,unknown,SOFT,0.8,0.23529411764705882,5,4,17
bpRNA_RFAM_1839,bpRNA_TS0,unknown,FLOPPY,0.5,0.058823529411764705,2,1,17
bpRNA_RFAM_2001,bpRNA_TS0,unknown,FIRM,0.8571428571428571,0.631578947368421,14,12,19
bpRNA_RFAM_2001,bpRNA_TS0,unknown,SOFT,0.75,0.15789473684210525,4,3,19
bpRNA_RFAM_2001,bpRNA_TS0,unknown,FLOPPY,0.0,0.0,8,0,19
bpRNA_RFAM_26525,bpRNA_TS0,unknown,FIRM,1.0,0.391304347826087,9,9,23
bpRNA_RFAM_26525,bpRNA_TS0,unknown,SOFT,1.0,0.30434782608695654,7,7,23
bpRNA_RFAM_26525,bpRNA_TS0,unknown,FLOPPY,0.875,0.30434782608695654,8,7,23
bpRNA_RFAM_21498,bpRNA_TS0,unknown,FIRM,0.96875,0.9117647058823529,32,31,34
bpRNA_RFAM_21498,bpRNA_TS0,unknown,SOFT,0.3333333333333333,0.029411764705882353,3,1,34
bpRNA_RFAM_21498,bpRNA_TS0,unknown,FLOPPY,0.0,0.0,1,0,34
bpRNA_RFAM_10710,bpRNA_TS0,unknown,FIRM,0.8421052631578947,0.9411764705882353,19,16,17
bpRNA_RFAM_10710,bpRNA_TS0,unknown,SOFT,0.0,0.0,4,0,17
bpRNA_RFAM_10710,bpRNA_TS0,unknown,FLOPPY,,0.0,0,0,17
bpRNA_RFAM_8567,bpRNA_TS0,unknown,FIRM,0.8636363636363636,0.9047619047619048,22,19,21
bpRNA_RFAM_8567,bpRNA_TS0,unknown,SOFT,1.0,0.047619047619047616,1,1,21
bpRNA_RFAM_8567,bpRNA_TS0,unknown,FLOPPY,,0.0,0,0,21
bpRNA_RFAM_6130,bpRNA_TS0,unknown,FIRM,0.9,1.0,20,18,18
bpRNA_RFAM_6130,bpRNA_TS0,unknown,SOFT,0.0,0.0,17,0,18
bpRNA_RFAM_6130,bpRNA_TS0,unknown,FLOPPY,0.0,0.0,1,0,18
bpRNA_RFAM_27159,bpRNA_TS0,unknown,FIRM,0.0,0.0,3,0,29
bpRNA_RFAM_27159,bpRNA_TS0,unknown,SOFT,0.7272727272727273,0.27586206896551724,11,8,29
bpRNA_RFAM_27159,bpRNA_TS0,unknown,FLOPPY,0.4375,0.2413793103448276,16,7,29
bpRNA_RFAM_10621,bpRNA_TS0,unknown,FIRM,0.1956521739130435,0.15789473684210525,46,9,57
bpRNA_RFAM_10621,bpRNA_TS0,unknown,SOFT,0.10526315789473684,0.07017543859649122,38,4,57
bpRNA_RFAM_10621,bpRNA_TS0,unknown,FLOPPY,0.0,0.0,12,0,57
bpRNA_RFAM_10103,bpRNA_TS0,unknown,FIRM,0.3333333333333333,1.0,12,4,4
bpRNA_RFAM_10103,bpRNA_TS0,unknown,SOFT,0.0,0.0,12,0,4
bpRNA_RFAM_10103,bpRNA_TS0,unknown,FLOPPY,,0.0,0,0,4
bpRNA_RFAM_9022,bpRNA_TS0,unknown,FIRM,0.2631578947368421,0.35714285714285715,38,10,28
bpRNA_RFAM_9022,bpRNA_TS0,unknown,SOFT,0.04,0.03571428571428571,25,1,28
bpRNA_RFAM_9022,bpRNA_TS0,unknown,FLOPPY,,0.0,0,0,28
bpRNA_RFAM_40305,bpRNA_TS0,unknown,FIRM,0.7142857142857143,0.6818181818181818,21,15,22
bpRNA_RFAM_40305,bpRNA_TS0,unknown,SOFT,0.4,0.09090909090909091,5,2,22
bpRNA_RFAM_40305,bpRNA_TS0,unknown,FLOPPY,0.0,0.0,1,0,22
bpRNA_RFAM_42316,bpRNA_TS0,unknown,FIRM,0.23255813953488372,0.3125,43,10,32
bpRNA_RFAM_42316,bpRNA_TS0,unknown,SOFT,0.0,0.0,3,0,32
bpRNA_RFAM_42316,bpRNA_TS0,unknown,FLOPPY,0.0,0.0,20,0,32
bpRNA_RFAM_5462,bpRNA_TS0,unknown,FIRM,0.4782608695652174,0.5238095238095238,23,11,21
bpRNA_RFAM_5462,bpRNA_TS0,unknown,SOFT,0.2,0.047619047619047616,5,1,21
bpRNA_RFAM_5462,bpRNA_TS0,unknown,FLOPPY,0.0,0.0,7,0,21
bpRNA_RFAM_18510,bpRNA_TS0,unknown,FIRM,0.4642857142857143,1.0,56,26,26
bpRNA_RFAM_18510,bpRNA_TS0,unknown,SOFT,0.0,0.0,15,0,26
bpRNA_RFAM_18510,bpRNA_TS0,unknown,FLOPPY,,0.0,0,0,26
bpRNA_RFAM_10600,bpRNA_TS0,unknown,FIRM,0.21428571428571427,0.1956521739130435,42,9,46
bpRNA_RFAM_10600,bpRNA_TS0,unknown,SOFT,0.08333333333333333,0.021739130434782608,12,1,46
bpRNA_RFAM_10600,bpRNA_TS0,unknown,FLOPPY,0.0,0.0,23,0,46
bpRNA_RFAM_42507,bpRNA_TS0,unknown,FIRM,0.48,0.7058823529411765,25,12,17
bpRNA_RFAM_42507,bpRNA_TS0,unknown,SOFT,0.21428571428571427,0.17647058823529413,14,3,17
bpRNA_RFAM_42507,bpRNA_TS0,unknown,FLOPPY,0.0,0.0,12,0,17
bpRNA_RFAM_12790,bpRNA_TS0,unknown,FIRM,0.21212121212121213,0.2916666666666667,33,7,24
bpRNA_RFAM_12790,bpRNA_TS0,unknown,SOFT,0.0,0.0,20,0,24
bpRNA_RFAM_12790,bpRNA_TS0,unknown,FLOPPY,0.0,0.0,13,0,24
bpRNA_RFAM_19839,bpRNA_TS0,unknown,FIRM,0.7619047619047619,0.64,21,16,25
bpRNA_RFAM_19839,bpRNA_TS0,unknown,SOFT,0.1,0.04,10,1,25
bpRNA_RFAM_19839,bpRNA_TS0,unknown,FLOPPY,,0.0,0,0,25
bpRNA_RFAM_11730,bpRNA_TS0,unknown,FIRM,0.0,0.0,21,0,2
bpRNA_RFAM_11730,bpRNA_TS0,unknown,SOFT,0.0,0.0,5,0,2
bpRNA_RFAM_11730,bpRNA_TS0,unknown,FLOPPY,0.0,0.0,7,0,2
bpRNA_RFAM_9344,bpRNA_TS0,unknown,FIRM,0.8,0.0975609756097561,5,4,41
bpRNA_RFAM_9344,bpRNA_TS0,unknown,SOFT,0.4838709677419355,0.36585365853658536,31,15,41
bpRNA_RFAM_9344,bpRNA_TS0,unknown,FLOPPY,0.26666666666666666,0.0975609756097561,15,4,41
bpRNA_RFAM_11713,bpRNA_TS0,unknown,FIRM,0.0,0.0,17,0,1
bpRNA_RFAM_11713,bpRNA_TS0,unknown,SOFT,0.0,0.0,4,0,1
bpRNA_RFAM_11713,bpRNA_TS0,unknown,FLOPPY,0.0,0.0,1,0,1
bpRNA_RFAM_22485,bpRNA_TS0,unknown,FIRM,0.0,0.0,24,0,21
bpRNA_RFAM_22485,bpRNA_TS0,unknown,SOFT,0.0,0.0,5,0,21
bpRNA_RFAM_22485,bpRNA_TS0,unknown,FLOPPY,,0.0,0,0,21
bpRNA_RFAM_35232,bpRNA_TS0,unknown,FIRM,0.5,0.3783783783783784,28,14,37
bpRNA_RFAM_35232,bpRNA_TS0,unknown,SOFT,0.7916666666666666,0.5135135135135135,24,19,37
bpRNA_RFAM_35232,bpRNA_TS0,unknown,FLOPPY,0.0,0.0,4,0,37
bpRNA_RFAM_1569,bpRNA_TS0,unknown,FIRM,0.9090909090909091,0.5,11,10,20
bpRNA_RFAM_1569,bpRNA_TS0,unknown,SOFT,1.0,0.25,5,5,20
bpRNA_RFAM_1569,bpRNA_TS0,unknown,FLOPPY,0.0,0.0,6,0,20
bpRNA_RFAM_8134,bpRNA_TS0,unknown,FIRM,0.6451612903225806,0.8,31,20,25
bpRNA_RFAM_8134,bpRNA_TS0,unknown,SOFT,,0.0,0,0,25
bpRNA_RFAM_8134,bpRNA_TS0,unknown,FLOPPY,0.0,0.0,2,0,25
bpRNA_RFAM_23201,bpRNA_TS0,unknown,FIRM,1.0,1.0,9,9,9
bpRNA_RFAM_23201,bpRNA_TS0,unknown,SOFT,,0.0,0,0,9
bpRNA_RFAM_23201,bpRNA_TS0,unknown,FLOPPY,0.0,0.0,2,0,9
bpRNA_RFAM_8564,bpRNA_TS0,unknown,FIRM,,0.0,0,0,20
bpRNA_RFAM_8564,bpRNA_TS0,unknown,SOFT,1.0,0.8,16,16,20
bpRNA_RFAM_8564,bpRNA_TS0,unknown,FLOPPY,0.375,0.15,8,3,20
bpRNA_RFAM_9337,bpRNA_TS0,unknown,FIRM,0.28125,0.43902439024390244,64,18,41
bpRNA_RFAM_9337,bpRNA_TS0,unknown,SOFT,0.35714285714285715,0.12195121951219512,14,5,41
bpRNA_RFAM_9337,bpRNA_TS0,unknown,FLOPPY,0.0,0.0,4,0,41
bpRNA_CRW_53705,bpRNA_TS0,unknown,FIRM,0.5263157894736842,0.47619047619047616,19,10,21
bpRNA_CRW_53705,bpRNA_TS0,unknown,SOFT,0.25,0.047619047619047616,4,1,21
bpRNA_CRW_53705,bpRNA_TS0,unknown,FLOPPY,0.0,0.0,1,0,21
bpRNA_SPR_599,bpRNA_TS0,unknown,FIRM,0.5714285714285714,0.5714285714285714,21,12,21
bpRNA_SPR_599,bpRNA_TS0,unknown,SOFT,0.0,0.0,5,0,21
bpRNA_SPR_599,bpRNA_TS0,unknown,FLOPPY,,0.0,0,0,21
bpRNA_RFAM_12833,bpRNA_TS0,unknown,FIRM,0.6060606060606061,0.7692307692307693,33,20,26
bpRNA_RFAM_12833,bpRNA_TS0,unknown,SOFT,0.6666666666666666,0.15384615384615385,6,4,26
bpRNA_RFAM_12833,bpRNA_TS0,unknown,FLOPPY,,0.0,0,0,26
bpRNA_RFAM_3615,bpRNA_TS0,unknown,FIRM,0.7714285714285715,0.9,35,27,30
bpRNA_RFAM_3615,bpRNA_TS0,unknown,SOFT,0.4,0.06666666666666667,5,2,30
bpRNA_RFAM_3615,bpRNA_TS0,unknown,FLOPPY,,0.0,0,0,30
bpRNA_RFAM_8993,bpRNA_TS0,unknown,FIRM,0.5,0.5128205128205128,40,20,39
bpRNA_RFAM_8993,bpRNA_TS0,unknown,SOFT,0.0,0.0,14,0,39
bpRNA_RFAM_8993,bpRNA_TS0,unknown,FLOPPY,0.0,0.0,10,0,39
bpRNA_RFAM_7681,bpRNA_TS0,unknown,FIRM,,0.0,0,0,4
bpRNA_RFAM_7681,bpRNA_TS0,unknown,SOFT,0.0,0.0,7,0,4
bpRNA_RFAM_7681,bpRNA_TS0,unknown,FLOPPY,0.0,0.0,14,0,4
bpRNA_RFAM_4846,bpRNA_TS0,unknown,FIRM,1.0,0.8333333333333334,5,5,6
bpRNA_RFAM_4846,bpRNA_TS0,unknown,SOFT,1.0,0.16666666666666666,1,1,6
bpRNA_RFAM_4846,bpRNA_TS0,unknown,FLOPPY,0.0,0.0,6,0,6
bpRNA_RFAM_27221,bpRNA_TS0,unknown,FIRM,0.8292682926829268,0.9714285714285714,41,34,35
bpRNA_RFAM_27221,bpRNA_TS0,unknown,SOFT,0.0,0.0,7,0,35
bpRNA_RFAM_27221,bpRNA_TS0,unknown,FLOPPY,0.0,0.0,1,0,35
bpRNA_RFAM_24640,bpRNA_TS0,unknown,FIRM,0.6458333333333334,0.7209302325581395,48,31,43
bpRNA_RFAM_24640,bpRNA_TS0,unknown,SOFT,0.5,0.06976744186046512,6,3,43
bpRNA_RFAM_24640,bpRNA_TS0,unknown,FLOPPY,,0.0,0,0,43
bpRNA_RFAM_20791,bpRNA_TS0,unknown,FIRM,0.1,0.2727272727272727,30,3,11
bpRNA_RFAM_20791,bpRNA_TS0,unknown,SOFT,,0.0,0,0,11
bpRNA_RFAM_20791,bpRNA_TS0,unknown,FLOPPY,0.0,0.0,1,0,11
bpRNA_RFAM_27160,bpRNA_TS0,unknown,FIRM,1.0,0.7073170731707317,29,29,41
bpRNA_RFAM_27160,bpRNA_TS0,unknown,SOFT,0.6666666666666666,0.14634146341463414,9,6,41
bpRNA_RFAM_27160,bpRNA_TS0,unknown,FLOPPY,0.25,0.024390243902439025,4,1,41
bpRNA_RFAM_22730,bpRNA_TS0,unknown,FIRM,0.8,0.18181818181818182,5,4,22
bpRNA_RFAM_22730,bpRNA_TS0,unknown,SOFT,0.75,0.2727272727272727,8,6,22
bpRNA_RFAM_22730,bpRNA_TS0,unknown,FLOPPY,0.0,0.0,13,0,22
bpRNA_RFAM_34572,bpRNA_TS0,unknown,FIRM,0.5333333333333333,0.3333333333333333,15,8,24
bpRNA_RFAM_34572,bpRNA_TS0,unknown,SOFT,0.15384615384615385,0.08333333333333333,13,2,24
bpRNA_RFAM_34572,bpRNA_TS0,unknown,FLOPPY,0.2,0.041666666666666664,5,1,24
bpRNA_RFAM_16526,bpRNA_TS0,unknown,FIRM,0.5,0.16666666666666666,8,4,24
bpRNA_RFAM_16526,bpRNA_TS0,unknown,SOFT,0.06666666666666667,0.041666666666666664,15,1,24
bpRNA_RFAM_16526,bpRNA_TS0,unknown,FLOPPY,0.25,0.25,24,6,24
bpRNA_RFAM_26695,bpRNA_TS0,unknown,FIRM,0.7872340425531915,0.45121951219512196,47,37,82
bpRNA_RFAM_26695,bpRNA_TS0,unknown,SOFT,0.6,0.21951219512195122,30,18,82
bpRNA_RFAM_26695,bpRNA_TS0,unknown,FLOPPY,0.07692307692307693,0.012195121951219513,13,1,82
bpRNA_RFAM_38525,bpRNA_TS0,unknown,FIRM,0.8064516129032258,0.6944444444444444,31,25,36
bpRNA_RFAM_38525,bpRNA_TS0,unknown,SOFT,0.42857142857142855,0.16666666666666666,14,6,36
bpRNA_RFAM_38525,bpRNA_TS0,unknown,FLOPPY,0.0,0.0,1,0,36
bpRNA_RFAM_11966,bpRNA_TS0,unknown,FIRM,0.0,0.0,9,0,4
bpRNA_RFAM_11966,bpRNA_TS0,unknown,SOFT,0.0,0.0,2,0,4
bpRNA_RFAM_11966,bpRNA_TS0,unknown,FLOPPY,,0.0,0,0,4
bpRNA_CRW_25624,bpRNA_TS0,unknown,FIRM,1.0,0.3,6,6,20
bpRNA_CRW_25624,bpRNA_TS0,unknown,SOFT,,0.0,0,0,20
bpRNA_CRW_25624,bpRNA_TS0,unknown,FLOPPY,0.5555555555555556,0.5,18,10,20
bpRNA_RFAM_38600,bpRNA_TS0,unknown,FIRM,0.5714285714285714,0.2,7,4,20
bpRNA_RFAM_38600,bpRNA_TS0,unknown,SOFT,0.13793103448275862,0.2,29,4,20
bpRNA_RFAM_38600,bpRNA_TS0,unknown,FLOPPY,0.0,0.0,10,0,20
bpRNA_SRP_192,bpRNA_TS0,unknown,FIRM,0.0,0.0,8,0,0
bpRNA_SRP_192,bpRNA_TS0,unknown,SOFT,0.0,0.0,7,0,0
bpRNA_SRP_192,bpRNA_TS0,unknown,FLOPPY,0.0,0.0,9,0,0
bpRNA_RFAM_7581,bpRNA_TS0,unknown,FIRM,0.2727272727272727,0.9,33,9,10
bpRNA_RFAM_7581,bpRNA_TS0,unknown,SOFT,0.25,0.1,4,1,10
bpRNA_RFAM_7581,bpRNA_TS0,unknown,FLOPPY,0.0,0.0,1,0,10
bpRNA_RFAM_14056,bpRNA_TS0,unknown,FIRM,0.9354838709677419,0.8787878787878788,31,29,33
bpRNA_RFAM_14056,bpRNA_TS0,unknown,SOFT,0.42857142857142855,0.09090909090909091,7,3,33
bpRNA_RFAM_14056,bpRNA_TS0,unknown,FLOPPY,0.0,0.0,4,0,33
bpRNA_RFAM_12054,bpRNA_TS0,unknown,FIRM,0.0,0.0,11,0,5
bpRNA_RFAM_12054,bpRNA_TS0,unknown,SOFT,0.0,0.0,11,0,5
bpRNA_RFAM_12054,bpRNA_TS0,unknown,FLOPPY,,0.0,0,0,5
bpRNA_RFAM_5970,bpRNA_TS0,unknown,FIRM,1.0,0.9411764705882353,16,16,17
bpRNA_RFAM_5970,bpRNA_TS0,unknown,SOFT,0.0,0.0,6,0,17
bpRNA_RFAM_5970,bpRNA_TS0,unknown,FLOPPY,0.0,0.0,3,0,17
bpRNA_RFAM_21279,bpRNA_TS0,unknown,FIRM,1.0,0.65625,21,21,32
bpRNA_RFAM_21279,bpRNA_TS0,unknown,SOFT,0.6428571428571429,0.28125,14,9,32
bpRNA_RFAM_21279,bpRNA_TS0,unknown,FLOPPY,0.0,0.0,1,0,32
bpRNA_RFAM_42448,bpRNA_TS0,unknown,FIRM,0.6578947368421053,1.0,38,25,25
bpRNA_RFAM_42448,bpRNA_TS0,unknown,SOFT,,0.0,0,0,25
bpRNA_RFAM_42448,bpRNA_TS0,unknown,FLOPPY,,0.0,0,0,25
bpRNA_RFAM_16638,bpRNA_TS0,unknown,FIRM,0.05263157894736842,0.06349206349206349,76,4,63
bpRNA_RFAM_16638,bpRNA_TS0,unknown,SOFT,0.0,0.0,16,0,63
bpRNA_RFAM_16638,bpRNA_TS0,unknown,FLOPPY,0.0,0.0,20,0,63
bpRNA_RFAM_30236,bpRNA_TS0,unknown,FIRM,0.4,0.8,10,4,5
bpRNA_RFAM_30236,bpRNA_TS0,unknown,SOFT,0.5,0.2,2,1,5
bpRNA_RFAM_30236,bpRNA_TS0,unknown,FLOPPY,,0.0,0,0,5
bpRNA_RFAM_23022,bpRNA_TS0,unknown,FIRM,,0.0,0,0,29
bpRNA_RFAM_23022,bpRNA_TS0,unknown,SOFT,0.0,0.0,38,0,29
bpRNA_RFAM_23022,bpRNA_TS0,unknown,FLOPPY,0.0,0.0,2,0,29
bpRNA_RFAM_32064,bpRNA_TS0,unknown,FIRM,0.0,0.0,8,0,2
bpRNA_RFAM_32064,bpRNA_TS0,unknown,SOFT,0.0,0.0,10,0,2
bpRNA_RFAM_32064,bpRNA_TS0,unknown,FLOPPY,,0.0,0,0,2
bpRNA_RFAM_2595,bpRNA_TS0,unknown,FIRM,0.6626506024096386,0.5612244897959183,83,55,98
bpRNA_RFAM_2595,bpRNA_TS0,unknown,SOFT,0.5185185185185185,0.14285714285714285,27,14,98
bpRNA_RFAM_2595,bpRNA_TS0,unknown,FLOPPY,0.18518518518518517,0.05102040816326531,27,5,98
bpRNA_RFAM_6139,bpRNA_TS0,unknown,FIRM,0.48717948717948717,0.95,39,19,20
bpRNA_RFAM_6139,bpRNA_TS0,unknown,SOFT,0.3333333333333333,0.05,3,1,20
bpRNA_RFAM_6139,bpRNA_TS0,unknown,FLOPPY,,0.0,0,0,20
bpRNA_RFAM_26745,bpRNA_TS0,unknown,FIRM,0.8571428571428571,0.35294117647058826,7,6,17
bpRNA_RFAM_26745,bpRNA_TS0,unknown,SOFT,0.25,0.058823529411764705,4,1,17
bpRNA_RFAM_26745,bpRNA_TS0,unknown,FLOPPY,0.0,0.0,27,0,17
bpRNA_SPR_196,bpRNA_TS0,unknown,FIRM,0.8235294117647058,0.6666666666666666,17,14,21
bpRNA_SPR_196,bpRNA_TS0,unknown,SOFT,1.0,0.09523809523809523,2,2,21
bpRNA_SPR_196,bpRNA_TS0,unknown,FLOPPY,0.0,0.0,3,0,21
bpRNA_RFAM_5352,bpRNA_TS0,unknown,FIRM,0.5882352941176471,0.8333333333333334,17,10,12
bpRNA_RFAM_5352,bpRNA_TS0,unknown,SOFT,0.0,0.0,2,0,12
bpRNA_RFAM_5352,bpRNA_TS0,unknown,FLOPPY,,0.0,0,0,12
bpRNA_CRW_25167,bpRNA_TS0,unknown,FIRM,0.6666666666666666,0.6666666666666666,21,14,21
bpRNA_CRW_25167,bpRNA_TS0,unknown,SOFT,0.5,0.14285714285714285,6,3,21
bpRNA_CRW_25167,bpRNA_TS0,unknown,FLOPPY,,0.0,0,0,21
bpRNA_RFAM_6935,bpRNA_TS0,unknown,FIRM,0.0,0.0,5,0,9
bpRNA_RFAM_6935,bpRNA_TS0,unknown,SOFT,0.0,0.0,11,0,9
bpRNA_RFAM_6935,bpRNA_TS0,unknown,FLOPPY,0.0,0.0,2,0,9
bpRNA_RFAM_26683,bpRNA_TS0,unknown,FIRM,,0.0,0,0,22
bpRNA_RFAM_26683,bpRNA_TS0,unknown,SOFT,0.0,0.0,14,0,22
bpRNA_RFAM_26683,bpRNA_TS0,unknown,FLOPPY,0.0,0.0,41,0,22
bpRNA_RFAM_14381,bpRNA_TS0,unknown,FIRM,0.9090909090909091,0.5555555555555556,11,10,18
bpRNA_RFAM_14381,bpRNA_TS0,unknown,SOFT,0.5,0.05555555555555555,2,1,18
bpRNA_RFAM_14381,bpRNA_TS0,unknown,FLOPPY,0.4117647058823529,0.3888888888888889,17,7,18
bpRNA_RFAM_16704,bpRNA_TS0,unknown,FIRM,0.2564102564102564,0.3125,39,10,32
bpRNA_RFAM_16704,bpRNA_TS0,unknown,SOFT,0.4,0.0625,5,2,32
bpRNA_RFAM_16704,bpRNA_TS0,unknown,FLOPPY,,0.0,0,0,32
bpRNA_RFAM_24804,bpRNA_TS0,unknown,FIRM,0.9705882352941176,0.532258064516129,68,66,124
bpRNA_RFAM_24804,bpRNA_TS0,unknown,SOFT,0.90625,0.23387096774193547,32,29,124
bpRNA_RFAM_24804,bpRNA_TS0,unknown,FLOPPY,1.0,0.23387096774193547,29,29,124
bpRNA_RFAM_15485,bpRNA_TS0,unknown,FIRM,0.4,1.0,20,8,8
bpRNA_RFAM_15485,bpRNA_TS0,unknown,SOFT,0.0,0.0,1,0,8
bpRNA_RFAM_15485,bpRNA_TS0,unknown,FLOPPY,0.0,0.0,2,0,8
bpRNA_RFAM_14635,bpRNA_TS0,unknown,FIRM,0.7419354838709677,0.8518518518518519,31,23,27
bpRNA_RFAM_14635,bpRNA_TS0,unknown,SOFT,0.3333333333333333,0.037037037037037035,3,1,27
bpRNA_RFAM_14635,bpRNA_TS0,unknown,FLOPPY,0.0,0.0,1,0,27
bpRNA_RFAM_6874,bpRNA_TS0,unknown,FIRM,0.3333333333333333,0.42857142857142855,9,3,7
bpRNA_RFAM_6874,bpRNA_TS0,unknown,SOFT,0.0,0.0,9,0,7
bpRNA_RFAM_6874,bpRNA_TS0,unknown,FLOPPY,0.0,0.0,1,0,7
AE001437.1/136141-136243,Rfam_seed,RF01854,FIRM,0.9354838709677419,0.8787878787878788,31,29,33
AE001437.1/136141-136243,Rfam_seed,RF01854,SOFT,0.6666666666666666,0.06060606060606061,3,2,33
AE001437.1/136141-136243,Rfam_seed,RF01854,FLOPPY,,0.0,0,0,33
K00787.1/2-165,Rfam_seed,RF00003,FIRM,0.7058823529411765,0.27906976744186046,17,12,43
K00787.1/2-165,Rfam_seed,RF00003,SOFT,0.8823529411764706,0.6976744186046512,34,30,43
K00787.1/2-165,Rfam_seed,RF00003,FLOPPY,0.25,0.023255813953488372,4,1,43
L22246.1/3195-3356,Rfam_seed,RF00003,FIRM,0.7619047619047619,0.3902439024390244,21,16,41
L22246.1/3195-3356,Rfam_seed,RF00003,SOFT,0.0,0.0,3,0,41
L22246.1/3195-3356,Rfam_seed,RF00003,FLOPPY,0.0,0.0,28,0,41
AB118748.1/319-422,Rfam_seed,RF00059,FIRM,0.0,0.0,22,0,18
AB118748.1/319-422,Rfam_seed,RF00059,SOFT,0.0,0.0,9,0,18
AB118748.1/319-422,Rfam_seed,RF00059,FLOPPY,0.0,0.0,2,0,18
AAMO01000002.1/442801-442402,Rfam_seed,RF00010,FIRM,0.7301587301587301,0.4742268041237113,63,46,97
AAMO01000002.1/442801-442402,Rfam_seed,RF00010,SOFT,0.3333333333333333,0.061855670103092786,18,6,97
AAMO01000002.1/442801-442402,Rfam_seed,RF00010,FLOPPY,0.0,0.0,43,0,97
AL596168.1/161626-161717,Rfam_seed,RF00504,FIRM,0.8333333333333334,0.7142857142857143,18,15,21
AL596168.1/161626-161717,Rfam_seed,RF00504,SOFT,0.3333333333333333,0.14285714285714285,9,3,21
AL596168.1/161626-161717,Rfam_seed,RF00504,FLOPPY,,0.0,0,0,21
AAAA02007064.1/44912-44768,Rfam_seed,RF00015,FIRM,0.8181818181818182,0.72,22,18,25
AAAA02007064.1/44912-44768,Rfam_seed,RF00015,SOFT,0.1111111111111111,0.08,18,2,25
AAAA02007064.1/44912-44768,Rfam_seed,RF00015,FLOPPY,0.1111111111111111,0.04,9,1,25
AAKW01000074.1/145450-145799,Rfam_seed,RF00010,FIRM,0.9722222222222222,0.35714285714285715,36,35,98
AAKW01000074.1/145450-145799,Rfam_seed,RF00010,SOFT,0.4772727272727273,0.21428571428571427,44,21,98
AAKW01000074.1/145450-145799,Rfam_seed,RF00010,FLOPPY,0.0,0.0,29,0,98
AE004439.1/116056-116172,Rfam_seed,RF00504,FIRM,0.5666666666666667,0.85,30,17,20
AE004439.1/116056-116172,Rfam_seed,RF00504,SOFT,0.5,0.05,2,1,20
AE004439.1/116056-116172,Rfam_seed,RF00504,FLOPPY,,0.0,0,0,20
AE015929.1/2101479-2101588,Rfam_seed,RF00059,FIRM,0.8947368421052632,0.6296296296296297,19,17,27
AE015929.1/2101479-2101588,Rfam_seed,RF00059,SOFT,0.5,0.18518518518518517,10,5,27
AE015929.1/2101479-2101588,Rfam_seed,RF00059,FLOPPY,0.0,0.0,2,0,27
AP006716.1/888948-889158,Rfam_seed,RF00234,FIRM,0.5,0.7142857142857143,50,25,35
AP006716.1/888948-889158,Rfam_seed,RF00234,SOFT,0.0,0.0,13,0,35
AP006716.1/888948-889158,Rfam_seed,RF00234,FLOPPY,,0.0,0,0,35
J00645.1/51-213,Rfam_seed,RF00003,FIRM,0.625,0.11363636363636363,8,5,44
J00645.1/51-213,Rfam_seed,RF00003,SOFT,0.23809523809523808,0.11363636363636363,21,5,44
J00645.1/51-213,Rfam_seed,RF00003,FLOPPY,0.24,0.13636363636363635,25,6,44
AAOX01000002.1/320062-320165,Rfam_seed,RF00162,FIRM,0.8148148148148148,0.7096774193548387,27,22,31
AAOX01000002.1/320062-320165,Rfam_seed,RF00162,SOFT,0.16666666666666666,0.03225806451612903,6,1,31
AAOX01000002.1/320062-320165,Rfam_seed,RF00162,FLOPPY,,0.0,0,0,31
AACY020322622.1/575-479,Rfam_seed,RF00162,FIRM,0.84,0.8076923076923077,25,21,26
AACY020322622.1/575-479,Rfam_seed,RF00162,SOFT,0.6666666666666666,0.07692307692307693,3,2,26
AACY020322622.1/575-479,Rfam_seed,RF00162,FLOPPY,,0.0,0,0,26
AY198213.1/1-163,Rfam_seed,RF00003,FIRM,0.9230769230769231,0.2926829268292683,13,12,41
AY198213.1/1-163,Rfam_seed,RF00003,SOFT,0.5,0.024390243902439025,2,1,41
AY198213.1/1-163,Rfam_seed,RF00003,FLOPPY,0.358974358974359,0.34146341463414637,39,14,41
AF270378.1/2268-2051,Rfam_seed,RF00234,FIRM,0.5925925925925926,0.8421052631578947,54,32,38
AF270378.1/2268-2051,Rfam_seed,RF00234,SOFT,0.0,0.0,15,0,38
AF270378.1/2268-2051,Rfam_seed,RF00234,FLOPPY,0.0,0.0,1,0,38
AB015590.1/1-119,Rfam_seed,RF00001,FIRM,0.26666666666666666,0.24242424242424243,30,8,33
AB015590.1/1-119,Rfam_seed,RF00001,SOFT,0.0,0.0,10,0,33
AB015590.1/1-119,Rfam_seed,RF00001,FLOPPY,0.0,0.0,1,0,33
AF114034.1/6052-6168,Rfam_seed,RF00001,FIRM,0.5714285714285714,0.25806451612903225,14,8,31
AF114034.1/6052-6168,Rfam_seed,RF00001,SOFT,0.21428571428571427,0.0967741935483871,14,3,31
AF114034.1/6052-6168,Rfam_seed,RF00001,FLOPPY,0.2,0.06451612903225806,10,2,31
AACY023318861.1/904-508,Rfam_seed,RF00023,FIRM,0.6666666666666666,0.2727272727272727,27,18,66
AACY023318861.1/904-508,Rfam_seed,RF00023,SOFT,0.25,0.15151515151515152,40,10,66
AACY023318861.1/904-508,Rfam_seed,RF00023,FLOPPY,0.0,0.0,42,0,66
AACT01041609.1/35558-35664,Rfam_seed,RF00026,FIRM,0.23529411764705882,0.8,17,4,5
AACT01041609.1/35558-35664,Rfam_seed,RF00026,SOFT,0.0,0.0,6,0,5
AACT01041609.1/35558-35664,Rfam_seed,RF00026,FLOPPY,0.16666666666666666,0.2,6,1,5
BA000004.3/1819757-1819575,Rfam_seed,RF00168,FIRM,0.6744186046511628,0.6304347826086957,43,29,46
BA000004.3/1819757-1819575,Rfam_seed,RF00168,SOFT,0.7,0.15217391304347827,10,7,46
BA000004.3/1819757-1819575,Rfam_seed,RF00168,FLOPPY,0.75,0.06521739130434782,4,3,46
K02430.1/690-853,Rfam_seed,RF00003,FIRM,0.43902439024390244,0.4,41,18,45
K02430.1/690-853,Rfam_seed,RF00003,SOFT,0.0,0.0,12,0,45
K02430.1/690-853,Rfam_seed,RF00003,FLOPPY,1.0,0.022222222222222223,1,1,45
AB042432.1/3845-3913,Rfam_seed,RF00005,FIRM,1.0,0.5555555555555556,10,10,18
AB042432.1/3845-3913,Rfam_seed,RF00005,SOFT,0.09090909090909091,0.05555555555555555,11,1,18
AB042432.1/3845-3913,Rfam_seed,RF00005,FLOPPY,,0.0,0,0,18
AB001488.1/62222-62293,Rfam_seed,RF00005,FIRM,0.7272727272727273,0.8,22,16,20
AB001488.1/62222-62293,Rfam_seed,RF00005,SOFT,1.0,0.05,1,1,20
AB001488.1/62222-62293,Rfam_seed,RF00005,FLOPPY,,0.0,0,0,20
AACW02000228.1/581455-581260,Rfam_seed,RF00004,FIRM,0.6875,0.5116279069767442,32,22,43
AACW02000228.1/581455-581260,Rfam_seed,RF00004,SOFT,0.5263157894736842,0.23255813953488372,19,10,43
AACW02000228.1/581455-581260,Rfam_seed,RF00004,FLOPPY,0.125,0.023255813953488372,8,1,43
ABJD02000101.1/1953821-1953650,Rfam_seed,RF00380,FIRM,0.8,0.7111111111111111,40,32,45
ABJD02000101.1/1953821-1953650,Rfam_seed,RF00380,SOFT,0.07142857142857142,0.022222222222222223,14,1,45
ABJD02000101.1/1953821-1953650,Rfam_seed,RF00380,FLOPPY,0.0,0.0,2,0,45
AADN03004790.1/7381-7092,Rfam_seed,RF00017,FIRM,0.8088235294117647,0.5851063829787234,68,55,94
AADN03004790.1/7381-7092,Rfam_seed,RF00017,SOFT,0.6153846153846154,0.0851063829787234,13,8,94
AADN03004790.1/7381-7092,Rfam_seed,RF00017,FLOPPY,0.058823529411764705,0.010638297872340425,17,1,94
AAAP01002228.1/195-393,Rfam_seed,RF00174,FIRM,0.42857142857142855,0.39473684210526316,35,15,38
AAAP01002228.1/195-393,Rfam_seed,RF00174,SOFT,0.07142857142857142,0.02631578947368421,14,1,38
AAAP01002228.1/195-393,Rfam_seed,RF00174,FLOPPY,0.0,0.0,11,0,38
J00318.1/433-596,Rfam_seed,RF00003,FIRM,0.85,0.37777777777777777,20,17,45
J00318.1/433-596,Rfam_seed,RF00003,SOFT,0.125,0.022222222222222223,8,1,45
J00318.1/433-596,Rfam_seed,RF00003,FLOPPY,0.038461538461538464,0.022222222222222223,26,1,45
AE015929.1/2386853-2386584,Rfam_seed,RF01854,FIRM,0.8444444444444444,0.4418604651162791,45,38,86
AE015929.1/2386853-2386584,Rfam_seed,RF01854,SOFT,0.7428571428571429,0.3023255813953488,35,26,86
AE015929.1/2386853-2386584,Rfam_seed,RF01854,FLOPPY,0.5833333333333334,0.08139534883720931,12,7,86
AAJM01000138.1/2313-2480,Rfam_seed,RF00380,FIRM,0.8444444444444444,0.8444444444444444,45,38,45
AAJM01000138.1/2313-2480,Rfam_seed,RF00380,SOFT,0.6666666666666666,0.044444444444444446,3,2,45
AAJM01000138.1/2313-2480,Rfam_seed,RF00380,FLOPPY,,0.0,0,0,45
AAEK01000025.1/41573-41430,Rfam_seed,RF00050,FIRM,0.6333333333333333,0.7307692307692307,30,19,26
AAEK01000025.1/41573-41430,Rfam_seed,RF00050,SOFT,0.4444444444444444,0.15384615384615385,9,4,26
AAEK01000025.1/41573-41430,Rfam_seed,RF00050,FLOPPY,0.0,0.0,1,0,26
AAMR01000003.1/106610-106709,Rfam_seed,RF00167,FIRM,,0.0,0,0,18
AAMR01000003.1/106610-106709,Rfam_seed,RF00167,SOFT,1.0,0.9444444444444444,17,17,18
AAMR01000003.1/106610-106709,Rfam_seed,RF00167,FLOPPY,0.0,0.0,4,0,18
AJ301559.2/6784-6876,Rfam_seed,RF00504,FIRM,0.0,0.0,18,0,19
AJ301559.2/6784-6876,Rfam_seed,RF00504,SOFT,0.0,0.0,10,0,19
AJ301559.2/6784-6876,Rfam_seed,RF00504,FLOPPY,,0.0,0,0,19
AACV01009611.1/38269-38167,Rfam_seed,RF00026,FIRM,0.4166666666666667,1.0,12,5,5
AACV01009611.1/38269-38167,Rfam_seed,RF00026,SOFT,0.0,0.0,9,0,5
AACV01009611.1/38269-38167,Rfam_seed,RF00026,FLOPPY,0.0,0.0,4,0,5
AAOX01000028.1/42464-42565,Rfam_seed,RF00167,FIRM,1.0,0.6842105263157895,13,13,19
AAOX01000028.1/42464-42565,Rfam_seed,RF00167,SOFT,1.0,0.3157894736842105,6,6,19
AAOX01000028.1/42464-42565,Rfam_seed,RF00167,FLOPPY,,0.0,0,0,19
AB013372.1/8-81,Rfam_seed,RF00005,FIRM,1.0,0.2857142857142857,6,6,21
AB013372.1/8-81,Rfam_seed,RF00005,SOFT,1.0,0.047619047619047616,1,1,21
AB013372.1/8-81,Rfam_seed,RF00005,FLOPPY,0.0,0.0,16,0,21
AACT01038002.1/337-622,Rfam_seed,RF00017,FIRM,0.7205882352941176,0.5697674418604651,68,49,86
AACT01038002.1/337-622,Rfam_seed,RF00017,SOFT,0.1724137931034483,0.05813953488372093,29,5,86
AACT01038002.1/337-622,Rfam_seed,RF00017,FLOPPY,0.0,0.0,7,0,86
AF051555.1/130-236,Rfam_seed,RF00001,FIRM,1.0,0.16666666666666666,5,5,30
AF051555.1/130-236,Rfam_seed,RF00001,SOFT,0.47619047619047616,0.3333333333333333,21,10,30
AF051555.1/130-236,Rfam_seed,RF00001,FLOPPY,0.0,0.0,6,0,30
AE008691.1/1826408-1826312,Rfam_seed,RF00504,FIRM,0.7037037037037037,0.9047619047619048,27,19,21
AE008691.1/1826408-1826312,Rfam_seed,RF00504,SOFT,0.0,0.0,1,0,21
AE008691.1/1826408-1826312,Rfam_seed,RF00504,FLOPPY,,0.0,0,0,21
ACFR01000004.1/173539-173639,Rfam_seed,RF01854,FIRM,0.8888888888888888,0.48484848484848486,18,16,33
ACFR01000004.1/173539-173639,Rfam_seed,RF01854,SOFT,0.875,0.21212121212121213,8,7,33
ACFR01000004.1/173539-173639,Rfam_seed,RF01854,FLOPPY,1.0,0.21212121212121213,7,7,33
AAEQ01000019.1/51159-51260,Rfam_seed,RF00167,FIRM,1.0,0.5789473684210527,11,11,19
AAEQ01000019.1/51159-51260,Rfam_seed,RF00167,SOFT,0.5454545454545454,0.3157894736842105,11,6,19
AAEQ01000019.1/51159-51260,Rfam_seed,RF00167,FLOPPY,0.3333333333333333,0.05263157894736842,3,1,19
AB042240.3/6758-6687,Rfam_seed,RF00005,FIRM,1.0,0.5,10,10,20
AB042240.3/6758-6687,Rfam_seed,RF00005,SOFT,0.875,0.35,8,7,20
AB042240.3/6758-6687,Rfam_seed,RF00005,FLOPPY,1.0,0.15,3,3,20
AACP01000036.1/91007-91135,Rfam_seed,RF00015,FIRM,1.0,0.5833333333333334,14,14,24
AACP01000036.1/91007-91135,Rfam_seed,RF00015,SOFT,0.17391304347826086,0.16666666666666666,23,4,24
AACP01000036.1/91007-91135,Rfam_seed,RF00015,FLOPPY,0.0,0.0,3,0,24
AAXV01000026.1/31334-31233,Rfam_seed,RF00167,FIRM,1.0,0.9047619047619048,19,19,21
AAXV01000026.1/31334-31233,Rfam_seed,RF00167,SOFT,0.5,0.047619047619047616,2,1,21
AAXV01000026.1/31334-31233,Rfam_seed,RF00167,FLOPPY,,0.0,0,0,21
AM263198.1/720655-720850,Rfam_seed,RF00234,FIRM,0.78125,0.6756756756756757,32,25,37
AM263198.1/720655-720850,Rfam_seed,RF00234,SOFT,0.5263157894736842,0.2702702702702703,19,10,37
AM263198.1/720655-720850,Rfam_seed,RF00234,FLOPPY,0.0,0.0,3,0,37
AC025951.19/16428-16528,Rfam_seed,RF01854,FIRM,0.8888888888888888,0.48484848484848486,18,16,33
AC025951.19/16428-16528,Rfam_seed,RF01854,SOFT,0.75,0.09090909090909091,4,3,33
AC025951.19/16428-16528,Rfam_seed,RF01854,FLOPPY,1.0,0.3333333333333333,11,11,33
AACY022149992.1/529-635,Rfam_seed,RF00026,FIRM,0.21052631578947367,0.8,19,4,5
AACY022149992.1/529-635,Rfam_seed,RF00026,SOFT,0.0,0.0,6,0,5
AACY022149992.1/529-635,Rfam_seed,RF00026,FLOPPY,0.2,0.2,5,1,5
AADD01137944.1/11247-10949,Rfam_seed,RF00017,FIRM,0.3611111111111111,0.12871287128712872,36,13,101
AADD01137944.1/11247-10949,Rfam_seed,RF00017,SOFT,0.04878048780487805,0.019801980198019802,41,2,101
AADD01137944.1/11247-10949,Rfam_seed,RF00017,FLOPPY,0.0,0.0,27,0,101
AB042432.1/14140-14072,Rfam_seed,RF00005,FIRM,0.8235294117647058,0.6666666666666666,17,14,21
AB042432.1/14140-14072,Rfam_seed,RF00005,SOFT,0.2857142857142857,0.09523809523809523,7,2,21
AB042432.1/14140-14072,Rfam_seed,RF00005,FLOPPY,,0.0,0,0,21
AACA01000784.1/509-337,Rfam_seed,RF00004,FIRM,0.7058823529411765,0.375,17,12,32
AACA01000784.1/509-337,Rfam_seed,RF00004,SOFT,0.038461538461538464,0.03125,26,1,32
AACA01000784.1/509-337,Rfam_seed,RF00004,FLOPPY,0.0,0.0,11,0,32
AACM02000196.1/54942-55125,Rfam_seed,RF00015,FIRM,0.391304347826087,0.4090909090909091,23,9,22
AACM02000196.1/54942-55125,Rfam_seed,RF00015,SOFT,0.058823529411764705,0.045454545454545456,17,1,22
AACM02000196.1/54942-55125,Rfam_seed,RF00015,FLOPPY,0.42857142857142855,0.4090909090909091,21,9,22
ABDQ01000005.1/49327-49153,Rfam_seed,RF00168,FIRM,0.8529411764705882,0.6744186046511628,34,29,43
ABDQ01000005.1/49327-49153,Rfam_seed,RF00168,SOFT,0.47368421052631576,0.20930232558139536,19,9,43
ABDQ01000005.1/49327-49153,Rfam_seed,RF00168,FLOPPY,0.0,0.0,3,0,43
AB042240.3/84552-84472,Rfam_seed,RF00005,FIRM,0.35,0.35,20,7,20
AB042240.3/84552-84472,Rfam_seed,RF00005,SOFT,0.0,0.0,3,0,20
AB042240.3/84552-84472,Rfam_seed,RF00005,FLOPPY,0.0,0.0,6,0,20
AACF01000119.1/10356-10566,Rfam_seed,RF00015,FIRM,0.35,0.28,20,7,25
AACF01000119.1/10356-10566,Rfam_seed,RF00015,SOFT,0.29411764705882354,0.4,34,10,25
AACF01000119.1/10356-10566,Rfam_seed,RF00015,FLOPPY,0.4444444444444444,0.16,9,4,25
AAFA03000004.1/17757-17410,Rfam_seed,RF00023,FIRM,0.5789473684210527,0.29333333333333333,38,22,75
AAFA03000004.1/17757-17410,Rfam_seed,RF00023,SOFT,0.12,0.08,50,6,75
AAFA03000004.1/17757-17410,Rfam_seed,RF00023,FLOPPY,0.0,0.0,14,0,75
AAMD01000084.1/10237-10454,Rfam_seed,RF00174,FIRM,0.575,0.5609756097560976,40,23,41
AAMD01000084.1/10237-10454,Rfam_seed,RF00174,SOFT,0.0,0.0,14,0,41
AAMD01000084.1/10237-10454,Rfam_seed,RF00174,FLOPPY,0.0,0.0,10,0,41
AY198212.1/1-163,Rfam_seed,RF00003,FIRM,0.8095238095238095,0.425,21,17,40
AY198212.1/1-163,Rfam_seed,RF00003,SOFT,0.2222222222222222,0.15,27,6,40
AY198212.1/1-163,Rfam_seed,RF00003,FLOPPY,0.0,0.0,1,0,40
AALV01000001.1/486810-487025,Rfam_seed,RF00174,FIRM,0.15789473684210525,0.14285714285714285,38,6,42
AALV01000001.1/486810-487025,Rfam_seed,RF00174,SOFT,0.0,0.0,15,0,42
AALV01000001.1/486810-487025,Rfam_seed,RF00174,FLOPPY,0.0,0.0,9,0,42
AABS01000318.1/14425-14147,Rfam_seed,RF00017,FIRM,0.810126582278481,0.7111111111111111,79,64,90
AABS01000318.1/14425-14147,Rfam_seed,RF00017,SOFT,0.5,0.05555555555555555,10,5,90
AABS01000318.1/14425-14147,Rfam_seed,RF00017,FLOPPY,0.0,0.0,8,0,90
AACD01000007.1/178412-178544,Rfam_seed,RF00015,FIRM,1.0,0.8260869565217391,19,19,23
AACD01000007.1/178412-178544,Rfam_seed,RF00015,SOFT,0.2857142857142857,0.08695652173913043,7,2,23
AACD01000007.1/178412-178544,Rfam_seed,RF00015,FLOPPY,0.0,0.0,15,0,23
ABWM02000004.1/570492-570323,Rfam_seed,RF00380,FIRM,0.8536585365853658,0.7954545454545454,41,35,44
ABWM02000004.1/570492-570323,Rfam_seed,RF00380,SOFT,0.6,0.06818181818181818,5,3,44
ABWM02000004.1/570492-570323,Rfam_seed,RF00380,FLOPPY,0.0,0.0,2,0,44
AAOX01000023.1/19446-19345,Rfam_seed,RF00167,FIRM,1.0,0.9523809523809523,20,20,21
AAOX01000023.1/19446-19345,Rfam_seed,RF00167,SOFT,,0.0,0,0,21
AAOX01000023.1/19446-19345,Rfam_seed,RF00167,FLOPPY,0.0,0.0,2,0,21
AACE03000008.2/905684-905797,Rfam_seed,RF00026,FIRM,0.1724137931034483,1.0,29,5,5
AACE03000008.2/905684-905797,Rfam_seed,RF00026,SOFT,0.0,0.0,9,0,5
AACE03000008.2/905684-905797,Rfam_seed,RF00026,FLOPPY,0.0,0.0,1,0,5
AE007869.2/2541937-2541826,Rfam_seed,RF00059,FIRM,0.5833333333333334,0.28,12,7,25
AE007869.2/2541937-2541826,Rfam_seed,RF00059,SOFT,0.125,0.04,8,1,25
AE007869.2/2541937-2541826,Rfam_seed,RF00059,FLOPPY,0.2727272727272727,0.12,11,3,25
AAVL02000037.1/263157-262991,Rfam_seed,RF00380,FIRM,0.7916666666666666,0.5135135135135135,24,19,37
AAVL02000037.1/263157-262991,Rfam_seed,RF00380,SOFT,0.3333333333333333,0.2702702702702703,30,10,37
AAVL02000037.1/263157-262991,Rfam_seed,RF00380,FLOPPY,0.0,0.0,1,0,37
AAFX01031538.1/449-804,Rfam_seed,RF00023,FIRM,0.4594594594594595,0.5074626865671642,74,34,67
AAFX01031538.1/449-804,Rfam_seed,RF00023,SOFT,0.21875,0.1044776119402985,32,7,67
AAFX01031538.1/449-804,Rfam_seed,RF00023,FLOPPY,0.0,0.0,8,0,67
AAQG01000002.1/124283-124671,Rfam_seed,RF00010,FIRM,0.7228915662650602,0.6185567010309279,83,60,97
AAQG01000002.1/124283-124671,Rfam_seed,RF00010,SOFT,0.4666666666666667,0.14432989690721648,30,14,97
AAQG01000002.1/124283-124671,Rfam_seed,RF00010,FLOPPY,0.25,0.030927835051546393,12,3,97
AE016879.1/25115-25379,Rfam_seed,RF01854,FIRM,0.8909090909090909,0.5833333333333334,55,49,84
AE016879.1/25115-25379,Rfam_seed,RF01854,SOFT,0.28125,0.10714285714285714,32,9,84
AE016879.1/25115-25379,Rfam_seed,RF01854,FLOPPY,0.125,0.011904761904761904,8,1,84
AF368293.1/5-274,Rfam_seed,RF01854,FIRM,1.0,0.07142857142857142,6,6,84
AF368293.1/5-274,Rfam_seed,RF01854,SOFT,0.0,0.0,7,0,84
AF368293.1/5-274,Rfam_seed,RF01854,FLOPPY,0.0,0.0,76,0,84
AACH01000157.1/7933-7821,Rfam_seed,RF00026,FIRM,0.2631578947368421,1.0,19,5,5
AACH01000157.1/7933-7821,Rfam_seed,RF00026,SOFT,0.0,0.0,17,0,5
AACH01000157.1/7933-7821,Rfam_seed,RF00026,FLOPPY,0.0,0.0,2,0,5
AB031214.1/4204-4277,Rfam_seed,RF00005,FIRM,1.0,0.3333333333333333,7,7,21
AB031214.1/4204-4277,Rfam_seed,RF00005,SOFT,0.2631578947368421,0.23809523809523808,19,5,21
AB031214.1/4204-4277,Rfam_seed,RF00005,FLOPPY,,0.0,0,0,21
AJ938182.1/468421-468690,Rfam_seed,RF01854,FIRM,1.0,0.07142857142857142,6,6,84
AJ938182.1/468421-468690,Rfam_seed,RF01854,SOFT,0.0,0.0,7,0,84
AJ938182.1/468421-468690,Rfam_seed,RF01854,FLOPPY,0.0,0.0,76,0,84
AAFX01011285.1/689-521,Rfam_seed,RF00380,FIRM,0.875,0.6363636363636364,32,28,44
AAFX01011285.1/689-521,Rfam_seed,RF00380,SOFT,0.5384615384615384,0.1590909090909091,13,7,44
AAFX01011285.1/689-521,Rfam_seed,RF00380,FLOPPY,0.2,0.022727272727272728,5,1,44
AAAA02039738.1/1593-1956,Rfam_seed,RF00023,FIRM,0.8157894736842105,0.43661971830985913,38,31,71
AAAA02039738.1/1593-1956,Rfam_seed,RF00023,SOFT,0.44,0.15492957746478872,25,11,71
AAAA02039738.1/1593-1956,Rfam_seed,RF00023,FLOPPY,0.0,0.0,45,0,71
AACG02000194.1/7974-8086,Rfam_seed,RF00026,FIRM,0.2631578947368421,1.0,19,5,5
AACG02000194.1/7974-8086,Rfam_seed,RF00026,SOFT,0.0,0.0,13,0,5
AACG02000194.1/7974-8086,Rfam_seed,RF00026,FLOPPY,0.0,0.0,6,0,5
AALV01000003.1/110855-110657,Rfam_seed,RF00174,FIRM,0.17647058823529413,0.16216216216216217,34,6,37
AALV01000003.1/110855-110657,Rfam_seed,RF00174,SOFT,0.0,0.0,8,0,37
AALV01000003.1/110855-110657,Rfam_seed,RF00174,FLOPPY,0.0,0.0,21,0,37
AACY022501423.1/463-646,Rfam_seed,RF00380,FIRM,0.7446808510638298,0.8333333333333334,47,35,42
AACY022501423.1/463-646,Rfam_seed,RF00380,SOFT,0.6666666666666666,0.14285714285714285,9,6,42
AACY022501423.1/463-646,Rfam_seed,RF00380,FLOPPY,,0.0,0,0,42
AE008691.1/1930427-1930616,Rfam_seed,RF00168,FIRM,0.711864406779661,0.875,59,42,48
AE008691.1/1930427-1930616,Rfam_seed,RF00168,SOFT,0.5,0.020833333333333332,2,1,48
AE008691.1/1930427-1930616,Rfam_seed,RF00168,FLOPPY,0.3333333333333333,0.020833333333333332,3,1,48
J00914.1/146-309,Rfam_seed,RF00003,FIRM,0.3333333333333333,0.044444444444444446,6,2,45
J00914.1/146-309,Rfam_seed,RF00003,SOFT,0.2,0.08888888888888889,20,4,45
J00914.1/146-309,Rfam_seed,RF00003,FLOPPY,0.0,0.0,25,0,45
AE015927.1/24077-23975,Rfam_seed,RF01854,FIRM,0.9032258064516129,0.875,31,28,32
AE015927.1/24077-23975,Rfam_seed,RF01854,SOFT,0.6666666666666666,0.0625,3,2,32
AE015927.1/24077-23975,Rfam_seed,RF01854,FLOPPY,,0.0,0,0,32
AE017355.1/2242861-2242742,Rfam_seed,RF00504,FIRM,0.36363636363636365,0.42105263157894735,22,8,19
AE017355.1/2242861-2242742,Rfam_seed,RF00504,SOFT,0.75,0.3157894736842105,8,6,19
AE017355.1/2242861-2242742,Rfam_seed,RF00504,FLOPPY,0.0,0.0,5,0,19
AACT01025682.1/5142-5415,Rfam_seed,RF00017,FIRM,0.6582278481012658,0.6419753086419753,79,52,81
AACT01025682.1/5142-5415,Rfam_seed,RF00017,SOFT,0.29411764705882354,0.06172839506172839,17,5,81
AACT01025682.1/5142-5415,Rfam_seed,RF00017,FLOPPY,0.0,0.0,1,0,81
AACY020397167.1/942-809,Rfam_seed,RF00015,FIRM,0.6666666666666666,0.64,24,16,25
AACY020397167.1/942-809,Rfam_seed,RF00015,SOFT,0.3333333333333333,0.16,12,4,25
AACY020397167.1/942-809,Rfam_seed,RF00015,FLOPPY,0.0,0.0,6,0,25
AB042240.3/82974-82901,Rfam_seed,RF00005,FIRM,1.0,0.5789473684210527,11,11,19
AB042240.3/82974-82901,Rfam_seed,RF00005,SOFT,1.0,0.3684210526315789,7,7,19
AB042240.3/82974-82901,Rfam_seed,RF00005,FLOPPY,1.0,0.05263157894736842,1,1,19
AATE01006899.1/660-546,Rfam_seed,RF00050,FIRM,0.5789473684210527,0.4583333333333333,19,11,24
AATE01006899.1/660-546,Rfam_seed,RF00050,SOFT,0.625,0.20833333333333334,8,5,24
AATE01006899.1/660-546,Rfam_seed,RF00050,FLOPPY,1.0,0.08333333333333333,2,2,24
AAOF01000005.1/51333-50979,Rfam_seed,RF00010,FIRM,0.5283018867924528,0.27722772277227725,53,28,101
AAOF01000005.1/51333-50979,Rfam_seed,RF00010,SOFT,0.35294117647058826,0.0594059405940594,17,6,101
AAOF01000005.1/51333-50979,Rfam_seed,RF00010,FLOPPY,0.046511627906976744,0.019801980198019802,43,2,101
AAGP01000051.1/20859-21226,Rfam_seed,RF00010,FIRM,0.765625,0.5104166666666666,64,49,96
AAGP01000051.1/20859-21226,Rfam_seed,RF00010,SOFT,0.47368421052631576,0.1875,38,18,96
AAGP01000051.1/20859-21226,Rfam_seed,RF00010,FLOPPY,0.11764705882352941,0.020833333333333332,17,2,96
AAOX01000016.1/69993-70130,Rfam_seed,RF00050,FIRM,0.6470588235294118,0.44,17,11,25
AAOX01000016.1/69993-70130,Rfam_seed,RF00050,SOFT,0.4,0.16,10,4,25
AAOX01000016.1/69993-70130,Rfam_seed,RF00050,FLOPPY,0.5333333333333333,0.32,15,8,25
AABZ01000001.1/29367-29202,Rfam_seed,RF00015,FIRM,0.4375,0.30434782608695654,16,7,23
AABZ01000001.1/29367-29202,Rfam_seed,RF00015,SOFT,0.0,0.0,7,0,23
AABZ01000001.1/29367-29202,Rfam_seed,RF00015,FLOPPY,0.0,0.0,24,0,23
AABZ01000169.1/11839-11668,Rfam_seed,RF00004,FIRM,0.9,0.28125,10,9,32
AABZ01000169.1/11839-11668,Rfam_seed,RF00004,SOFT,0.26666666666666666,0.125,15,4,32
AABZ01000169.1/11839-11668,Rfam_seed,RF00004,FLOPPY,0.0,0.0,24,0,32
AAOU01000016.1/100989-100601,Rfam_seed,RF00010,FIRM,0.7755102040816326,0.4,49,38,95
AAOU01000016.1/100989-100601,Rfam_seed,RF00010,SOFT,0.10204081632653061,0.05263157894736842,49,5,95
AAOU01000016.1/100989-100601,Rfam_seed,RF00010,FLOPPY,0.06451612903225806,0.021052631578947368,31,2,95
AAOH01000003.1/223452-223841,Rfam_seed,RF00010,FIRM,0.6739130434782609,0.3229166666666667,46,31,96
AAOH01000003.1/223452-223841,Rfam_seed,RF00010,SOFT,0.35294117647058826,0.1875,51,18,96
AAOH01000003.1/223452-223841,Rfam_seed,RF00010,FLOPPY,0.0,0.0,22,0,96
ABQP01000004.1/146576-146420,Rfam_seed,RF00380,FIRM,0.7058823529411765,0.6486486486486487,34,24,37
ABQP01000004.1/146576-146420,Rfam_seed,RF00380,SOFT,0.6666666666666666,0.21621621621621623,12,8,37
ABQP01000004.1/146576-146420,Rfam_seed,RF00380,FLOPPY,0.0,0.0,1,0,37
AALD02000002.1/89872-89689,Rfam_seed,RF00174,FIRM,0.42857142857142855,0.15,14,6,40
AALD02000002.1/89872-89689,Rfam_seed,RF00174,SOFT,0.9285714285714286,0.325,14,13,40
AALD02000002.1/89872-89689,Rfam_seed,RF00174,FLOPPY,0.07692307692307693,0.05,26,2,40
AP006716.1/2548377-2548277,Rfam_seed,RF01854,FIRM,0.8888888888888888,0.48484848484848486,18,16,33
AP006716.1/2548377-2548277,Rfam_seed,RF01854,SOFT,0.875,0.21212121212121213,8,7,33
AP006716.1/2548377-2548277,Rfam_seed,RF01854,FLOPPY,1.0,0.21212121212121213,7,7,33
AABU01002774.1/16804311-16804417,Rfam_seed,RF00026,FIRM,0.21052631578947367,0.8,19,4,5
AABU01002774.1/16804311-16804417,Rfam_seed,RF00026,SOFT,0.0,0.0,6,0,5
AABU01002774.1/16804311-16804417,Rfam_seed,RF00026,FLOPPY,0.2,0.2,5,1,5
AACT01003467.1/10053-10247,Rfam_seed,RF00004,FIRM,0.7209302325581395,0.7209302325581395,43,31,43
AACT01003467.1/10053-10247,Rfam_seed,RF00004,SOFT,0.16666666666666666,0.06976744186046512,18,3,43
AACT01003467.1/10053-10247,Rfam_seed,RF00004,FLOPPY,0.0,0.0,1,0,43
K03128.1/241-77,Rfam_seed,RF00003,FIRM,0.8421052631578947,0.35555555555555557,19,16,45
K03128.1/241-77,Rfam_seed,RF00003,SOFT,0.0,0.0,32,0,45
K03128.1/241-77,Rfam_seed,RF00003,FLOPPY,0.3333333333333333,0.022222222222222223,3,1,45
AF034619.1/5584-5700,Rfam_seed,RF00001,FIRM,0.4482758620689655,0.4482758620689655,29,13,29
AF034619.1/5584-5700,Rfam_seed,RF00001,SOFT,0.5,0.06896551724137931,4,2,29
AF034619.1/5584-5700,Rfam_seed,RF00001,FLOPPY,0.0,0.0,4,0,29
AL766849.1/65640-65772,Rfam_seed,RF00504,FIRM,0.4583333333333333,0.5238095238095238,24,11,21
AL766849.1/65640-65772,Rfam_seed,RF00504,SOFT,0.21428571428571427,0.14285714285714285,14,3,21
AL766849.1/65640-65772,Rfam_seed,RF00504,FLOPPY,0.0,0.0,1,0,21
AAJM01000138.1/1999-1823,Rfam_seed,RF00380,FIRM,0.7297297297297297,0.627906976744186,37,27,43
AAJM01000138.1/1999-1823,Rfam_seed,RF00380,SOFT,0.5789473684210527,0.2558139534883721,19,11,43
AAJM01000138.1/1999-1823,Rfam_seed,RF00380,FLOPPY,,0.0,0,0,43
AAAP01003421.1/1751-1552,Rfam_seed,RF00174,FIRM,0.46153846153846156,0.32432432432432434,26,12,37
AAAP01003421.1/1751-1552,Rfam_seed,RF00174,SOFT,0.034482758620689655,0.02702702702702703,29,1,37
AAAP01003421.1/1751-1552,Rfam_seed,RF00174,FLOPPY,0.21428571428571427,0.08108108108108109,14,3,37
AAOX01000002.1/340881-340984,Rfam_seed,RF00162,FIRM,0.9259259259259259,0.8620689655172413,27,25,29
AAOX01000002.1/340881-340984,Rfam_seed,RF00162,SOFT,0.2222222222222222,0.06896551724137931,9,2,29
AAOX01000002.1/340881-340984,Rfam_seed,RF00162,FLOPPY,0.0,0.0,1,0,29
AL939108.1/255539-255444,Rfam_seed,RF00504,FIRM,0.7857142857142857,0.55,14,11,20
AL939108.1/255539-255444,Rfam_seed,RF00504,SOFT,0.0,0.0,11,0,20
AL939108.1/255539-255444,Rfam_seed,RF00504,FLOPPY,0.0,0.0,3,0,20
AAMD01000003.1/111144-110936,Rfam_seed,RF00174,FIRM,0.4230769230769231,0.28205128205128205,26,11,39
AAMD01000003.1/111144-110936,Rfam_seed,RF00174,SOFT,0.18518518518518517,0.1282051282051282,27,5,39
AAMD01000003.1/111144-110936,Rfam_seed,RF00174,FLOPPY,0.0,0.0,10,0,39
AASE01000018.1/36798-36683,Rfam_seed,RF00162,FIRM,0.92,0.71875,25,23,32
AASE01000018.1/36798-36683,Rfam_seed,RF00162,SOFT,0.5,0.0625,4,2,32
AASE01000018.1/36798-36683,Rfam_seed,RF00162,FLOPPY,0.2857142857142857,0.0625,7,2,32
AACU03000093.1/631552-631747,Rfam_seed,RF00004,FIRM,0.9459459459459459,0.875,37,35,40
AACU03000093.1/631552-631747,Rfam_seed,RF00004,SOFT,0.3333333333333333,0.075,9,3,40
AACU03000093.1/631552-631747,Rfam_seed,RF00004,FLOPPY,0.25,0.025,4,1,40
AB035922.1/6128-6200,Rfam_seed,RF00005,FIRM,1.0,0.47619047619047616,10,10,21
AB035922.1/6128-6200,Rfam_seed,RF00005,SOFT,1.0,0.3333333333333333,7,7,21
AB035922.1/6128-6200,Rfam_seed,RF00005,FLOPPY,1.0,0.19047619047619047,4,4,21
AADA01294667.1/15052-14753,Rfam_seed,RF00017,FIRM,0.0,0.0,7,0,100
AADA01294667.1/15052-14753,Rfam_seed,RF00017,SOFT,0.0,0.0,93,0,100
AADA01294667.1/15052-14753,Rfam_seed,RF00017,FLOPPY,0.0,0.0,4,0,100
DQ092354.1/1778-1949,Rfam_seed,RF00003,FIRM,0.0,0.0,10,0,39
DQ092354.1/1778-1949,Rfam_seed,RF00003,SOFT,0.0,0.0,11,0,39
DQ092354.1/1778-1949,Rfam_seed,RF00003,FLOPPY,0.0,0.0,34,0,39
ABOU02000050.1/75054-74870,Rfam_seed,RF00380,FIRM,0.47058823529411764,0.45714285714285713,34,16,35
ABOU02000050.1/75054-74870,Rfam_seed,RF00380,SOFT,0.3333333333333333,0.11428571428571428,12,4,35
ABOU02000050.1/75054-74870,Rfam_seed,RF00380,FLOPPY,0.25,0.05714285714285714,8,2,35
AAXV01000018.1/6190-6091,Rfam_seed,RF00167,FIRM,1.0,0.7058823529411765,12,12,17
AAXV01000018.1/6190-6091,Rfam_seed,RF00167,SOFT,0.0,0.0,5,0,17
AAXV01000018.1/6190-6091,Rfam_seed,RF00167,FLOPPY,0.0,0.0,5,0,17
AACY022163104.1/800-460,Rfam_seed,RF00023,FIRM,0.4146341463414634,0.2463768115942029,41,17,69
AACY022163104.1/800-460,Rfam_seed,RF00023,SOFT,0.43478260869565216,0.14492753623188406,23,10,69
AACY022163104.1/800-460,Rfam_seed,RF00023,FLOPPY,0.0,0.0,38,0,69
AAMR01000029.1/5147-5324,Rfam_seed,RF00168,FIRM,0.5217391304347826,0.5,46,24,48
AAMR01000029.1/5147-5324,Rfam_seed,RF00168,SOFT,0.16666666666666666,0.020833333333333332,6,1,48
AAMR01000029.1/5147-5324,Rfam_seed,RF00168,FLOPPY,0.0,0.0,7,0,48
AAXV01000059.1/1758-1594,Rfam_seed,RF00380,FIRM,0.9714285714285714,0.7555555555555555,35,34,45
AAXV01000059.1/1758-1594,Rfam_seed,RF00380,SOFT,0.45454545454545453,0.1111111111111111,11,5,45
AAXV01000059.1/1758-1594,Rfam_seed,RF00380,FLOPPY,0.0,0.0,1,0,45
AARF01000324.1/6363-6261,Rfam_seed,RF00059,FIRM,0.8947368421052632,0.6296296296296297,19,17,27
AARF01000324.1/6363-6261,Rfam_seed,RF00059,SOFT,0.4,0.14814814814814814,10,4,27
AARF01000324.1/6363-6261,Rfam_seed,RF00059,FLOPPY,0.0,0.0,2,0,27
AADM01000279.1/397-288,Rfam_seed,RF00026,FIRM,0.0,0.0,10,0,4
AADM01000279.1/397-288,Rfam_seed,RF00026,SOFT,0.0,0.0,12,0,4
AADM01000279.1/397-288,Rfam_seed,RF00026,FLOPPY,0.0,0.0,13,0,4
AAAB01008933.1/1598961-1598821,Rfam_seed,RF00015,FIRM,0.6666666666666666,0.3076923076923077,12,8,26
AAAB01008933.1/1598961-1598821,Rfam_seed,RF00015,SOFT,0.5,0.46153846153846156,24,12,26
AAAB01008933.1/1598961-1598821,Rfam_seed,RF00015,FLOPPY,0.0,0.0,6,0,26
AACF01000175.1/12372-12544,Rfam_seed,RF00004,FIRM,0.9,0.2727272727272727,10,9,33
AACF01000175.1/12372-12544,Rfam_seed,RF00004,SOFT,0.2413793103448276,0.21212121212121213,29,7,33
AACF01000175.1/12372-12544,Rfam_seed,RF00004,FLOPPY,0.0,0.0,14,0,33
AADS01000210.1/17114-17228,Rfam_seed,RF00026,FIRM,0.0,0.0,14,0,5
AADS01000210.1/17114-17228,Rfam_seed,RF00026,SOFT,0.0,0.0,11,0,5
AADS01000210.1/17114-17228,Rfam_seed,RF00026,FLOPPY,0.0,0.0,1,0,5
ABCF01000004.1/41916-42024,Rfam_seed,RF00059,FIRM,0.8,0.48,15,12,25
ABCF01000004.1/41916-42024,Rfam_seed,RF00059,SOFT,0.75,0.24,8,6,25
ABCF01000004.1/41916-42024,Rfam_seed,RF00059,FLOPPY,0.0,0.0,7,0,25
AAOX01000005.1/171326-171162,Rfam_seed,RF00162,FIRM,0.4,0.4666666666666667,35,14,30
AAOX01000005.1/171326-171162,Rfam_seed,RF00162,SOFT,0.75,0.4,16,12,30
AAOX01000005.1/171326-171162,Rfam_seed,RF00162,FLOPPY,1.0,0.03333333333333333,1,1,30
AE016822.1/1714518-1714420,Rfam_seed,RF00504,FIRM,0.6666666666666666,0.45454545454545453,15,10,22
AE016822.1/1714518-1714420,Rfam_seed,RF00504,SOFT,0.0,0.0,15,0,22
AE016822.1/1714518-1714420,Rfam_seed,RF00504,FLOPPY,0.0,0.0,5,0,22
AADK01043685.1/1410-1272,Rfam_seed,RF00015,FIRM,0.46875,0.6,32,15,25
AADK01043685.1/1410-1272,Rfam_seed,RF00015,SOFT,0.0,0.0,8,0,25
AADK01043685.1/1410-1272,Rfam_seed,RF00015,FLOPPY,0.5,0.08,4,2,25
AAXV01000001.1/277776-277678,Rfam_seed,RF00167,FIRM,0.9523809523809523,1.0,21,20,20
AAXV01000001.1/277776-277678,Rfam_seed,RF00167,SOFT,0.0,0.0,2,0,20
AAXV01000001.1/277776-277678,Rfam_seed,RF00167,FLOPPY,,0.0,0,0,20
AP006627.1/47077-47179,Rfam_seed,RF01854,FIRM,0.84,0.6774193548387096,25,21,31
AP006627.1/47077-47179,Rfam_seed,RF01854,SOFT,0.5,0.12903225806451613,8,4,31
AP006627.1/47077-47179,Rfam_seed,RF01854,FLOPPY,1.0,0.03225806451612903,1,1,31
AY222070.1/1-157,Rfam_seed,RF00003,FIRM,0.8888888888888888,0.2222222222222222,9,8,36
AY222070.1/1-157,Rfam_seed,RF00003,SOFT,0.09090909090909091,0.027777777777777776,11,1,36
AY222070.1/1-157,Rfam_seed,RF00003,FLOPPY,0.3333333333333333,0.25,27,9,36
AAAL02000007.1/78420-78066,Rfam_seed,RF00023,FIRM,0.3064516129032258,0.2676056338028169,62,19,71
AAAL02000007.1/78420-78066,Rfam_seed,RF00023,SOFT,0.0,0.0,35,0,71
AAAL02000007.1/78420-78066,Rfam_seed,RF00023,FLOPPY,0.0,0.0,15,0,71
AJ301559.2/6878-7012,Rfam_seed,RF00504,FIRM,0.3888888888888889,0.7368421052631579,36,14,19
AJ301559.2/6878-7012,Rfam_seed,RF00504,SOFT,0.2,0.05263157894736842,5,1,19
AJ301559.2/6878-7012,Rfam_seed,RF00504,FLOPPY,0.0,0.0,1,0,19
AAEU02004214.1/433-498,Rfam_seed,RF00005,FIRM,0.8333333333333334,0.25,6,5,20
AAEU02004214.1/433-498,Rfam_seed,RF00005,SOFT,0.6666666666666666,0.2,6,4,20
AAEU02004214.1/433-498,Rfam_seed,RF00005,FLOPPY,0.0,0.0,10,0,20
AAOX01000038.1/20734-20635,Rfam_seed,RF00162,FIRM,0.2857142857142857,0.23076923076923078,21,6,26
AAOX01000038.1/20734-20635,Rfam_seed,RF00162,SOFT,0.0,0.0,5,0,26
AAOX01000038.1/20734-20635,Rfam_seed,RF00162,FLOPPY,0.0,0.0,2,0,26
AACY020193176.1/1612-1511,Rfam_seed,RF00167,FIRM,1.0,0.75,15,15,20
AACY020193176.1/1612-1511,Rfam_seed,RF00167,SOFT,1.0,0.2,4,4,20
AACY020193176.1/1612-1511,Rfam_seed,RF00167,FLOPPY,,0.0,0,0,20
AACK01000018.1/26603-26989,Rfam_seed,RF00010,FIRM,0.8472222222222222,0.6161616161616161,72,61,99
AACK01000018.1/26603-26989,Rfam_seed,RF00010,SOFT,0.38461538461538464,0.10101010101010101,26,10,99
AACK01000018.1/26603-26989,Rfam_seed,RF00010,FLOPPY,0.3076923076923077,0.08080808080808081,26,8,99
AF306669.1/1019-1194,Rfam_seed,RF00168,FIRM,0.9230769230769231,0.25,13,12,48
AF306669.1/1019-1194,Rfam_seed,RF00168,SOFT,0.5,0.020833333333333332,2,1,48
AF306669.1/1019-1194,Rfam_seed,RF00168,FLOPPY,0.027777777777777776,0.020833333333333332,36,1,48
AL935263.2/928916-929097,Rfam_seed,RF00168,FIRM,0.37142857142857144,0.3023255813953488,35,13,43
AL935263.2/928916-929097,Rfam_seed,RF00168,SOFT,0.11764705882352941,0.046511627906976744,17,2,43
AL935263.2/928916-929097,Rfam_seed,RF00168,FLOPPY,0.0,0.0,1,0,43
AL766849.1/65560-65639,Rfam_seed,RF00504,FIRM,0.8666666666666667,0.7222222222222222,15,13,18
AL766849.1/65560-65639,Rfam_seed,RF00504,SOFT,0.125,0.05555555555555555,8,1,18
AL766849.1/65560-65639,Rfam_seed,RF00504,FLOPPY,,0.0,0,0,18
AE017355.1/2242962-2242862,Rfam_seed,RF00504,FIRM,0.3333333333333333,0.4444444444444444,24,8,18
AE017355.1/2242962-2242862,Rfam_seed,RF00504,SOFT,0.2,0.05555555555555555,5,1,18
AE017355.1/2242962-2242862,Rfam_seed,RF00504,FLOPPY,1.0,0.1111111111111111,2,2,18
AE008691.1/1524796-1524694,Rfam_seed,RF00059,FIRM,0.375,0.12,8,3,25
AE008691.1/1524796-1524694,Rfam_seed,RF00059,SOFT,0.125,0.04,8,1,25
AE008691.1/1524796-1524694,Rfam_seed,RF00059,FLOPPY,0.0,0.0,14,0,25
AAMD01000003.1/140975-140766,Rfam_seed,RF00174,FIRM,0.0,0.0,51,0,39
AAMD01000003.1/140975-140766,Rfam_seed,RF00174,SOFT,0.0,0.0,14,0,39
AAMD01000003.1/140975-140766,Rfam_seed,RF00174,FLOPPY,0.0,0.0,8,0,39
AADC01117175.1/34409-34130,Rfam_seed,RF00017,FIRM,0.21153846153846154,0.12790697674418605,52,11,86
AADC01117175.1/34409-34130,Rfam_seed,RF00017,SOFT,0.125,0.046511627906976744,32,4,86
AADC01117175.1/34409-34130,Rfam_seed,RF00017,FLOPPY,0.2,0.023255813953488372,10,2,86
AABS01001062.1/345-536,Rfam_seed,RF00004,FIRM,1.0,0.5,22,22,44
AABS01001062.1/345-536,Rfam_seed,RF00004,SOFT,0.5,0.25,22,11,44
AABS01001062.1/345-536,Rfam_seed,RF00004,FLOPPY,0.10526315789473684,0.045454545454545456,19,2,44
AAOX01000002.1/320243-320340,Rfam_seed,RF00162,FIRM,0.9629629629629629,0.896551724137931,27,26,29
AAOX01000002.1/320243-320340,Rfam_seed,RF00162,SOFT,1.0,0.034482758620689655,1,1,29
AAOX01000002.1/320243-320340,Rfam_seed,RF00162,FLOPPY,,0.0,0,0,29
AACD01000084.1/492354-492546,Rfam_seed,RF00004,FIRM,0.9142857142857143,0.7619047619047619,35,32,42
AACD01000084.1/492354-492546,Rfam_seed,RF00004,SOFT,0.2857142857142857,0.09523809523809523,14,4,42
AACD01000084.1/492354-492546,Rfam_seed,RF00004,FLOPPY,0.0,0.0,10,0,42
AACF01000007.1/86925-87036,Rfam_seed,RF00026,FIRM,0.18181818181818182,1.0,22,4,4
AACF01000007.1/86925-87036,Rfam_seed,RF00026,SOFT,0.0,0.0,14,0,4
AACF01000007.1/86925-87036,Rfam_seed,RF00026,FLOPPY,0.0,0.0,1,0,4
AACS02000012.1/1565410-1565598,Rfam_seed,RF00004,FIRM,0.7575757575757576,0.6097560975609756,33,25,41
AACS02000012.1/1565410-1565598,Rfam_seed,RF00004,SOFT,0.375,0.14634146341463414,16,6,41
AACS02000012.1/1565410-1565598,Rfam_seed,RF00004,FLOPPY,0.6666666666666666,0.04878048780487805,3,2,41
AABY01000279.1/8828-8716,Rfam_seed,RF00026,FIRM,0.2631578947368421,1.0,19,5,5
AABY01000279.1/8828-8716,Rfam_seed,RF00026,SOFT,0.0,0.0,13,0,5
AABY01000279.1/8828-8716,Rfam_seed,RF00026,FLOPPY,0.0,0.0,6,0,5
AAAB01008933.1/737524-737331,Rfam_seed,RF00004,FIRM,0.6140350877192983,0.813953488372093,57,35,43
AAAB01008933.1/737524-737331,Rfam_seed,RF00004,SOFT,0.09090909090909091,0.023255813953488372,11,1,43
AAAB01008933.1/737524-737331,Rfam_seed,RF00004,FLOPPY,,0.0,0,0,43
AANE01000012.1/49153-49054,Rfam_seed,RF00167,FIRM,0.8,0.47058823529411764,10,8,17
AANE01000012.1/49153-49054,Rfam_seed,RF00167,SOFT,0.16666666666666666,0.11764705882352941,12,2,17
AANE01000012.1/49153-49054,Rfam_seed,RF00167,FLOPPY,0.0,0.0,4,0,17
AL596166.1/112469-112272,Rfam_seed,RF00168,FIRM,0.7272727272727273,0.34782608695652173,22,16,46
AL596166.1/112469-112272,Rfam_seed,RF00168,SOFT,0.7222222222222222,0.2826086956521739,18,13,46
AL596166.1/112469-112272,Rfam_seed,RF00168,FLOPPY,0.42105263157894735,0.17391304347826086,19,8,46
AL939123.1/278050-277936,Rfam_seed,RF00504,FIRM,0.3870967741935484,0.631578947368421,31,12,19
AL939123.1/278050-277936,Rfam_seed,RF00504,SOFT,0.0,0.0,4,0,19
AL939123.1/278050-277936,Rfam_seed,RF00504,FLOPPY,,0.0,0,0,19
AACQ01000098.1/66592-66693,Rfam_seed,RF00026,FIRM,0.0,0.0,8,0,4
AACQ01000098.1/66592-66693,Rfam_seed,RF00026,SOFT,0.0,0.0,13,0,4
AACQ01000098.1/66592-66693,Rfam_seed,RF00026,FLOPPY,0.0,0.0,8,0,4
AACW02000210.1/206231-206366,Rfam_seed,RF00015,FIRM,1.0,0.5769230769230769,15,15,26
AACW02000210.1/206231-206366,Rfam_seed,RF00015,SOFT,0.14285714285714285,0.07692307692307693,14,2,26
AACW02000210.1/206231-206366,Rfam_seed,RF00015,FLOPPY,0.5,0.19230769230769232,10,5,26
AF269831.1/1333-1433,Rfam_seed,RF01854,FIRM,0.8888888888888888,0.48484848484848486,18,16,33
AF269831.1/1333-1433,Rfam_seed,RF01854,SOFT,0.875,0.21212121212121213,8,7,33
AF269831.1/1333-1433,Rfam_seed,RF01854,FLOPPY,1.0,0.21212121212121213,7,7,33
AARF01000133.1/10017-10118,Rfam_seed,RF00167,FIRM,1.0,0.2631578947368421,5,5,19
AARF01000133.1/10017-10118,Rfam_seed,RF00167,SOFT,1.0,0.05263157894736842,1,1,19
AARF01000133.1/10017-10118,Rfam_seed,RF00167,FLOPPY,0.0,0.0,17,0,19
AABX02000002.1/241678-241484,Rfam_seed,RF00004,FIRM,1.0,0.4418604651162791,19,19,43
AABX02000002.1/241678-241484,Rfam_seed,RF00004,SOFT,0.5769230769230769,0.3488372093023256,26,15,43
AABX02000002.1/241678-241484,Rfam_seed,RF00004,FLOPPY,0.0,0.0,8,0,43
AACA01000433.1/2210-2322,Rfam_seed,RF00026,FIRM,0.2631578947368421,1.0,19,5,5
AACA01000433.1/2210-2322,Rfam_seed,RF00026,SOFT,0.0,0.0,13,0,5
AACA01000433.1/2210-2322,Rfam_seed,RF00026,FLOPPY,0.0,0.0,6,0,5
AAFV01000199.1/507-412,Rfam_seed,RF00167,FIRM,0.8333333333333334,0.7894736842105263,18,15,19
AAFV01000199.1/507-412,Rfam_seed,RF00167,SOFT,0.5714285714285714,0.21052631578947367,7,4,19
AAFV01000199.1/507-412,Rfam_seed,RF00167,FLOPPY,,0.0,0,0,19
AL939123.1/278145-278052,Rfam_seed,RF00504,FIRM,0.6818181818181818,0.7142857142857143,22,15,21
AL939123.1/278145-278052,Rfam_seed,RF00504,SOFT,0.0,0.0,3,0,21
AL939123.1/278145-278052,Rfam_seed,RF00504,FLOPPY,0.5,0.09523809523809523,4,2,21
AABY01000227.1/3654-3483,Rfam_seed,RF00004,FIRM,0.7142857142857143,0.4411764705882353,21,15,34
AABY01000227.1/3654-3483,Rfam_seed,RF00004,SOFT,0.6666666666666666,0.17647058823529413,9,6,34
AABY01000227.1/3654-3483,Rfam_seed,RF00004,FLOPPY,0.0,0.0,20,0,34
L22246.1/5535-5699,Rfam_seed,RF00003,FIRM,0.5833333333333334,0.17073170731707318,12,7,41
L22246.1/5535-5699,Rfam_seed,RF00003,SOFT,0.5882352941176471,0.24390243902439024,17,10,41
L22246.1/5535-5699,Rfam_seed,RF00003,FLOPPY,0.04,0.024390243902439025,25,1,41
AE016827.1/1325416-1325239,Rfam_seed,RF00168,FIRM,0.9487179487179487,0.8222222222222222,39,37,45
AE016827.1/1325416-1325239,Rfam_seed,RF00168,SOFT,0.5833333333333334,0.15555555555555556,12,7,45
AE016827.1/1325416-1325239,Rfam_seed,RF00168,FLOPPY,0.0,0.0,3,0,45
AAEW02000025.1/17075-16894,Rfam_seed,RF00174,FIRM,0.6153846153846154,0.4,26,16,40
AAEW02000025.1/17075-16894,Rfam_seed,RF00174,SOFT,0.35,0.175,20,7,40
AAEW02000025.1/17075-16894,Rfam_seed,RF00174,FLOPPY,0.6,0.15,10,6,40
AAXV01000001.1/285704-285603,Rfam_seed,RF00167,FIRM,1.0,0.5789473684210527,11,11,19
AAXV01000001.1/285704-285603,Rfam_seed,RF00167,SOFT,0.0,0.0,17,0,19
AAXV01000001.1/285704-285603,Rfam_seed,RF00167,FLOPPY,,0.0,0,0,19
AACO02000044.1/38107-37922,Rfam_seed,RF00004,FIRM,0.8235294117647058,0.6829268292682927,34,28,41
AACO02000044.1/38107-37922,Rfam_seed,RF00004,SOFT,0.42105263157894735,0.1951219512195122,19,8,41
AACO02000044.1/38107-37922,Rfam_seed,RF00004,FLOPPY,0.5,0.04878048780487805,4,2,41
AASA01000089.1/10476-10358,Rfam_seed,RF00050,FIRM,0.6818181818181818,0.6521739130434783,22,15,23
AASA01000089.1/10476-10358,Rfam_seed,RF00050,SOFT,0.4,0.08695652173913043,5,2,23
AASA01000089.1/10476-10358,Rfam_seed,RF00050,FLOPPY,0.0,0.0,2,0,23
AACY022720378.1/378-32,Rfam_seed,RF00023,FIRM,0.782608695652174,0.2727272727272727,23,18,66
AACY022720378.1/378-32,Rfam_seed,RF00023,SOFT,0.391304347826087,0.2727272727272727,46,18,66
AACY022720378.1/378-32,Rfam_seed,RF00023,FLOPPY,0.0,0.0,33,0,66
AAEK01000033.1/47712-47817,Rfam_seed,RF00059,FIRM,0.8421052631578947,0.5925925925925926,19,16,27
AAEK01000033.1/47712-47817,Rfam_seed,RF00059,SOFT,0.6,0.2222222222222222,10,6,27
AAEK01000033.1/47712-47817,Rfam_seed,RF00059,FLOPPY,1.0,0.037037037037037035,1,1,27
AAMS01000003.1/69108-69502,Rfam_seed,RF00010,FIRM,0.5,0.49473684210526314,94,47,95
AAMS01000003.1/69108-69502,Rfam_seed,RF00010,SOFT,0.09523809523809523,0.021052631578947368,21,2,95
AAMS01000003.1/69108-69502,Rfam_seed,RF00010,FLOPPY,0.0,0.0,5,0,95
AALY01000002.1/281935-282137,Rfam_seed,RF00174,FIRM,0.3333333333333333,0.175,21,7,40
AALY01000002.1/281935-282137,Rfam_seed,RF00174,SOFT,0.2857142857142857,0.2,28,8,40
AALY01000002.1/281935-282137,Rfam_seed,RF00174,FLOPPY,0.0,0.0,9,0,40
AAWP01000010.1/3949-3809,Rfam_seed,RF00050,FIRM,0.5384615384615384,0.5384615384615384,26,14,26
AAWP01000010.1/3949-3809,Rfam_seed,RF00050,SOFT,0.1,0.038461538461538464,10,1,26
AAWP01000010.1/3949-3809,Rfam_seed,RF00050,FLOPPY,0.6666666666666666,0.15384615384615385,6,4,26
AE017262.2/2736493-2736285,Rfam_seed,RF01854,FIRM,0.8444444444444444,0.59375,45,38,64
AE017262.2/2736493-2736285,Rfam_seed,RF01854,SOFT,0.5555555555555556,0.15625,18,10,64
AE017262.2/2736493-2736285,Rfam_seed,RF01854,FLOPPY,0.75,0.140625,12,9,64
AF096716.1/373-495,Rfam_seed,RF00001,FIRM,0.5172413793103449,0.5555555555555556,29,15,27
AF096716.1/373-495,Rfam_seed,RF00001,SOFT,0.375,0.1111111111111111,8,3,27
AF096716.1/373-495,Rfam_seed,RF00001,FLOPPY,0.0,0.0,2,0,27
L22246.1/4551-4714,Rfam_seed,RF00003,FIRM,0.5714285714285714,0.3902439024390244,28,16,41
L22246.1/4551-4714,Rfam_seed,RF00003,SOFT,0.7368421052631579,0.34146341463414637,19,14,41
L22246.1/4551-4714,Rfam_seed,RF00003,FLOPPY,1.0,0.07317073170731707,3,3,41
AAOX01000006.1/96737-96624,Rfam_seed,RF00162,FIRM,0.8181818181818182,0.8181818181818182,33,27,33
AAOX01000006.1/96737-96624,Rfam_seed,RF00162,SOFT,0.5,0.06060606060606061,4,2,33
AAOX01000006.1/96737-96624,Rfam_seed,RF00162,FLOPPY,1.0,0.030303030303030304,1,1,33
AACY020405974.1/944-1135,Rfam_seed,RF00004,FIRM,0.5689655172413793,0.75,58,33,44
AACY020405974.1/944-1135,Rfam_seed,RF00004,SOFT,0.3333333333333333,0.022727272727272728,3,1,44
AACY020405974.1/944-1135,Rfam_seed,RF00004,FLOPPY,1.0,0.022727272727272728,1,1,44
AACY020409485.1/2045-2389,Rfam_seed,RF00023,FIRM,0.41818181818181815,0.3484848484848485,55,23,66
AACY020409485.1/2045-2389,Rfam_seed,RF00023,SOFT,0.047619047619047616,0.030303030303030304,42,2,66
AACY020409485.1/2045-2389,Rfam_seed,RF00023,FLOPPY,0.1111111111111111,0.015151515151515152,9,1,66
AAQF01000433.1/856-1224,Rfam_seed,RF00010,FIRM,0.803030303030303,0.5520833333333334,66,53,96
AAQF01000433.1/856-1224,Rfam_seed,RF00010,SOFT,0.25925925925925924,0.07291666666666667,27,7,96
AAQF01000433.1/856-1224,Rfam_seed,RF00010,FLOPPY,0.0,0.0,19,0,96
AACY020396050.1/454-188,Rfam_seed,RF00023,FIRM,0.0,0.0,23,0,33
AACY020396050.1/454-188,Rfam_seed,RF00023,SOFT,0.0,0.0,53,0,33
AACY020396050.1/454-188,Rfam_seed,RF00023,FLOPPY,0.0,0.0,6,0,33
AAOT01000013.1/60145-60517,Rfam_seed,RF00010,FIRM,0.5393258426966292,0.5106382978723404,89,48,94
AAOT01000013.1/60145-60517,Rfam_seed,RF00010,SOFT,0.08695652173913043,0.02127659574468085,23,2,94
AAOT01000013.1/60145-60517,Rfam_seed,RF00010,FLOPPY,0.2,0.02127659574468085,10,2,94
AAEW02000009.1/28314-28685,Rfam_seed,RF00010,FIRM,0.7272727272727273,0.5894736842105263,77,56,95
AAEW02000009.1/28314-28685,Rfam_seed,RF00010,SOFT,0.5135135135135135,0.2,37,19,95
AAEW02000009.1/28314-28685,Rfam_seed,RF00010,FLOPPY,0.2857142857142857,0.021052631578947368,7,2,95
AM263198.1/783761-783564,Rfam_seed,RF00168,FIRM,0.75,0.3829787234042553,24,18,47
AM263198.1/783761-783564,Rfam_seed,RF00168,SOFT,0.631578947368421,0.2553191489361702,19,12,47
AM263198.1/783761-783564,Rfam_seed,RF00168,FLOPPY,0.26666666666666666,0.0851063829787234,15,4,47
BX572605.1/160670-160756,Rfam_seed,RF00504,FIRM,0.8571428571428571,0.8181818181818182,21,18,22
BX572605.1/160670-160756,Rfam_seed,RF00504,SOFT,0.5,0.09090909090909091,4,2,22
BX572605.1/160670-160756,Rfam_seed,RF00504,FLOPPY,,0.0,0,0,22
AB042432.1/6942-7011,Rfam_seed,RF00005,FIRM,0.9,0.8571428571428571,20,18,21
AB042432.1/6942-7011,Rfam_seed,RF00005,SOFT,0.5,0.09523809523809523,4,2,21
AB042432.1/6942-7011,Rfam_seed,RF00005,FLOPPY,,0.0,0,0,21
AJ243001.2/347-509,Rfam_seed,RF00003,FIRM,0.5151515151515151,0.4358974358974359,33,17,39
AJ243001.2/347-509,Rfam_seed,RF00003,SOFT,0.375,0.15384615384615385,16,6,39
AJ243001.2/347-509,Rfam_seed,RF00003,FLOPPY,,0.0,0,0,39
AAXB02000021.1/33038-32924,Rfam_seed,RF00050,FIRM,0.7894736842105263,0.6521739130434783,19,15,23
AAXB02000021.1/33038-32924,Rfam_seed,RF00050,SOFT,0.375,0.13043478260869565,8,3,23
AAXB02000021.1/33038-32924,Rfam_seed,RF00050,FLOPPY,0.0,0.0,2,0,23
AF051554.1/130-236,Rfam_seed,RF00001,FIRM,,0.0,0,0,30
AF051554.1/130-236,Rfam_seed,RF00001,SOFT,0.5454545454545454,0.2,11,6,30
AF051554.1/130-236,Rfam_seed,RF00001,FLOPPY,0.42857142857142855,0.3,21,9,30
AAOJ01000002.1/922614-922474,Rfam_seed,RF00050,FIRM,0.5714285714285714,0.5925925925925926,28,16,27
AAOJ01000002.1/922614-922474,Rfam_seed,RF00050,SOFT,0.0,0.0,11,0,27
AAOJ01000002.1/922614-922474,Rfam_seed,RF00050,FLOPPY,0.6666666666666666,0.14814814814814814,6,4,27
AACI02000106.1/4087-4199,Rfam_seed,RF00026,FIRM,0.2631578947368421,1.0,19,5,5
AACI02000106.1/4087-4199,Rfam_seed,RF00026,SOFT,0.0,0.0,13,0,5
AACI02000106.1/4087-4199,Rfam_seed,RF00026,FLOPPY,0.0,0.0,6,0,5
AP008934.1/2359274-2359174,Rfam_seed,RF01854,FIRM,0.9047619047619048,0.5757575757575758,21,19,33
AP008934.1/2359274-2359174,Rfam_seed,RF01854,SOFT,0.8,0.12121212121212122,5,4,33
AP008934.1/2359274-2359174,Rfam_seed,RF01854,FLOPPY,1.0,0.21212121212121213,7,7,33
AADD01128634.1/1009-869,Rfam_seed,RF00015,FIRM,0.75,0.72,24,18,25
AADD01128634.1/1009-869,Rfam_seed,RF00015,SOFT,0.42857142857142855,0.12,7,3,25
AADD01128634.1/1009-869,Rfam_seed,RF00015,FLOPPY,0.5,0.08,4,2,25
AAJM01000461.1/236-129,Rfam_seed,RF00162,FIRM,0.875,0.6774193548387096,24,21,31
AAJM01000461.1/236-129,Rfam_seed,RF00162,SOFT,0.75,0.0967741935483871,4,3,31
AAJM01000461.1/236-129,Rfam_seed,RF00162,FLOPPY,1.0,0.16129032258064516,5,5,31
AJ312125.1/453-315,Rfam_seed,RF00504,FIRM,0.1,0.1111111111111111,20,2,18
AJ312125.1/453-315,Rfam_seed,RF00504,SOFT,0.9090909090909091,0.5555555555555556,11,10,18
AJ312125.1/453-315,Rfam_seed,RF00504,FLOPPY,0.75,0.16666666666666666,4,3,18
AARG01000014.1/795122-794788,Rfam_seed,RF00010,FIRM,0.9032258064516129,0.3076923076923077,31,28,91
AARG01000014.1/795122-794788,Rfam_seed,RF00010,SOFT,0.6296296296296297,0.18681318681318682,27,17,91
AARG01000014.1/795122-794788,Rfam_seed,RF00010,FLOPPY,0.4,0.15384615384615385,35,14,91
AAWP01000069.1/5541-5721,Rfam_seed,RF00168,FIRM,1.0,0.6326530612244898,31,31,49
AAWP01000069.1/5541-5721,Rfam_seed,RF00168,SOFT,0.18181818181818182,0.04081632653061224,11,2,49
AAWP01000069.1/5541-5721,Rfam_seed,RF00168,FLOPPY,0.07142857142857142,0.02040816326530612,14,1,49
AB003409.1/96-167,Rfam_seed,RF00005,FIRM,0.5,0.5714285714285714,24,12,21
AB003409.1/96-167,Rfam_seed,RF00005,SOFT,0.0,0.0,1,0,21
AB003409.1/96-167,Rfam_seed,RF00005,FLOPPY,0.0,0.0,1,0,21
AACN010616031.1/232-530,Rfam_seed,RF00017,FIRM,1.0,0.42574257425742573,43,43,101
AACN010616031.1/232-530,Rfam_seed,RF00017,SOFT,0.38181818181818183,0.2079207920792079,55,21,101
AACN010616031.1/232-530,Rfam_seed,RF00017,FLOPPY,0.3333333333333333,0.019801980198019802,6,2,101
AACU03000132.1/2986497-2986398,Rfam_seed,RF00026,FIRM,,0.0,0,0,3
AACU03000132.1/2986497-2986398,Rfam_seed,RF00026,SOFT,0.0,0.0,12,0,3
AACU03000132.1/2986497-2986398,Rfam_seed,RF00026,FLOPPY,0.0,0.0,12,0,3
AAOE01000014.1/15829-15485,Rfam_seed,RF00010,FIRM,0.8947368421052632,0.5204081632653061,57,51,98
AAOE01000014.1/15829-15485,Rfam_seed,RF00010,SOFT,0.2857142857142857,0.08163265306122448,28,8,98
AAOE01000014.1/15829-15485,Rfam_seed,RF00010,FLOPPY,0.2692307692307692,0.07142857142857142,26,7,98
ABWG02000004.1/102839-102676,Rfam_seed,RF00380,FIRM,0.9166666666666666,0.5116279069767442,24,22,43
ABWG02000004.1/102839-102676,Rfam_seed,RF00380,SOFT,0.8947368421052632,0.3953488372093023,19,17,43
ABWG02000004.1/102839-102676,Rfam_seed,RF00380,FLOPPY,0.0,0.0,2,0,43
